OFF
3514 3546 0
16.898589 52.313597 -31.045965
-30.543935 -21.225801 -51.012176
17.187798 52.488700 -31.331217
-30.458472 -21.366518 -51.383174
-30.503334 -21.436058 -51.402055
5.560555 52.817966 -4.956530
-42.080950 -21.029867 -25.006482
26.772651 15.619153 49.832430
26.772651 15.619153 49.832430
26.772651 15.619153 49.832430
26.772651 15.619153 49.832430
26.772651 15.619153 49.832430
26.772651 15.619153 49.832430
-12.953440 -19.613181 -39.434853
-36.468423 -16.377499 5.868503
-35.901831 -17.642953 6.134314
-35.901831 -17.642953 6.134314
-36.468423 -16.377499 5.868503
-12.953440 -19.613181 -39.434853
-13.900094 -18.589647 -39.847674
-13.900094 -18.589647 -39.847674
-3.055996 50.020177 19.743721
9.001581 37.690199 25.214074
29.426264 25.092517 34.374679
5.736884 39.680366 23.750136
2.348305 41.401258 22.235047
1.421856 41.674285 21.823337
0.325543 41.647078 21.340611
-0.710611 41.279281 20.888740
-1.599630 40.601675 20.505656
-12.136552 28.556877 16.016456
-44.504157 -14.227517 2.300241
12.135329 35.461939 26.623351
-21.495710 15.413179 12.060244
-29.584037 1.301576 8.676358
-36.321369 -13.638326 5.898339
-36.613850 -14.989025 5.786701
-36.468423 -16.377499 5.868503
-35.901831 -17.642953 6.134314
-34.979873 -18.638466 6.553266
-18.525391 -31.266028 13.964845
-6.962464 -24.819645 18.977592
-12.021897 -39.155178 16.931199
-4.160717 -26.969772 20.239580
-7.082313 -24.773673 18.924196
-7.204232 -24.737154 18.870008
-7.327091 -24.709114 18.815514
-7.450899 -24.691387 18.760734
-7.575317 -24.684231 18.705819
-7.698086 -24.685702 18.651742
-7.819663 -24.697289 18.598319
-7.939598 -24.719337 18.545753
-8.056648 -24.750958 18.494580
-8.170478 -24.792413 18.444952
-8.279955 -24.842727 18.397355
-8.384745 -24.902159 18.351939
-13.757229 -30.954585 16.061886
-14.824108 -31.710993 15.601437
-16.071474 -32.030605 15.055884
-17.354905 -31.876306 14.488390
21.325895 23.008081 30.831982
8.702382 -7.031023 25.653022
21.610435 24.149578 30.942791
21.577921 25.337496 30.913302
21.231161 26.472152 30.746026
20.600926 27.460007 30.455714
17.949134 30.334157 29.250560
15.123426 33.006870 27.971344
14.489693 8.123261 28.009694
7.101569 -4.560430 24.916117
7.067382 -4.672204 24.902479
7.041733 -4.788690 24.892664
7.026555 -4.905852 24.887471
7.019923 -5.025892 24.886081
7.023426 -5.146349 24.889162
7.035596 -5.267936 24.896077
7.057797 -5.388021 24.907392
7.088672 -5.507403 24.922520
7.128569 -5.624507 24.941595
7.176925 -5.738902 24.964362
7.234085 -5.849013 24.990954
7.299488 -5.954409 25.021118
7.299488 -5.954409 25.021118
7.234085 -5.849013 24.990954
8.702382 -7.031023 25.653022
7.176925 -5.738902 24.964362
7.128569 -5.624507 24.941595
7.088672 -5.507403 24.922520
7.057797 -5.388021 24.907392
7.035596 -5.267936 24.896077
7.023426 -5.146349 24.889162
7.019923 -5.025892 24.886081
7.026555 -4.905852 24.887471
7.041733 -4.788690 24.892664
7.067382 -4.672204 24.902479
7.101569 -4.560430 24.916117
14.489693 8.123261 28.009694
21.325895 23.008081 30.831982
12.135329 35.461939 26.623351
29.426264 25.092517 34.374679
15.123426 33.006870 27.971344
17.949134 30.334157 29.250560
20.600926 27.460007 30.455714
21.231161 26.472152 30.746026
21.577921 25.337496 30.913302
21.610435 24.149578 30.942791
-44.504157 -14.227517 2.300241
-18.525391 -31.266028 13.964845
-12.021897 -39.155178 16.931199
-17.354905 -31.876306 14.488390
-16.071474 -32.030605 15.055884
-14.824108 -31.710993 15.601437
-13.757229 -30.954585 16.061886
-8.384745 -24.902159 18.351939
-8.279955 -24.842727 18.397355
-8.170478 -24.792413 18.444952
-8.056648 -24.750958 18.494580
-7.939598 -24.719337 18.545753
-7.819663 -24.697289 18.598319
-7.698086 -24.685702 18.651742
-7.575317 -24.684231 18.705819
-7.450899 -24.691387 18.760734
-7.327091 -24.709114 18.815514
-7.204232 -24.737154 18.870008
-7.082313 -24.773673 18.924196
-6.962464 -24.819645 18.977592
-4.160717 -26.969772 20.239580
-34.979873 -18.638466 6.553266
-35.901831 -17.642953 6.134314
-36.468423 -16.377499 5.868503
-36.613850 -14.989025 5.786701
-36.321369 -13.638326 5.898339
-29.584037 1.301576 8.676358
-21.495710 15.413179 12.060244
-12.136552 28.556877 16.016456
9.001581 37.690199 25.214074
-3.055996 50.020177 19.743721
-1.599630 40.601675 20.505656
-0.710611 41.279281 20.888740
0.325543 41.647078 21.340611
1.421856 41.674285 21.823337
2.348305 41.401258 22.235047
5.736884 39.680366 23.750136
-17.354905 -31.876306 14.488390
1.201643 -30.476130 -33.058990
1.201643 -30.476130 -33.058990
-17.354905 -31.876306 14.488390
26.850207 34.491781 -17.641282
32.139115 30.432946 -15.259003
29.563584 32.471046 -16.416255
24.077948 36.409173 -18.899603
34.649593 28.296241 -14.137826
21.250282 38.220552 -20.189639
37.091531 26.063600 -13.054278
20.086512 38.684371 -20.733410
37.897423 25.015852 -12.710855
18.866269 38.716990 -21.324373
38.364245 23.753778 -12.541916
17.719431 38.312878 -21.899550
38.440505 22.411031 -12.566174
16.769935 37.516420 -22.396850
38.118607 21.132940 -12.780785
7.569741 25.643277 -27.405305
31.535202 7.251610 -16.610561
-0.714483 12.963942 -32.005855
23.949731 -5.963965 -20.896372
-8.029962 -0.440685 -36.169349
15.410705 -18.429612 -25.610988
11.603149 -23.124144 -27.673775
-1.468301 -18.164470 -33.793055
-14.332375 -14.488745 -39.870342
-2.486751 -19.826327 -34.363397
-3.505995 -21.489416 -34.934073
5.970300 -30.069502 -30.725425
4.934457 -30.879215 -31.265233
-14.634224 -15.861743 -40.079538
-14.484052 -17.286383 -40.071676
3.692734 -31.235682 -31.884321
-13.900094 -18.589647 -39.847674
2.395917 -31.095594 -32.507475
-12.953440 -19.613181 -39.434853
1.201643 -30.476130 -33.058990
-0.825401 -18.985700 -33.518417
-0.627663 -20.032234 -33.470205
-0.927631 -21.022833 -33.661124
-1.646113 -21.694091 -34.040547
-2.589775 -21.864692 -34.506438
-3.505995 -21.489416 -34.934073
-2.589775 -21.864692 -34.506438
5.970300 -30.069502 -30.725425
-1.646113 -21.694091 -34.040547
-0.927631 -21.022833 -33.661124
-0.627663 -20.032234 -33.470205
-0.825401 -18.985700 -33.518417
-1.468301 -18.164470 -33.793055
11.603149 -23.124144 -27.673775
1.201643 -30.476130 -33.058990
-12.953440 -19.613181 -39.434853
2.395917 -31.095594 -32.507475
-13.900094 -18.589647 -39.847674
3.692734 -31.235682 -31.884321
-14.484052 -17.286383 -40.071676
4.934457 -30.879215 -31.265233
-14.634224 -15.861743 -40.079538
-14.332375 -14.488745 -39.870342
-2.486751 -19.826327 -34.363397
-8.029962 -0.440685 -36.169349
15.410705 -18.429612 -25.610988
23.949731 -5.963965 -20.896372
-0.714483 12.963942 -32.005855
31.535202 7.251610 -16.610561
7.569741 25.643277 -27.405305
38.118607 21.132940 -12.780785
16.769935 37.516420 -22.396850
38.440505 22.411031 -12.566174
17.719431 38.312878 -21.899550
38.364245 23.753778 -12.541916
18.866269 38.716990 -21.324373
37.897423 25.015852 -12.710855
20.086512 38.684371 -20.733410
37.091531 26.063600 -13.054278
21.250282 38.220552 -20.189639
34.649593 28.296241 -14.137826
24.077948 36.409173 -18.899603
32.139115 30.432946 -15.259003
26.850207 34.491781 -17.641282
29.563584 32.471046 -16.416255
-14.484052 -17.286383 -40.071676
-14.484052 -17.286383 -40.071676
6.601521 -5.418772 24.706733
6.307395 -5.923587 24.583574
-3.139382 -18.992683 20.587803
-7.765144 -24.203649 18.616042
-7.765144 -24.203649 18.616042
-3.139382 -18.992683 20.587803
6.307395 -5.923587 24.583574
6.601521 -5.418772 24.706733
-13.757229 -30.954585 16.061886
-3.139382 -18.992683 20.587803
5.970300 -30.069502 -30.725425
-8.384745 -24.902159 18.351939
-7.765144 -24.203649 18.616042
-7.765144 -24.203649 18.616042
-8.384745 -24.902159 18.351939
-3.139382 -18.992683 20.587803
-13.757229 -30.954585 16.061886
5.970300 -30.069502 -30.725425
4.934457 -30.879215 -31.265233
-14.824108 -31.710993 15.601437
-14.824108 -31.710993 15.601437
4.934457 -30.879215 -31.265233
3.692734 -31.235682 -31.884321
-16.071474 -32.030605 15.055884
-16.071474 -32.030605 15.055884
3.692734 -31.235682 -31.884321
-36.613850 -14.989025 5.786701
-36.613850 -14.989025 5.786701
-14.634224 -15.861743 -40.079538
-36.321369 -13.638326 5.898339
-36.321369 -13.638326 5.898339
-14.634224 -15.861743 -40.079538
-14.332375 -14.488745 -39.870342
-29.584037 1.301576 8.676358
-29.584037 1.301576 8.676358
-14.332375 -14.488745 -39.870342
-0.714483 12.963942 -32.005855
-21.495710 15.413179 12.060244
-21.495710 15.413179 12.060244
-0.714483 12.963942 -32.005855
7.569741 25.643277 -27.405305
-12.136552 28.556877 16.016456
-12.136552 28.556877 16.016456
7.569741 25.643277 -27.405305
16.769935 37.516420 -22.396850
-1.599630 40.601675 20.505656
-1.599630 40.601675 20.505656
16.769935 37.516420 -22.396850
20.086512 38.684371 -20.733410
-0.710611 41.279281 20.888740
-0.710611 41.279281 20.888740
20.086512 38.684371 -20.733410
24.077948 36.409173 -18.899603
0.325543 41.647078 21.340611
0.325543 41.647078 21.340611
24.077948 36.409173 -18.899603
29.563584 32.471046 -16.416255
1.421856 41.674285 21.823337
1.421856 41.674285 21.823337
29.563584 32.471046 -16.416255
2.348305 41.401258 22.235047
2.348305 41.401258 22.235047
5.736884 39.680366 23.750136
5.736884 39.680366 23.750136
9.001581 37.690199 25.214074
9.001581 37.690199 25.214074
12.135329 35.461939 26.623351
12.135329 35.461939 26.623351
15.123426 33.006870 27.971344
15.123426 33.006870 27.971344
17.949134 30.334157 29.250560
17.949134 30.334157 29.250560
20.600926 27.460007 30.455714
20.600926 27.460007 30.455714
21.231161 26.472152 30.746026
21.231161 26.472152 30.746026
21.577921 25.337496 30.913302
21.577921 25.337496 30.913302
34.649593 28.296241 -14.137826
21.610435 24.149578 30.942791
21.610435 24.149578 30.942791
34.649593 28.296241 -14.137826
37.897423 25.015852 -12.710855
21.325895 23.008081 30.831982
21.325895 23.008081 30.831982
37.897423 25.015852 -12.710855
38.118607 21.132940 -12.780785
14.489693 8.123261 28.009694
14.489693 8.123261 28.009694
38.118607 21.132940 -12.780785
31.535202 7.251610 -16.610561
7.101569 -4.560430 24.916117
7.101569 -4.560430 24.916117
31.535202 7.251610 -16.610561
7.842082 -7.429884 26.883414
29.426264 25.092517 34.374679
8.702382 -7.031023 25.653022
28.834343 25.109662 35.718017
28.834343 25.109662 35.718017
7.842082 -7.429884 26.883414
29.426264 25.092517 34.374679
8.702382 -7.031023 25.653022
29.426264 25.092517 34.374679
-3.647917 50.037323 21.087059
-3.055996 50.020177 19.743721
28.834343 25.109662 35.718017
28.834343 25.109662 35.718017
29.426264 25.092517 34.374679
-3.647917 50.037323 21.087059
-3.055996 50.020177 19.743721
-3.647917 50.037323 21.087059
-44.504157 -14.227517 2.300241
-3.055996 50.020177 19.743721
-45.096078 -14.210372 3.643579
-45.096078 -14.210372 3.643579
-3.647917 50.037323 21.087059
-44.504157 -14.227517 2.300241
-3.055996 50.020177 19.743721
-12.613818 -39.138033 18.274537
-44.504157 -14.227517 2.300241
-45.096078 -14.210372 3.643579
-12.021897 -39.155178 16.931199
-12.021897 -39.155178 16.931199
-12.613818 -39.138033 18.274537
-44.504157 -14.227517 2.300241
-45.096078 -14.210372 3.643579
-12.613818 -39.138033 18.274537
-4.160717 -26.969772 20.239580
-12.021897 -39.155178 16.931199
-4.752638 -26.952627 21.582919
-4.752638 -26.952627 21.582919
-12.613818 -39.138033 18.274537
-4.160717 -26.969772 20.239580
-12.021897 -39.155178 16.931199
32.139115 30.432946 -15.259003
32.139115 30.432946 -15.259003
26.850207 34.491781 -17.641282
26.850207 34.491781 -17.641282
21.250282 38.220552 -20.189639
21.250282 38.220552 -20.189639
18.866269 38.716990 -21.324373
18.866269 38.716990 -21.324373
17.719431 38.312878 -21.899550
17.719431 38.312878 -21.899550
-8.029962 -0.440685 -36.169349
-8.029962 -0.440685 -36.169349
2.395917 -31.095594 -32.507475
2.395917 -31.095594 -32.507475
11.603149 -23.124144 -27.673775
15.410705 -18.429612 -25.610988
15.410705 -18.429612 -25.610988
11.603149 -23.124144 -27.673775
23.949731 -5.963965 -20.896372
23.949731 -5.963965 -20.896372
6.307395 -5.923587 24.583574
31.535202 7.251610 -16.610561
31.535202 7.251610 -16.610561
6.307395 -5.923587 24.583574
38.440505 22.411031 -12.566174
38.440505 22.411031 -12.566174
38.364245 23.753778 -12.541916
38.364245 23.753778 -12.541916
37.091531 26.063600 -13.054278
37.091531 26.063600 -13.054278
-4.752638 -26.952627 21.582919
8.702382 -7.031023 25.653022
-4.160717 -26.969772 20.239580
7.842082 -7.429884 26.883414
7.842082 -7.429884 26.883414
-4.752638 -26.952627 21.582919
8.702382 -7.031023 25.653022
-4.160717 -26.969772 20.239580
7.101569 -4.560430 24.916117
6.601521 -5.418772 24.706733
6.601521 -5.418772 24.706733
7.101569 -4.560430 24.916117
-5.531908 53.139264 20.217317
-3.647917 50.037323 21.087059
30.328519 25.619117 36.369900
-48.409302 -13.323847 2.172344
-45.096078 -14.210372 3.643579
-12.613818 -39.138033 18.274537
-3.973079 -27.550880 21.934055
-4.752638 -26.952627 21.582919
-4.033281 -27.883747 21.911776
-4.116429 -28.210045 21.879303
-6.027998 -30.736156 21.069241
-4.220366 -28.525911 21.837537
-4.346333 -28.832231 21.785941
-4.492173 -29.125139 21.725417
-4.658906 -29.405695 21.655530
-4.844718 -29.671609 21.577048
-5.049039 -29.921477 21.490206
-5.270058 -30.153012 21.395773
-5.508344 -30.367615 21.293515
-5.761065 -30.561939 21.184638
-12.548875 -40.843994 18.324927
28.834343 25.109662 35.718017
10.685296 -4.829321 28.103040
7.842082 -7.429884 26.883414
10.624300 -5.163419 28.080427
10.541151 -5.489718 28.047954
10.435627 -5.808046 28.005519
10.309660 -6.114365 27.953923
10.162231 -6.409735 27.892731
9.994705 -6.691521 27.822509
9.808893 -6.957435 27.744028
9.603778 -7.208535 27.656852
9.381171 -7.442531 27.561750
9.142885 -7.657134 27.459492
8.889369 -7.852689 27.350281
8.621642 -8.028137 27.234550
8.621642 -8.028137 27.234550
7.842082 -7.429884 26.883414
8.889369 -7.852689 27.350281
9.142885 -7.657134 27.459492
9.381171 -7.442531 27.561750
9.603778 -7.208535 27.656852
9.808893 -6.957435 27.744028
9.994705 -6.691521 27.822509
10.162231 -6.409735 27.892731
10.309660 -6.114365 27.953923
10.435627 -5.808046 28.005519
10.541151 -5.489718 28.047954
10.624300 -5.163419 28.080427
10.685296 -4.829321 28.103040
28.834343 25.109662 35.718017
-3.647917 50.037323 21.087059
30.328519 25.619117 36.369900
-48.409302 -13.323847 2.172344
-12.613818 -39.138033 18.274537
-12.548875 -40.843994 18.324927
-6.027998 -30.736156 21.069241
-5.761065 -30.561939 21.184638
-5.508344 -30.367615 21.293515
-5.270058 -30.153012 21.395773
-5.049039 -29.921477 21.490206
-4.844718 -29.671609 21.577048
-4.658906 -29.405695 21.655530
-4.492173 -29.125139 21.725417
-4.346333 -28.832231 21.785941
-4.220366 -28.525911 21.837537
-4.116429 -28.210045 21.879303
-4.033281 -27.883747 21.911776
-3.973079 -27.550880 21.934055
-4.752638 -26.952627 21.582919
-45.096078 -14.210372 3.643579
-5.531908 53.139264 20.217317
53.043461 24.961168 -15.180639
45.408685 19.582904 -7.393914
10.166066 -41.501944 -33.225613
45.449372 19.700835 -7.283317
45.484000 19.815180 -7.165378
45.511914 19.924705 -7.040748
45.533261 20.029405 -6.909756
45.548190 20.129275 -6.772746
45.556873 20.224312 -6.630103
45.558684 20.313278 -6.482546
45.554605 20.397400 -6.330167
45.543255 20.474209 -6.174102
45.525620 20.544932 -6.014457
45.501920 20.609562 -5.851726
45.471571 20.666861 -5.686724
30.328519 25.619117 36.369900
27.702193 -8.580814 -16.067903
27.785275 -8.390138 -15.927487
27.857288 -8.204156 -15.770494
27.916141 -8.026569 -15.598589
27.962950 -7.856156 -15.412165
27.996494 -7.695389 -15.212729
28.017187 -7.544281 -15.001217
28.024676 -7.404074 -14.778964
29.170705 21.139024 31.307359
29.067799 21.085584 31.444774
28.962739 21.025938 31.576394
28.854975 20.958848 31.701335
28.745543 20.885536 31.819381
28.633830 20.804768 31.929786
28.521546 20.719002 32.032944
28.408199 20.626997 32.127832
28.294704 20.529982 32.214510
28.180450 20.426720 32.292232
28.067146 20.319668 32.361390
27.954178 20.207592 32.421238
27.842463 20.091718 32.471836
12.863305 -3.127078 26.167850
11.442461 -4.851253 26.384689
10.685296 -4.829321 28.103040
30.429526 -3.635892 -13.697901
28.018659 -7.276013 -14.547421
30.320071 -3.750578 -13.650296
30.209339 -3.861465 -13.593385
28.000444 -7.158883 -14.307419
30.097458 -3.968557 -13.527457
29.986161 -4.069398 -13.452174
27.968199 -7.056393 -14.061214
29.874012 -4.166452 -13.368548
29.762779 -4.257264 -13.276322
27.923290 -6.967327 -13.809763
29.651840 -4.343069 -13.176216
29.542968 -4.421412 -13.067988
27.865520 -6.892934 -13.554762
29.434778 -4.494759 -12.952760
29.329062 -4.560655 -12.830330
29.225238 -4.620337 -12.701515
29.124319 -4.672581 -12.566474
10.450732 -6.388506 25.967319
12.823453 -4.200418 24.427609
12.791275 -4.144319 24.594627
12.764944 -4.082121 24.759054
12.745377 -4.012596 24.920950
12.732815 -3.935751 25.079764
12.725912 -3.854055 25.234279
12.726439 -3.765052 25.384750
12.732929 -3.671206 25.530235
12.746477 -3.571295 25.670379
12.766352 -3.466553 25.804711
12.791940 -3.358215 25.932486
12.824217 -3.245055 26.053623
13.926879 -29.256696 -20.712030
11.444545 -33.064008 -21.687740
8.221227 -38.060388 -23.044275
13.758881 -29.379716 -20.548655
11.486220 -32.944852 -21.577249
11.522618 -32.828050 -21.459054
13.593773 -29.490282 -20.370474
11.552278 -32.716069 -21.334112
11.575333 -32.608911 -21.202727
13.432897 -29.587179 -20.178404
11.591942 -32.506582 -21.065255
11.602255 -32.409085 -20.922040
13.276825 -29.670423 -19.973736
11.606454 -32.316426 -20.773494
11.603133 -32.231073 -20.620699
13.126950 -29.738802 -19.757497
11.594067 -32.150568 -20.463411
11.577863 -32.077379 -20.302740
11.555533 -32.010281 -20.138846
11.527282 -31.949281 -19.972196
-4.287839 -29.234374 19.764584
-4.773584 -31.477119 17.021887
-4.879176 -31.534242 17.158987
-4.986005 -31.596344 17.290351
-5.095539 -31.665891 17.415036
-5.207474 -31.742891 17.532355
-5.320042 -31.824888 17.642563
-5.434647 -31.914349 17.744581
-5.549522 -32.008817 17.838663
-5.664544 -32.108296 17.924536
-5.779471 -32.212792 18.001648
-5.894976 -32.323541 18.069391
-6.008555 -32.436853 18.128493
-6.121677 -32.555194 18.178010
-9.344995 -37.551574 16.821475
6.881877 -39.150001 -21.927217
-12.548875 -40.843994 18.324927
6.988444 -39.085884 -22.054569
7.096754 -39.016302 -22.176477
7.206503 -38.941495 -22.292679
7.317491 -38.861584 -22.402933
7.429504 -38.776688 -22.506971
7.542348 -38.686925 -22.604564
7.655659 -38.592663 -22.695524
7.769167 -38.494143 -22.779670
7.882764 -38.391363 -22.856755
7.996195 -38.284566 -22.926627
8.109050 -38.174242 -22.989211
15.107472 -28.103557 -21.368398
14.945203 -28.293194 -21.331238
14.779804 -28.475217 -21.274160
14.610774 -28.650866 -21.198160
14.440815 -28.816458 -21.102962
14.268709 -28.974465 -20.990075
14.097249 -29.121207 -20.859430
-9.418989 -38.677838 15.066866
-9.448476 -38.616802 15.236320
-9.471517 -38.548932 15.403109
-9.488212 -38.474475 15.567029
-9.498354 -38.393688 15.727188
-9.501903 -38.306698 15.883277
-9.498896 -38.213754 16.034955
-9.489347 -38.115357 16.181400
-9.473296 -38.011758 16.322272
-9.450638 -37.903084 16.457124
-9.421711 -37.789953 16.585652
-9.386510 -37.672741 16.707205
-5.270834 -30.758088 19.350890
-6.027998 -30.736156 21.069241
-6.027998 -30.736156 21.069241
-5.270834 -30.758088 19.350890
-12.548875 -40.843994 18.324927
-4.287839 -29.234374 19.764584
-9.344995 -37.551574 16.821475
-9.386510 -37.672741 16.707205
-9.421711 -37.789953 16.585652
-9.450638 -37.903084 16.457124
-9.473296 -38.011758 16.322272
-9.489347 -38.115357 16.181400
-9.498896 -38.213754 16.034955
-9.501903 -38.306698 15.883277
-9.498354 -38.393688 15.727188
-9.488212 -38.474475 15.567029
-9.471517 -38.548932 15.403109
-9.448476 -38.616802 15.236320
-9.418989 -38.677838 15.066866
6.881877 -39.150001 -21.927217
13.926879 -29.256696 -20.712030
14.097249 -29.121207 -20.859430
8.221227 -38.060388 -23.044275
14.268709 -28.974465 -20.990075
14.440815 -28.816458 -21.102962
14.610774 -28.650866 -21.198160
14.779804 -28.475217 -21.274160
14.945203 -28.293194 -21.331238
15.107472 -28.103557 -21.368398
27.702193 -8.580814 -16.067903
10.166066 -41.501944 -33.225613
8.109050 -38.174242 -22.989211
7.996195 -38.284566 -22.926627
7.882764 -38.391363 -22.856755
7.769167 -38.494143 -22.779670
7.655659 -38.592663 -22.695524
7.542348 -38.686925 -22.604564
7.429504 -38.776688 -22.506971
7.317491 -38.861584 -22.402933
7.206503 -38.941495 -22.292679
7.096754 -39.016302 -22.176477
6.988444 -39.085884 -22.054569
-6.121677 -32.555194 18.178010
-6.008555 -32.436853 18.128493
-5.894976 -32.323541 18.069391
-5.779471 -32.212792 18.001648
-5.664544 -32.108296 17.924536
-5.549522 -32.008817 17.838663
-5.434647 -31.914349 17.744581
-5.320042 -31.824888 17.642563
-5.207474 -31.742891 17.532355
-5.095539 -31.665891 17.415036
-4.986005 -31.596344 17.290351
-4.879176 -31.534242 17.158987
-4.773584 -31.477119 17.021887
11.527282 -31.949281 -19.972196
13.126950 -29.738802 -19.757497
11.555533 -32.010281 -20.138846
11.577863 -32.077379 -20.302740
11.594067 -32.150568 -20.463411
11.603133 -32.231073 -20.620699
13.276825 -29.670423 -19.973736
11.606454 -32.316426 -20.773494
11.602255 -32.409085 -20.922040
13.432897 -29.587179 -20.178404
11.591942 -32.506582 -21.065255
11.575333 -32.608911 -21.202727
13.593773 -29.490282 -20.370474
11.552278 -32.716069 -21.334112
11.522618 -32.828050 -21.459054
13.758881 -29.379716 -20.548655
11.486220 -32.944852 -21.577249
11.444545 -33.064008 -21.687740
11.442461 -4.851253 26.384689
12.863305 -3.127078 26.167850
10.450732 -6.388506 25.967319
12.824217 -3.245055 26.053623
12.791940 -3.358215 25.932486
12.766352 -3.466553 25.804711
12.746477 -3.571295 25.670379
12.732929 -3.671206 25.530235
12.726439 -3.765052 25.384750
12.725912 -3.854055 25.234279
12.732815 -3.935751 25.079764
12.745377 -4.012596 24.920950
12.764944 -4.082121 24.759054
12.791275 -4.144319 24.594627
12.823453 -4.200418 24.427609
29.124319 -4.672581 -12.566474
27.865520 -6.892934 -13.554762
29.225238 -4.620337 -12.701515
29.329062 -4.560655 -12.830330
29.434778 -4.494759 -12.952760
29.542968 -4.421412 -13.067988
27.923290 -6.967327 -13.809763
29.651840 -4.343069 -13.176216
29.762779 -4.257264 -13.276322
27.968199 -7.056393 -14.061214
29.874012 -4.166452 -13.368548
29.986161 -4.069398 -13.452174
28.000444 -7.158883 -14.307419
30.097458 -3.968557 -13.527457
30.209339 -3.861465 -13.593385
28.018659 -7.276013 -14.547421
30.320071 -3.750578 -13.650296
30.429526 -3.635892 -13.697901
45.408685 19.582904 -7.393914
28.024676 -7.404074 -14.778964
10.685296 -4.829321 28.103040
30.328519 25.619117 36.369900
27.842463 20.091718 32.471836
27.954178 20.207592 32.421238
28.067146 20.319668 32.361390
28.180450 20.426720 32.292232
28.294704 20.529982 32.214510
28.408199 20.626997 32.127832
28.521546 20.719002 32.032944
28.633830 20.804768 31.929786
28.745543 20.885536 31.819381
28.854975 20.958848 31.701335
28.962739 21.025938 31.576394
29.067799 21.085584 31.444774
29.170705 21.139024 31.307359
45.471571 20.666861 -5.686724
28.017187 -7.544281 -15.001217
27.996494 -7.695389 -15.212729
27.962950 -7.856156 -15.412165
27.916141 -8.026569 -15.598589
27.857288 -8.204156 -15.770494
27.785275 -8.390138 -15.927487
53.043461 24.961168 -15.180639
45.501920 20.609562 -5.851726
45.525620 20.544932 -6.014457
45.543255 20.474209 -6.174102
45.554605 20.397400 -6.330167
45.558684 20.313278 -6.482546
45.556873 20.224312 -6.630103
45.548190 20.129275 -6.772746
45.533261 20.029405 -6.909756
45.511914 19.924705 -7.040748
45.484000 19.815180 -7.165378
45.449372 19.700835 -7.283317
-5.761065 -30.561939 21.184638
-5.270834 -30.758088 19.350890
-5.003901 -30.583871 19.466286
-6.027998 -30.736156 21.069241
-6.027998 -30.736156 21.069241
-5.761065 -30.561939 21.184638
-5.270834 -30.758088 19.350890
-5.003901 -30.583871 19.466286
-5.508344 -30.367615 21.293515
-4.751179 -30.389547 19.575164
-5.508344 -30.367615 21.293515
-4.751179 -30.389547 19.575164
-5.270058 -30.153012 21.395773
-4.512893 -30.174943 19.677422
-5.270058 -30.153012 21.395773
-4.512893 -30.174943 19.677422
-5.049039 -29.921477 21.490206
-4.291875 -29.943409 19.771855
-5.049039 -29.921477 21.490206
-4.291875 -29.943409 19.771855
-4.844718 -29.671609 21.577048
-4.087553 -29.693540 19.858697
-4.844718 -29.671609 21.577048
-4.087553 -29.693540 19.858697
-4.658906 -29.405695 21.655530
-3.948563 -29.494742 19.917404
-3.901741 -29.427627 19.937178
-4.658906 -29.405695 21.655530
-3.948563 -29.494742 19.917404
-3.901741 -29.427627 19.937178
-4.492173 -29.125139 21.725417
-3.735009 -29.147071 20.007066
-4.492173 -29.125139 21.725417
-3.735009 -29.147071 20.007066
-4.346333 -28.832231 21.785941
-3.589168 -28.854163 20.067589
-4.346333 -28.832231 21.785941
-3.589168 -28.854163 20.067589
-4.220366 -28.525911 21.837537
-3.463201 -28.547843 20.119185
-4.220366 -28.525911 21.837537
-3.463201 -28.547843 20.119185
-4.116429 -28.210045 21.879303
-3.359265 -28.231977 20.160952
-4.116429 -28.210045 21.879303
-3.359265 -28.231977 20.160952
-4.033281 -27.883747 21.911776
-3.312242 -28.047247 20.179314
-3.276117 -27.905678 20.193425
-4.033281 -27.883747 21.911776
-3.312242 -28.047247 20.179314
-3.276117 -27.905678 20.193425
-3.973079 -27.550880 21.934055
-3.215914 -27.572811 20.215704
-3.973079 -27.550880 21.934055
-3.215914 -27.572811 20.215704
8.889369 -7.852689 27.350281
9.378807 -8.050068 25.516199
9.646534 -7.874620 25.631929
8.621642 -8.028137 27.234550
8.621642 -8.028137 27.234550
8.889369 -7.852689 27.350281
9.378807 -8.050068 25.516199
9.646534 -7.874620 25.631929
9.142885 -7.657134 27.459492
9.756508 -7.789724 25.679304
9.900050 -7.679066 25.741141
9.142885 -7.657134 27.459492
9.756508 -7.789724 25.679304
9.900050 -7.679066 25.741141
9.381171 -7.442531 27.561750
10.138335 -7.464462 25.843399
9.381171 -7.442531 27.561750
10.138335 -7.464462 25.843399
9.603778 -7.208535 27.656852
10.360942 -7.230466 25.938501
9.603778 -7.208535 27.656852
10.360942 -7.230466 25.938501
9.808893 -6.957435 27.744028
10.566058 -6.979367 26.025677
9.808893 -6.957435 27.744028
10.566058 -6.979367 26.025677
9.994705 -6.691521 27.822509
10.751870 -6.713453 26.104158
9.994705 -6.691521 27.822509
10.751870 -6.713453 26.104158
10.162231 -6.409735 27.892731
10.790232 -6.649047 26.120240
10.919396 -6.431667 26.174379
10.162231 -6.409735 27.892731
10.790232 -6.649047 26.120240
10.919396 -6.431667 26.174379
10.309660 -6.114365 27.953923
11.066825 -6.136297 26.235572
10.309660 -6.114365 27.953923
11.066825 -6.136297 26.235572
10.435627 -5.808046 28.005519
11.192792 -5.829977 26.287167
10.435627 -5.808046 28.005519
11.192792 -5.829977 26.287167
10.541151 -5.489718 28.047954
11.298316 -5.511650 26.329602
10.541151 -5.489718 28.047954
11.298316 -5.511650 26.329602
10.624300 -5.163419 28.080427
11.381464 -5.185351 26.362076
10.624300 -5.163419 28.080427
11.381464 -5.185351 26.362076
10.685296 -4.829321 28.103040
11.442461 -4.851253 26.384689
10.685296 -4.829321 28.103040
11.442461 -4.851253 26.384689
30.328519 25.619117 36.369900
17.183033 52.481315 -31.333222
-5.531908 53.139264 20.217317
53.043461 24.961168 -15.180639
53.043461 24.961168 -15.180639
30.328519 25.619117 36.369900
17.183033 52.481315 -31.333222
-5.531908 53.139264 20.217317
-48.409302 -13.323847 2.172344
17.183033 52.481315 -31.333222
-25.694361 -13.981797 -49.378196
-5.531908 53.139264 20.217317
-5.531908 53.139264 20.217317
-48.409302 -13.323847 2.172344
17.183033 52.481315 -31.333222
-25.694361 -13.981797 -49.378196
10.166066 -41.501944 -33.225613
-48.409302 -13.323847 2.172344
-25.694361 -13.981797 -49.378196
-12.548875 -40.843994 18.324927
-12.548875 -40.843994 18.324927
10.166066 -41.501944 -33.225613
-48.409302 -13.323847 2.172344
-25.694361 -13.981797 -49.378196
25.813055 -10.015592 -14.318338
15.270800 -26.415677 -18.855256
25.728817 -10.204982 -14.453994
15.111359 -26.604142 -18.822381
14.947948 -26.786222 -18.769812
25.886176 -9.830896 -14.165997
14.781632 -26.960696 -18.697835
25.946089 -9.654594 -13.998632
14.612738 -27.127573 -18.607192
25.993902 -9.485464 -13.816625
14.443219 -27.284401 -18.498040
26.028403 -9.325979 -13.621496
14.273480 -27.431193 -18.371299
26.050786 -9.174919 -13.413819
14.104763 -27.566730 -18.227652
26.059123 -9.035990 -13.195626
13.938346 -27.689796 -18.067865
26.054705 -8.907976 -12.967712
13.773958 -27.801636 -17.893455
26.036458 -8.793353 -12.731912
13.614530 -27.898575 -17.704670
26.005734 -8.690906 -12.489157
13.459057 -27.983090 -17.503498
25.961527 -8.603115 -12.241436
13.310514 -28.051507 -17.290283
25.905235 -8.528765 -11.989788
9.378807 -8.050068 25.516199
-3.215914 -27.572811 20.215704
8.621642 -8.028137 27.234550
-3.973079 -27.550880 21.934055
-3.973079 -27.550880 21.934055
8.621642 -8.028137 27.234550
-3.215914 -27.572811 20.215704
9.378807 -8.050068 25.516199
13.310514 -28.051507 -17.290283
25.905235 -8.528765 -11.989788
25.961527 -8.603115 -12.241436
13.459057 -27.983090 -17.503498
26.005734 -8.690906 -12.489157
13.614530 -27.898575 -17.704670
26.036458 -8.793353 -12.731912
13.773958 -27.801636 -17.893455
26.054705 -8.907976 -12.967712
13.938346 -27.689796 -18.067865
26.059123 -9.035990 -13.195626
14.104763 -27.566730 -18.227652
26.050786 -9.174919 -13.413819
14.273480 -27.431193 -18.371299
26.028403 -9.325979 -13.621496
14.443219 -27.284401 -18.498040
25.993902 -9.485464 -13.816625
14.612738 -27.127573 -18.607192
25.946089 -9.654594 -13.998632
14.781632 -26.960696 -18.697835
25.886176 -9.830896 -14.165997
14.947948 -26.786222 -18.769812
25.813055 -10.015592 -14.318338
15.111359 -26.604142 -18.822381
15.270800 -26.415677 -18.855256
25.728817 -10.204982 -14.453994
11.381464 -5.185351 26.362076
10.450732 -6.388506 25.967319
11.442461 -4.851253 26.384689
11.298316 -5.511650 26.329602
11.192792 -5.829977 26.287167
11.066825 -6.136297 26.235572
10.919396 -6.431667 26.174379
10.790232 -6.649047 26.120240
10.591021 -6.496167 26.030509
10.591021 -6.496167 26.030509
10.790232 -6.649047 26.120240
10.450732 -6.388506 25.967319
10.919396 -6.431667 26.174379
11.066825 -6.136297 26.235572
11.192792 -5.829977 26.287167
11.298316 -5.511650 26.329602
11.381464 -5.185351 26.362076
11.442461 -4.851253 26.384689
10.591021 -6.496167 26.030509
27.865520 -6.892934 -13.554762
10.450732 -6.388506 25.967319
28.005810 -7.000595 -13.491571
28.005810 -7.000595 -13.491571
10.591021 -6.496167 26.030509
27.865520 -6.892934 -13.554762
10.450732 -6.388506 25.967319
27.865520 -6.892934 -13.554762
28.063579 -7.074988 -13.746573
27.923290 -6.967327 -13.809763
28.005810 -7.000595 -13.491571
28.005810 -7.000595 -13.491571
27.865520 -6.892934 -13.554762
28.063579 -7.074988 -13.746573
27.923290 -6.967327 -13.809763
27.968199 -7.056393 -14.061214
28.108489 -7.164054 -13.998024
28.108489 -7.164054 -13.998024
27.968199 -7.056393 -14.061214
28.000444 -7.158883 -14.307419
28.140733 -7.266545 -14.244229
28.140733 -7.266545 -14.244229
28.000444 -7.158883 -14.307419
28.158948 -7.383675 -14.484230
28.018659 -7.276013 -14.547421
28.158948 -7.383675 -14.484230
28.018659 -7.276013 -14.547421
28.024676 -7.404074 -14.778964
28.164966 -7.511735 -14.715774
28.164966 -7.511735 -14.715774
28.024676 -7.404074 -14.778964
28.157476 -7.651942 -14.938026
28.017187 -7.544281 -15.001217
28.157476 -7.651942 -14.938026
28.017187 -7.544281 -15.001217
28.136783 -7.803051 -15.149539
27.996494 -7.695389 -15.212729
27.996494 -7.695389 -15.212729
28.136783 -7.803051 -15.149539
27.962950 -7.856156 -15.412165
28.103239 -7.963818 -15.348975
28.103239 -7.963818 -15.348975
27.962950 -7.856156 -15.412165
28.056431 -8.134231 -15.535399
27.916141 -8.026569 -15.598589
27.916141 -8.026569 -15.598589
28.056431 -8.134231 -15.535399
27.857288 -8.204156 -15.770494
27.997578 -8.311817 -15.707304
27.997578 -8.311817 -15.707304
27.857288 -8.204156 -15.770494
27.925564 -8.497799 -15.864296
27.785275 -8.390138 -15.927487
27.785275 -8.390138 -15.927487
27.925564 -8.497799 -15.864296
27.842483 -8.688476 -16.004713
27.702193 -8.580814 -16.067903
27.702193 -8.580814 -16.067903
27.842483 -8.688476 -16.004713
15.247762 -28.211219 -21.305208
27.702193 -8.580814 -16.067903
27.842483 -8.688476 -16.004713
15.107472 -28.103557 -21.368398
15.107472 -28.103557 -21.368398
15.247762 -28.211219 -21.305208
27.702193 -8.580814 -16.067903
27.842483 -8.688476 -16.004713
15.247762 -28.211219 -21.305208
14.945203 -28.293194 -21.331238
15.107472 -28.103557 -21.368398
15.085492 -28.400855 -21.268047
15.085492 -28.400855 -21.268047
15.247762 -28.211219 -21.305208
14.945203 -28.293194 -21.331238
15.107472 -28.103557 -21.368398
14.779804 -28.475217 -21.274160
14.920094 -28.582878 -21.210970
14.920094 -28.582878 -21.210970
14.779804 -28.475217 -21.274160
14.610774 -28.650866 -21.198160
14.751063 -28.758528 -21.134969
14.751063 -28.758528 -21.134969
14.610774 -28.650866 -21.198160
14.440815 -28.816458 -21.102962
14.581104 -28.924120 -21.039772
14.581104 -28.924120 -21.039772
14.440815 -28.816458 -21.102962
14.268709 -28.974465 -20.990075
14.408998 -29.082127 -20.926884
14.408998 -29.082127 -20.926884
14.268709 -28.974465 -20.990075
14.097249 -29.121207 -20.859430
14.237539 -29.228868 -20.796239
14.237539 -29.228868 -20.796239
14.097249 -29.121207 -20.859430
13.926879 -29.256696 -20.712030
14.067168 -29.364358 -20.648840
14.067168 -29.364358 -20.648840
13.926879 -29.256696 -20.712030
13.758881 -29.379716 -20.548655
13.899171 -29.487378 -20.485465
13.899171 -29.487378 -20.485465
13.758881 -29.379716 -20.548655
13.734062 -29.597943 -20.307284
13.593773 -29.490282 -20.370474
13.734062 -29.597943 -20.307284
13.593773 -29.490282 -20.370474
13.573187 -29.694840 -20.115213
13.432897 -29.587179 -20.178404
13.573187 -29.694840 -20.115213
13.432897 -29.587179 -20.178404
13.276825 -29.670423 -19.973736
13.417115 -29.778085 -19.910545
13.417115 -29.778085 -19.910545
13.276825 -29.670423 -19.973736
13.267239 -29.846463 -19.694306
13.126950 -29.738802 -19.757497
13.267239 -29.846463 -19.694306
13.126950 -29.738802 -19.757497
13.267239 -29.846463 -19.694306
-4.287839 -29.234374 19.764584
13.126950 -29.738802 -19.757497
-4.147549 -29.342035 19.827774
-4.147549 -29.342035 19.827774
13.267239 -29.846463 -19.694306
-4.287839 -29.234374 19.764584
13.126950 -29.738802 -19.757497
-4.087553 -29.693540 19.858697
-4.147549 -29.342035 19.827774
-3.948563 -29.494742 19.917404
-5.270834 -30.758088 19.350890
-4.287839 -29.234374 19.764584
-4.291875 -29.943409 19.771855
-4.512893 -30.174943 19.677422
-4.751179 -30.389547 19.575164
-5.003901 -30.583871 19.466286
-5.003901 -30.583871 19.466286
-4.751179 -30.389547 19.575164
-5.270834 -30.758088 19.350890
-4.512893 -30.174943 19.677422
-4.291875 -29.943409 19.771855
-4.087553 -29.693540 19.858697
-4.147549 -29.342035 19.827774
-4.287839 -29.234374 19.764584
-3.948563 -29.494742 19.917404
-3.359265 -28.231977 20.160952
-3.312242 -28.047247 20.179314
-3.463201 -28.547843 20.119185
-3.589168 -28.854163 20.067589
-3.735009 -29.147071 20.007066
-3.901741 -29.427627 19.937178
-3.901741 -29.427627 19.937178
-3.735009 -29.147071 20.007066
-3.589168 -28.854163 20.067589
-3.463201 -28.547843 20.119185
-3.359265 -28.231977 20.160952
-3.312242 -28.047247 20.179314
-3.276117 -27.905678 20.193425
-3.075625 -27.680473 20.278894
-3.215914 -27.572811 20.215704
-3.312242 -28.047247 20.179314
-3.312242 -28.047247 20.179314
-3.276117 -27.905678 20.193425
-3.075625 -27.680473 20.278894
-3.215914 -27.572811 20.215704
9.646534 -7.874620 25.631929
9.519096 -8.157730 25.579389
9.756508 -7.789724 25.679304
9.378807 -8.050068 25.516199
9.378807 -8.050068 25.516199
9.646534 -7.874620 25.631929
9.519096 -8.157730 25.579389
9.756508 -7.789724 25.679304
10.751870 -6.713453 26.104158
9.756508 -7.789724 25.679304
10.566058 -6.979367 26.025677
10.360942 -7.230466 25.938501
10.138335 -7.464462 25.843399
9.900050 -7.679066 25.741141
9.900050 -7.679066 25.741141
10.138335 -7.464462 25.843399
9.756508 -7.789724 25.679304
10.360942 -7.230466 25.938501
10.566058 -6.979367 26.025677
10.751870 -6.713453 26.104158
-3.075625 -27.680473 20.278894
13.310514 -28.051507 -17.290283
-3.215914 -27.572811 20.215704
13.450804 -28.159169 -17.227093
13.450804 -28.159169 -17.227093
-3.075625 -27.680473 20.278894
13.310514 -28.051507 -17.290283
-3.215914 -27.572811 20.215704
13.310514 -28.051507 -17.290283
13.599347 -28.090752 -17.440307
13.459057 -27.983090 -17.503498
13.450804 -28.159169 -17.227093
13.450804 -28.159169 -17.227093
13.310514 -28.051507 -17.290283
13.599347 -28.090752 -17.440307
13.459057 -27.983090 -17.503498
13.754820 -28.006236 -17.641479
13.614530 -27.898575 -17.704670
13.754820 -28.006236 -17.641479
13.614530 -27.898575 -17.704670
13.914247 -27.909298 -17.830265
13.773958 -27.801636 -17.893455
13.914247 -27.909298 -17.830265
13.773958 -27.801636 -17.893455
13.938346 -27.689796 -18.067865
14.078636 -27.797457 -18.004675
14.078636 -27.797457 -18.004675
13.938346 -27.689796 -18.067865
14.104763 -27.566730 -18.227652
14.245052 -27.674391 -18.164461
14.245052 -27.674391 -18.164461
14.104763 -27.566730 -18.227652
14.273480 -27.431193 -18.371299
14.413769 -27.538854 -18.308108
14.413769 -27.538854 -18.308108
14.273480 -27.431193 -18.371299
14.583508 -27.392063 -18.434849
14.443219 -27.284401 -18.498040
14.583508 -27.392063 -18.434849
14.443219 -27.284401 -18.498040
14.753028 -27.235234 -18.544002
14.612738 -27.127573 -18.607192
14.753028 -27.235234 -18.544002
14.612738 -27.127573 -18.607192
14.921921 -27.068358 -18.634645
14.781632 -26.960696 -18.697835
14.921921 -27.068358 -18.634645
14.781632 -26.960696 -18.697835
15.088237 -26.893884 -18.706622
14.947948 -26.786222 -18.769812
15.088237 -26.893884 -18.706622
14.947948 -26.786222 -18.769812
15.251648 -26.711803 -18.759190
15.111359 -26.604142 -18.822381
15.251648 -26.711803 -18.759190
15.111359 -26.604142 -18.822381
15.411089 -26.523338 -18.792066
15.270800 -26.415677 -18.855256
15.411089 -26.523338 -18.792066
15.270800 -26.415677 -18.855256
15.270800 -26.415677 -18.855256
25.869106 -10.312643 -14.390804
25.728817 -10.204982 -14.453994
15.411089 -26.523338 -18.792066
15.411089 -26.523338 -18.792066
15.270800 -26.415677 -18.855256
25.869106 -10.312643 -14.390804
25.728817 -10.204982 -14.453994
25.728817 -10.204982 -14.453994
25.953344 -10.123254 -14.255148
25.813055 -10.015592 -14.318338
25.869106 -10.312643 -14.390804
25.869106 -10.312643 -14.390804
25.728817 -10.204982 -14.453994
25.953344 -10.123254 -14.255148
25.813055 -10.015592 -14.318338
26.026466 -9.938558 -14.102806
25.886176 -9.830896 -14.165997
26.026466 -9.938558 -14.102806
25.886176 -9.830896 -14.165997
26.086378 -9.762255 -13.935442
25.946089 -9.654594 -13.998632
26.086378 -9.762255 -13.935442
25.946089 -9.654594 -13.998632
26.134191 -9.593126 -13.753435
25.993902 -9.485464 -13.816625
26.134191 -9.593126 -13.753435
25.993902 -9.485464 -13.816625
26.168693 -9.433640 -13.558306
26.028403 -9.325979 -13.621496
26.168693 -9.433640 -13.558306
26.028403 -9.325979 -13.621496
26.191075 -9.282580 -13.350629
26.050786 -9.174919 -13.413819
26.191075 -9.282580 -13.350629
26.050786 -9.174919 -13.413819
26.199412 -9.143652 -13.132436
26.059123 -9.035990 -13.195626
26.199412 -9.143652 -13.132436
26.059123 -9.035990 -13.195626
26.054705 -8.907976 -12.967712
26.194994 -9.015638 -12.904521
26.194994 -9.015638 -12.904521
26.054705 -8.907976 -12.967712
26.036458 -8.793353 -12.731912
26.176747 -8.901014 -12.668721
26.176747 -8.901014 -12.668721
26.036458 -8.793353 -12.731912
26.005734 -8.690906 -12.489157
26.146024 -8.798568 -12.425967
26.146024 -8.798568 -12.425967
26.005734 -8.690906 -12.489157
26.101816 -8.710776 -12.178245
25.961527 -8.603115 -12.241436
26.101816 -8.710776 -12.178245
25.961527 -8.603115 -12.241436
26.045525 -8.636426 -11.926598
25.905235 -8.528765 -11.989788
26.045525 -8.636426 -11.926598
25.905235 -8.528765 -11.989788
26.045525 -8.636426 -11.926598
9.378807 -8.050068 25.516199
25.905235 -8.528765 -11.989788
9.519096 -8.157730 25.579389
9.519096 -8.157730 25.579389
26.045525 -8.636426 -11.926598
9.378807 -8.050068 25.516199
25.905235 -8.528765 -11.989788
28.005810 -7.000595 -13.491571
25.953344 -10.123254 -14.255148
25.869106 -10.312643 -14.390804
26.026466 -9.938558 -14.102806
26.086378 -9.762255 -13.935442
26.134191 -9.593126 -13.753435
26.168693 -9.433640 -13.558306
26.191075 -9.282580 -13.350629
26.199412 -9.143652 -13.132436
26.194994 -9.015638 -12.904521
26.176747 -8.901014 -12.668721
26.146024 -8.798568 -12.425967
26.101816 -8.710776 -12.178245
26.045525 -8.636426 -11.926598
10.591021 -6.496167 26.030509
9.519096 -8.157730 25.579389
9.756508 -7.789724 25.679304
27.925564 -8.497799 -15.864296
15.247762 -28.211219 -21.305208
27.842483 -8.688476 -16.004713
15.085492 -28.400855 -21.268047
27.997578 -8.311817 -15.707304
14.920094 -28.582878 -21.210970
28.056431 -8.134231 -15.535399
14.751063 -28.758528 -21.134969
28.103239 -7.963818 -15.348975
14.581104 -28.924120 -21.039772
28.136783 -7.803051 -15.149539
14.408998 -29.082127 -20.926884
28.157476 -7.651942 -14.938026
14.237539 -29.228868 -20.796239
28.164966 -7.511735 -14.715774
14.067168 -29.364358 -20.648840
28.158948 -7.383675 -14.484230
13.899171 -29.487378 -20.485465
28.140733 -7.266545 -14.244229
13.734062 -29.597943 -20.307284
28.108489 -7.164054 -13.998024
13.573187 -29.694840 -20.115213
28.063579 -7.074988 -13.746573
13.417115 -29.778085 -19.910545
13.267239 -29.846463 -19.694306
15.411089 -26.523338 -18.792066
15.251648 -26.711803 -18.759190
15.088237 -26.893884 -18.706622
14.921921 -27.068358 -18.634645
14.753028 -27.235234 -18.544002
14.583508 -27.392063 -18.434849
14.413769 -27.538854 -18.308108
14.245052 -27.674391 -18.164461
14.078636 -27.797457 -18.004675
13.914247 -27.909298 -17.830265
13.754820 -28.006236 -17.641479
13.599347 -28.090752 -17.440307
13.450804 -28.159169 -17.227093
-4.147549 -29.342035 19.827774
-3.075625 -27.680473 20.278894
-3.312242 -28.047247 20.179314
-3.312242 -28.047247 20.179314
-3.075625 -27.680473 20.278894
-4.147549 -29.342035 19.827774
13.450804 -28.159169 -17.227093
13.267239 -29.846463 -19.694306
13.599347 -28.090752 -17.440307
13.754820 -28.006236 -17.641479
13.914247 -27.909298 -17.830265
14.078636 -27.797457 -18.004675
14.245052 -27.674391 -18.164461
14.413769 -27.538854 -18.308108
14.583508 -27.392063 -18.434849
14.753028 -27.235234 -18.544002
14.921921 -27.068358 -18.634645
15.088237 -26.893884 -18.706622
15.251648 -26.711803 -18.759190
15.411089 -26.523338 -18.792066
25.869106 -10.312643 -14.390804
28.005810 -7.000595 -13.491571
13.417115 -29.778085 -19.910545
28.063579 -7.074988 -13.746573
13.573187 -29.694840 -20.115213
28.108489 -7.164054 -13.998024
13.734062 -29.597943 -20.307284
28.140733 -7.266545 -14.244229
13.899171 -29.487378 -20.485465
28.158948 -7.383675 -14.484230
14.067168 -29.364358 -20.648840
28.164966 -7.511735 -14.715774
14.237539 -29.228868 -20.796239
28.157476 -7.651942 -14.938026
14.408998 -29.082127 -20.926884
28.136783 -7.803051 -15.149539
14.581104 -28.924120 -21.039772
28.103239 -7.963818 -15.348975
14.751063 -28.758528 -21.134969
28.056431 -8.134231 -15.535399
14.920094 -28.582878 -21.210970
27.997578 -8.311817 -15.707304
15.085492 -28.400855 -21.268047
27.925564 -8.497799 -15.864296
15.247762 -28.211219 -21.305208
27.842483 -8.688476 -16.004713
9.756508 -7.789724 25.679304
10.591021 -6.496167 26.030509
9.519096 -8.157730 25.579389
26.045525 -8.636426 -11.926598
26.101816 -8.710776 -12.178245
26.146024 -8.798568 -12.425967
26.176747 -8.901014 -12.668721
26.194994 -9.015638 -12.904521
26.199412 -9.143652 -13.132436
26.191075 -9.282580 -13.350629
26.168693 -9.433640 -13.558306
26.134191 -9.593126 -13.753435
26.086378 -9.762255 -13.935442
26.026466 -9.938558 -14.102806
25.953344 -10.123254 -14.255148
-4.346627 -19.621652 -35.256937
-2.486751 -19.826327 -34.363397
-4.045983 -18.629736 -35.065721
-3.505995 -21.489416 -34.934073
-4.148895 -20.668186 -35.208711
-4.148895 -20.668186 -35.208711
-4.346627 -19.621652 -35.256937
-3.505995 -21.489416 -34.934073
-2.486751 -19.826327 -34.363397
-4.045983 -18.629736 -35.065721
-3.505995 -21.489416 -34.934073
-0.927631 -21.022833 -33.661124
-2.486751 -19.826327 -34.363397
-1.646113 -21.694091 -34.040547
-2.589775 -21.864692 -34.506438
-2.589775 -21.864692 -34.506438
-3.505995 -21.489416 -34.934073
-1.646113 -21.694091 -34.040547
-0.927631 -21.022833 -33.661124
-2.486751 -19.826327 -34.363397
-2.486751 -19.826327 -34.363397
-0.825401 -18.985700 -33.518417
-1.468301 -18.164470 -33.793055
-0.627663 -20.032234 -33.470205
-0.927631 -21.022833 -33.661124
-0.927631 -21.022833 -33.661124
-2.486751 -19.826327 -34.363397
-0.627663 -20.032234 -33.470205
-0.825401 -18.985700 -33.518417
-1.468301 -18.164470 -33.793055
-6.169128 -32.743753 15.729792
7.086945 -37.083417 -21.093832
9.592073 -33.200284 -20.039547
-8.674257 -36.626886 14.675507
-8.674257 -36.626886 14.675507
-6.169128 -32.743753 15.729792
7.086945 -37.083417 -21.093832
9.592073 -33.200284 -20.039547
7.086945 -37.083417 -21.093832
10.153230 -33.630930 -19.786785
9.592073 -33.200284 -20.039547
7.648102 -37.514063 -20.841070
7.648102 -37.514063 -20.841070
7.086945 -37.083417 -21.093832
10.153230 -33.630930 -19.786785
9.592073 -33.200284 -20.039547
9.592073 -33.200284 -20.039547
-5.607971 -33.174399 15.982553
-6.169128 -32.743753 15.729792
10.153230 -33.630930 -19.786785
10.153230 -33.630930 -19.786785
9.592073 -33.200284 -20.039547
-5.607971 -33.174399 15.982553
-6.169128 -32.743753 15.729792
-8.113099 -37.057531 14.928269
-6.169128 -32.743753 15.729792
-5.607971 -33.174399 15.982553
-8.674257 -36.626886 14.675507
-8.674257 -36.626886 14.675507
-8.113099 -37.057531 14.928269
-6.169128 -32.743753 15.729792
-5.607971 -33.174399 15.982553
-8.113099 -37.057531 14.928269
7.086945 -37.083417 -21.093832
-8.674257 -36.626886 14.675507
7.648102 -37.514063 -20.841070
7.648102 -37.514063 -20.841070
-8.113099 -37.057531 14.928269
7.086945 -37.083417 -21.093832
-8.674257 -36.626886 14.675507
27.793423 19.900698 30.022949
29.351222 -2.572151 -11.723899
43.554625 19.444167 -5.746389
13.590021 -2.115619 24.045440
13.590021 -2.115619 24.045440
27.793423 19.900698 30.022949
29.351222 -2.572151 -11.723899
43.554625 19.444167 -5.746389
14.291468 -2.653926 24.361392
27.793423 19.900698 30.022949
28.494870 19.362391 30.338901
13.590021 -2.115619 24.045440
13.590021 -2.115619 24.045440
14.291468 -2.653926 24.361392
27.793423 19.900698 30.022949
28.494870 19.362391 30.338901
14.291468 -2.653926 24.361392
29.351222 -2.572151 -11.723899
13.590021 -2.115619 24.045440
30.052669 -3.110457 -11.407947
30.052669 -3.110457 -11.407947
14.291468 -2.653926 24.361392
29.351222 -2.572151 -11.723899
13.590021 -2.115619 24.045440
29.351222 -2.572151 -11.723899
44.256071 18.905860 -5.430437
43.554625 19.444167 -5.746389
30.052669 -3.110457 -11.407947
30.052669 -3.110457 -11.407947
29.351222 -2.572151 -11.723899
44.256071 18.905860 -5.430437
43.554625 19.444167 -5.746389
44.256071 18.905860 -5.430437
27.793423 19.900698 30.022949
43.554625 19.444167 -5.746389
28.494870 19.362391 30.338901
28.494870 19.362391 30.338901
44.256071 18.905860 -5.430437
27.793423 19.900698 30.022949
43.554625 19.444167 -5.746389
-4.633295 -31.584780 17.085077
10.293520 -33.738591 -19.723595
11.667571 -32.056943 -19.909006
-5.467682 -33.282060 16.045744
-7.972810 -37.165193 14.991459
11.584834 -33.171670 -21.624550
8.249339 -38.281904 -22.926021
8.361516 -38.168049 -22.981085
11.626509 -33.052513 -21.514058
11.662907 -32.935712 -21.395863
8.136484 -38.392228 -22.863436
11.692567 -32.823730 -21.270922
8.023053 -38.499025 -22.793565
11.715623 -32.716572 -21.139537
7.909456 -38.601805 -22.716480
11.732231 -32.614243 -21.002065
7.795948 -38.700324 -22.632333
11.742544 -32.516746 -20.858849
7.682638 -38.794587 -22.541373
11.746743 -32.424088 -20.710304
7.569793 -38.884349 -22.443780
11.743422 -32.338734 -20.557508
7.457780 -38.969246 -22.339743
11.734357 -32.258229 -20.400221
7.346792 -39.049157 -22.229489
11.718153 -32.185040 -20.239550
7.237043 -39.123963 -22.113287
11.695822 -32.117943 -20.075656
7.128733 -39.193546 -21.991378
7.022166 -39.257662 -21.864027
7.788391 -37.621724 -20.777879
-9.278700 -38.785499 15.130056
-4.738886 -31.641903 17.222177
-9.308187 -38.724463 15.299511
-4.845715 -31.704006 17.353541
-9.331228 -38.656593 15.466300
-4.955249 -31.773553 17.478226
-9.347922 -38.582136 15.630219
-5.067185 -31.850553 17.595545
-9.358065 -38.501349 15.790378
-5.179752 -31.932550 17.705754
-9.361613 -38.414359 15.946467
-5.294358 -32.022010 17.807771
-9.358606 -38.321415 16.098145
-5.409232 -32.116478 17.901854
-9.349058 -38.223019 16.244591
-5.524254 -32.215957 17.987726
-9.333006 -38.119420 16.385463
-5.639181 -32.320454 18.064838
-9.310349 -38.010746 16.520315
-5.754686 -32.431203 18.132582
-9.281421 -37.897614 16.648842
-5.868266 -32.544515 18.191684
-9.246221 -37.780402 16.770395
-5.981387 -32.662855 18.241201
-9.204705 -37.659235 16.884666
-9.204705 -37.659235 16.884666
-5.981387 -32.662855 18.241201
-9.246221 -37.780402 16.770395
-5.868266 -32.544515 18.191684
-9.281421 -37.897614 16.648842
-5.754686 -32.431203 18.132582
-9.310349 -38.010746 16.520315
-5.639181 -32.320454 18.064838
-9.333006 -38.119420 16.385463
-5.524254 -32.215957 17.987726
-9.349058 -38.223019 16.244591
-5.409232 -32.116478 17.901854
-9.358606 -38.321415 16.098145
-5.294358 -32.022010 17.807771
-9.361613 -38.414359 15.946467
-5.179752 -31.932550 17.705754
-9.358065 -38.501349 15.790378
-5.067185 -31.850553 17.595545
-9.347922 -38.582136 15.630219
-4.955249 -31.773553 17.478226
-9.331228 -38.656593 15.466300
-4.845715 -31.704006 17.353541
-9.308187 -38.724463 15.299511
-4.738886 -31.641903 17.222177
-9.278700 -38.785499 15.130056
-4.633295 -31.584780 17.085077
-7.972810 -37.165193 14.991459
7.788391 -37.621724 -20.777879
10.293520 -33.738591 -19.723595
11.667571 -32.056943 -19.909006
7.022166 -39.257662 -21.864027
7.128733 -39.193546 -21.991378
11.695822 -32.117943 -20.075656
7.237043 -39.123963 -22.113287
11.718153 -32.185040 -20.239550
7.346792 -39.049157 -22.229489
11.734357 -32.258229 -20.400221
7.457780 -38.969246 -22.339743
11.743422 -32.338734 -20.557508
7.569793 -38.884349 -22.443780
11.746743 -32.424088 -20.710304
7.682638 -38.794587 -22.541373
11.742544 -32.516746 -20.858849
7.795948 -38.700324 -22.632333
11.732231 -32.614243 -21.002065
7.909456 -38.601805 -22.716480
11.715623 -32.716572 -21.139537
8.023053 -38.499025 -22.793565
11.692567 -32.823730 -21.270922
8.136484 -38.392228 -22.863436
11.662907 -32.935712 -21.395863
8.249339 -38.281904 -22.926021
11.626509 -33.052513 -21.514058
11.584834 -33.171670 -21.624550
8.361516 -38.168049 -22.981085
-5.467682 -33.282060 16.045744
11.584834 -33.171670 -21.624550
8.221227 -38.060388 -23.044275
11.444545 -33.064008 -21.687740
8.361516 -38.168049 -22.981085
8.361516 -38.168049 -22.981085
11.584834 -33.171670 -21.624550
8.221227 -38.060388 -23.044275
11.444545 -33.064008 -21.687740
11.626509 -33.052513 -21.514058
11.444545 -33.064008 -21.687740
11.486220 -32.944852 -21.577249
11.584834 -33.171670 -21.624550
11.584834 -33.171670 -21.624550
11.626509 -33.052513 -21.514058
11.444545 -33.064008 -21.687740
11.486220 -32.944852 -21.577249
11.662907 -32.935712 -21.395863
11.522618 -32.828050 -21.459054
11.662907 -32.935712 -21.395863
11.522618 -32.828050 -21.459054
11.692567 -32.823730 -21.270922
11.552278 -32.716069 -21.334112
11.692567 -32.823730 -21.270922
11.552278 -32.716069 -21.334112
11.715623 -32.716572 -21.139537
11.575333 -32.608911 -21.202727
11.715623 -32.716572 -21.139537
11.575333 -32.608911 -21.202727
11.732231 -32.614243 -21.002065
11.591942 -32.506582 -21.065255
11.732231 -32.614243 -21.002065
11.591942 -32.506582 -21.065255
11.742544 -32.516746 -20.858849
11.602255 -32.409085 -20.922040
11.742544 -32.516746 -20.858849
11.602255 -32.409085 -20.922040
11.606454 -32.316426 -20.773494
11.746743 -32.424088 -20.710304
11.746743 -32.424088 -20.710304
11.606454 -32.316426 -20.773494
11.603133 -32.231073 -20.620699
11.743422 -32.338734 -20.557508
11.743422 -32.338734 -20.557508
11.603133 -32.231073 -20.620699
11.734357 -32.258229 -20.400221
11.594067 -32.150568 -20.463411
11.734357 -32.258229 -20.400221
11.594067 -32.150568 -20.463411
11.577863 -32.077379 -20.302740
11.718153 -32.185040 -20.239550
11.718153 -32.185040 -20.239550
11.577863 -32.077379 -20.302740
11.695822 -32.117943 -20.075656
11.555533 -32.010281 -20.138846
11.695822 -32.117943 -20.075656
11.555533 -32.010281 -20.138846
11.667571 -32.056943 -19.909006
11.527282 -31.949281 -19.972196
11.667571 -32.056943 -19.909006
11.527282 -31.949281 -19.972196
-4.633295 -31.584780 17.085077
11.527282 -31.949281 -19.972196
-4.773584 -31.477119 17.021887
11.667571 -32.056943 -19.909006
11.667571 -32.056943 -19.909006
-4.633295 -31.584780 17.085077
11.527282 -31.949281 -19.972196
-4.773584 -31.477119 17.021887
-4.879176 -31.534242 17.158987
-4.633295 -31.584780 17.085077
-4.773584 -31.477119 17.021887
-4.738886 -31.641903 17.222177
-4.738886 -31.641903 17.222177
-4.879176 -31.534242 17.158987
-4.633295 -31.584780 17.085077
-4.773584 -31.477119 17.021887
-4.986005 -31.596344 17.290351
-4.845715 -31.704006 17.353541
-4.845715 -31.704006 17.353541
-4.986005 -31.596344 17.290351
-4.955249 -31.773553 17.478226
-5.095539 -31.665891 17.415036
-4.955249 -31.773553 17.478226
-5.095539 -31.665891 17.415036
-5.207474 -31.742891 17.532355
-5.067185 -31.850553 17.595545
-5.067185 -31.850553 17.595545
-5.207474 -31.742891 17.532355
-5.320042 -31.824888 17.642563
-5.179752 -31.932550 17.705754
-5.179752 -31.932550 17.705754
-5.320042 -31.824888 17.642563
-5.294358 -32.022010 17.807771
-5.434647 -31.914349 17.744581
-5.294358 -32.022010 17.807771
-5.434647 -31.914349 17.744581
-5.409232 -32.116478 17.901854
-5.549522 -32.008817 17.838663
-5.409232 -32.116478 17.901854
-5.549522 -32.008817 17.838663
-5.664544 -32.108296 17.924536
-5.524254 -32.215957 17.987726
-5.524254 -32.215957 17.987726
-5.664544 -32.108296 17.924536
-5.779471 -32.212792 18.001648
-5.639181 -32.320454 18.064838
-5.639181 -32.320454 18.064838
-5.779471 -32.212792 18.001648
-5.894976 -32.323541 18.069391
-5.754686 -32.431203 18.132582
-5.754686 -32.431203 18.132582
-5.894976 -32.323541 18.069391
-6.008555 -32.436853 18.128493
-5.868266 -32.544515 18.191684
-5.868266 -32.544515 18.191684
-6.008555 -32.436853 18.128493
-6.121677 -32.555194 18.178010
-5.981387 -32.662855 18.241201
-5.981387 -32.662855 18.241201
-6.121677 -32.555194 18.178010
-9.344995 -37.551574 16.821475
-5.981387 -32.662855 18.241201
-6.121677 -32.555194 18.178010
-9.204705 -37.659235 16.884666
-9.204705 -37.659235 16.884666
-9.344995 -37.551574 16.821475
-5.981387 -32.662855 18.241201
-6.121677 -32.555194 18.178010
-9.386510 -37.672741 16.707205
-9.204705 -37.659235 16.884666
-9.344995 -37.551574 16.821475
-9.246221 -37.780402 16.770395
-9.246221 -37.780402 16.770395
-9.386510 -37.672741 16.707205
-9.204705 -37.659235 16.884666
-9.344995 -37.551574 16.821475
-9.421711 -37.789953 16.585652
-9.281421 -37.897614 16.648842
-9.281421 -37.897614 16.648842
-9.421711 -37.789953 16.585652
-9.450638 -37.903084 16.457124
-9.310349 -38.010746 16.520315
-9.310349 -38.010746 16.520315
-9.450638 -37.903084 16.457124
-9.473296 -38.011758 16.322272
-9.333006 -38.119420 16.385463
-9.333006 -38.119420 16.385463
-9.473296 -38.011758 16.322272
-9.489347 -38.115357 16.181400
-9.349058 -38.223019 16.244591
-9.349058 -38.223019 16.244591
-9.489347 -38.115357 16.181400
-9.498896 -38.213754 16.034955
-9.358606 -38.321415 16.098145
-9.358606 -38.321415 16.098145
-9.498896 -38.213754 16.034955
-9.361613 -38.414359 15.946467
-9.501903 -38.306698 15.883277
-9.361613 -38.414359 15.946467
-9.501903 -38.306698 15.883277
-9.358065 -38.501349 15.790378
-9.498354 -38.393688 15.727188
-9.358065 -38.501349 15.790378
-9.498354 -38.393688 15.727188
-9.347922 -38.582136 15.630219
-9.488212 -38.474475 15.567029
-9.347922 -38.582136 15.630219
-9.488212 -38.474475 15.567029
-9.471517 -38.548932 15.403109
-9.331228 -38.656593 15.466300
-9.331228 -38.656593 15.466300
-9.471517 -38.548932 15.403109
-9.308187 -38.724463 15.299511
-9.448476 -38.616802 15.236320
-9.308187 -38.724463 15.299511
-9.448476 -38.616802 15.236320
-9.418989 -38.677838 15.066866
-9.278700 -38.785499 15.130056
-9.278700 -38.785499 15.130056
-9.418989 -38.677838 15.066866
7.022166 -39.257662 -21.864027
-9.418989 -38.677838 15.066866
6.881877 -39.150001 -21.927217
-9.278700 -38.785499 15.130056
-9.278700 -38.785499 15.130056
7.022166 -39.257662 -21.864027
-9.418989 -38.677838 15.066866
6.881877 -39.150001 -21.927217
7.128733 -39.193546 -21.991378
6.881877 -39.150001 -21.927217
6.988444 -39.085884 -22.054569
7.022166 -39.257662 -21.864027
7.022166 -39.257662 -21.864027
7.128733 -39.193546 -21.991378
6.881877 -39.150001 -21.927217
6.988444 -39.085884 -22.054569
7.237043 -39.123963 -22.113287
7.096754 -39.016302 -22.176477
7.237043 -39.123963 -22.113287
7.096754 -39.016302 -22.176477
7.346792 -39.049157 -22.229489
7.206503 -38.941495 -22.292679
7.346792 -39.049157 -22.229489
7.206503 -38.941495 -22.292679
7.457780 -38.969246 -22.339743
7.317491 -38.861584 -22.402933
7.457780 -38.969246 -22.339743
7.317491 -38.861584 -22.402933
7.569793 -38.884349 -22.443780
7.429504 -38.776688 -22.506971
7.569793 -38.884349 -22.443780
7.429504 -38.776688 -22.506971
7.682638 -38.794587 -22.541373
7.542348 -38.686925 -22.604564
7.682638 -38.794587 -22.541373
7.542348 -38.686925 -22.604564
7.795948 -38.700324 -22.632333
7.655659 -38.592663 -22.695524
7.795948 -38.700324 -22.632333
7.655659 -38.592663 -22.695524
7.909456 -38.601805 -22.716480
7.769167 -38.494143 -22.779670
7.909456 -38.601805 -22.716480
7.769167 -38.494143 -22.779670
8.023053 -38.499025 -22.793565
7.882764 -38.391363 -22.856755
8.023053 -38.499025 -22.793565
7.882764 -38.391363 -22.856755
8.136484 -38.392228 -22.863436
7.996195 -38.284566 -22.926627
8.136484 -38.392228 -22.863436
7.996195 -38.284566 -22.926627
8.249339 -38.281904 -22.926021
8.109050 -38.174242 -22.989211
8.249339 -38.281904 -22.926021
8.109050 -38.174242 -22.989211
8.361516 -38.168049 -22.981085
8.221227 -38.060388 -23.044275
8.361516 -38.168049 -22.981085
8.221227 -38.060388 -23.044275
45.589661 19.593174 -7.220127
30.569816 -3.743553 -13.634711
45.548974 19.475243 -7.330724
30.460360 -3.858239 -13.587105
45.624289 19.707519 -7.102188
30.349629 -3.969126 -13.530194
45.652204 19.817044 -6.977557
30.237748 -4.076219 -13.464267
45.673550 19.921743 -6.846565
30.126451 -4.177059 -13.388984
45.688480 20.021614 -6.709555
30.014301 -4.274113 -13.305357
45.697162 20.116650 -6.566912
29.903068 -4.364925 -13.213132
45.698973 20.205616 -6.419355
29.792129 -4.450731 -13.113026
45.694895 20.289738 -6.266977
29.683258 -4.529073 -13.004798
45.683544 20.366548 -6.110912
29.575067 -4.602421 -12.889570
45.665909 20.437271 -5.951266
29.469351 -4.668317 -12.767140
45.642209 20.501900 -5.788535
29.365527 -4.727999 -12.638324
45.611860 20.559200 -5.623534
29.264608 -4.780242 -12.503284
44.256071 18.905860 -5.430437
29.310995 21.031363 31.370549
28.494870 19.362391 30.338901
14.291468 -2.653926 24.361392
30.052669 -3.110457 -11.407947
12.963742 -4.308079 24.490800
29.208088 20.977923 31.507964
12.931564 -4.251981 24.657818
12.905234 -4.189783 24.822245
29.103029 20.918277 31.639584
12.885666 -4.120258 24.984140
28.995265 20.851186 31.764525
12.873104 -4.043413 25.142955
28.885832 20.777875 31.882571
12.866202 -3.961717 25.297469
28.774119 20.697107 31.992977
12.866729 -3.872713 25.447941
28.661835 20.611341 32.096134
12.873218 -3.778867 25.593425
28.548488 20.519336 32.191022
12.886766 -3.678957 25.733569
28.434994 20.422321 32.277701
12.906641 -3.574214 25.867902
28.320740 20.319058 32.355422
12.932229 -3.465876 25.995676
28.207435 20.212007 32.424580
12.964506 -3.352717 26.116814
28.094468 20.099931 32.484429
13.003594 -3.234739 26.231040
27.982753 19.984057 32.535027
27.982753 19.984057 32.535027
28.094468 20.099931 32.484429
13.003594 -3.234739 26.231040
12.964506 -3.352717 26.116814
28.207435 20.212007 32.424580
12.932229 -3.465876 25.995676
28.320740 20.319058 32.355422
12.906641 -3.574214 25.867902
28.434994 20.422321 32.277701
12.886766 -3.678957 25.733569
28.548488 20.519336 32.191022
12.873218 -3.778867 25.593425
28.661835 20.611341 32.096134
12.866729 -3.872713 25.447941
28.774119 20.697107 31.992977
12.866202 -3.961717 25.297469
28.885832 20.777875 31.882571
12.873104 -4.043413 25.142955
28.995265 20.851186 31.764525
12.885666 -4.120258 24.984140
29.103029 20.918277 31.639584
12.905234 -4.189783 24.822245
29.208088 20.977923 31.507964
12.931564 -4.251981 24.657818
12.963742 -4.308079 24.490800
29.310995 21.031363 31.370549
14.291468 -2.653926 24.361392
30.052669 -3.110457 -11.407947
44.256071 18.905860 -5.430437
29.264608 -4.780242 -12.503284
28.494870 19.362391 30.338901
45.611860 20.559200 -5.623534
29.365527 -4.727999 -12.638324
45.642209 20.501900 -5.788535
29.469351 -4.668317 -12.767140
45.665909 20.437271 -5.951266
29.575067 -4.602421 -12.889570
45.683544 20.366548 -6.110912
29.683258 -4.529073 -13.004798
45.694895 20.289738 -6.266977
29.792129 -4.450731 -13.113026
45.698973 20.205616 -6.419355
29.903068 -4.364925 -13.213132
45.697162 20.116650 -6.566912
30.014301 -4.274113 -13.305357
45.688480 20.021614 -6.709555
30.126451 -4.177059 -13.388984
45.673550 19.921743 -6.846565
30.237748 -4.076219 -13.464267
45.652204 19.817044 -6.977557
30.349629 -3.969126 -13.530194
45.624289 19.707519 -7.102188
30.460360 -3.858239 -13.587105
45.589661 19.593174 -7.220127
30.569816 -3.743553 -13.634711
45.548974 19.475243 -7.330724
45.548974 19.475243 -7.330724
30.429526 -3.635892 -13.697901
45.408685 19.582904 -7.393914
30.569816 -3.743553 -13.634711
30.569816 -3.743553 -13.634711
45.548974 19.475243 -7.330724
30.429526 -3.635892 -13.697901
45.408685 19.582904 -7.393914
45.589661 19.593174 -7.220127
45.408685 19.582904 -7.393914
45.449372 19.700835 -7.283317
45.548974 19.475243 -7.330724
45.548974 19.475243 -7.330724
45.589661 19.593174 -7.220127
45.408685 19.582904 -7.393914
45.449372 19.700835 -7.283317
45.624289 19.707519 -7.102188
45.484000 19.815180 -7.165378
45.624289 19.707519 -7.102188
45.484000 19.815180 -7.165378
45.652204 19.817044 -6.977557
45.511914 19.924705 -7.040748
45.652204 19.817044 -6.977557
45.511914 19.924705 -7.040748
45.673550 19.921743 -6.846565
45.533261 20.029405 -6.909756
45.673550 19.921743 -6.846565
45.533261 20.029405 -6.909756
45.688480 20.021614 -6.709555
45.548190 20.129275 -6.772746
45.688480 20.021614 -6.709555
45.548190 20.129275 -6.772746
45.697162 20.116650 -6.566912
45.556873 20.224312 -6.630103
45.697162 20.116650 -6.566912
45.556873 20.224312 -6.630103
45.558684 20.313278 -6.482546
45.698973 20.205616 -6.419355
45.698973 20.205616 -6.419355
45.558684 20.313278 -6.482546
45.694895 20.289738 -6.266977
45.554605 20.397400 -6.330167
45.694895 20.289738 -6.266977
45.554605 20.397400 -6.330167
45.683544 20.366548 -6.110912
45.543255 20.474209 -6.174102
45.683544 20.366548 -6.110912
45.543255 20.474209 -6.174102
45.525620 20.544932 -6.014457
45.665909 20.437271 -5.951266
45.665909 20.437271 -5.951266
45.525620 20.544932 -6.014457
45.501920 20.609562 -5.851726
45.642209 20.501900 -5.788535
45.642209 20.501900 -5.788535
45.501920 20.609562 -5.851726
45.611860 20.559200 -5.623534
45.471571 20.666861 -5.686724
45.611860 20.559200 -5.623534
45.471571 20.666861 -5.686724
29.310995 21.031363 31.370549
45.471571 20.666861 -5.686724
29.170705 21.139024 31.307359
45.611860 20.559200 -5.623534
45.611860 20.559200 -5.623534
29.310995 21.031363 31.370549
45.471571 20.666861 -5.686724
29.170705 21.139024 31.307359
29.067799 21.085584 31.444774
29.310995 21.031363 31.370549
29.170705 21.139024 31.307359
29.208088 20.977923 31.507964
29.208088 20.977923 31.507964
29.067799 21.085584 31.444774
29.310995 21.031363 31.370549
29.170705 21.139024 31.307359
29.103029 20.918277 31.639584
28.962739 21.025938 31.576394
29.103029 20.918277 31.639584
28.962739 21.025938 31.576394
28.854975 20.958848 31.701335
28.995265 20.851186 31.764525
28.995265 20.851186 31.764525
28.854975 20.958848 31.701335
28.885832 20.777875 31.882571
28.745543 20.885536 31.819381
28.885832 20.777875 31.882571
28.745543 20.885536 31.819381
28.633830 20.804768 31.929786
28.774119 20.697107 31.992977
28.774119 20.697107 31.992977
28.633830 20.804768 31.929786
28.661835 20.611341 32.096134
28.521546 20.719002 32.032944
28.661835 20.611341 32.096134
28.521546 20.719002 32.032944
28.408199 20.626997 32.127832
28.548488 20.519336 32.191022
28.548488 20.519336 32.191022
28.408199 20.626997 32.127832
28.294704 20.529982 32.214510
28.434994 20.422321 32.277701
28.434994 20.422321 32.277701
28.294704 20.529982 32.214510
28.180450 20.426720 32.292232
28.320740 20.319058 32.355422
28.320740 20.319058 32.355422
28.180450 20.426720 32.292232
28.067146 20.319668 32.361390
28.207435 20.212007 32.424580
28.207435 20.212007 32.424580
28.067146 20.319668 32.361390
27.954178 20.207592 32.421238
28.094468 20.099931 32.484429
28.094468 20.099931 32.484429
27.954178 20.207592 32.421238
27.842463 20.091718 32.471836
27.982753 19.984057 32.535027
27.982753 19.984057 32.535027
27.842463 20.091718 32.471836
12.863305 -3.127078 26.167850
27.982753 19.984057 32.535027
27.842463 20.091718 32.471836
13.003594 -3.234739 26.231040
13.003594 -3.234739 26.231040
12.863305 -3.127078 26.167850
27.982753 19.984057 32.535027
27.842463 20.091718 32.471836
12.824217 -3.245055 26.053623
13.003594 -3.234739 26.231040
12.863305 -3.127078 26.167850
12.964506 -3.352717 26.116814
12.964506 -3.352717 26.116814
12.824217 -3.245055 26.053623
13.003594 -3.234739 26.231040
12.863305 -3.127078 26.167850
12.791940 -3.358215 25.932486
12.932229 -3.465876 25.995676
12.932229 -3.465876 25.995676
12.791940 -3.358215 25.932486
12.766352 -3.466553 25.804711
12.906641 -3.574214 25.867902
12.906641 -3.574214 25.867902
12.766352 -3.466553 25.804711
12.746477 -3.571295 25.670379
12.886766 -3.678957 25.733569
12.886766 -3.678957 25.733569
12.746477 -3.571295 25.670379
12.732929 -3.671206 25.530235
12.873218 -3.778867 25.593425
12.873218 -3.778867 25.593425
12.732929 -3.671206 25.530235
12.866729 -3.872713 25.447941
12.726439 -3.765052 25.384750
12.866729 -3.872713 25.447941
12.726439 -3.765052 25.384750
12.725912 -3.854055 25.234279
12.866202 -3.961717 25.297469
12.866202 -3.961717 25.297469
12.725912 -3.854055 25.234279
12.873104 -4.043413 25.142955
12.732815 -3.935751 25.079764
12.873104 -4.043413 25.142955
12.732815 -3.935751 25.079764
12.745377 -4.012596 24.920950
12.885666 -4.120258 24.984140
12.885666 -4.120258 24.984140
12.745377 -4.012596 24.920950
12.764944 -4.082121 24.759054
12.905234 -4.189783 24.822245
12.905234 -4.189783 24.822245
12.764944 -4.082121 24.759054
12.791275 -4.144319 24.594627
12.931564 -4.251981 24.657818
12.931564 -4.251981 24.657818
12.791275 -4.144319 24.594627
12.963742 -4.308079 24.490800
12.823453 -4.200418 24.427609
12.963742 -4.308079 24.490800
12.823453 -4.200418 24.427609
29.124319 -4.672581 -12.566474
12.963742 -4.308079 24.490800
12.823453 -4.200418 24.427609
29.264608 -4.780242 -12.503284
29.264608 -4.780242 -12.503284
29.124319 -4.672581 -12.566474
12.963742 -4.308079 24.490800
12.823453 -4.200418 24.427609
29.225238 -4.620337 -12.701515
29.264608 -4.780242 -12.503284
29.124319 -4.672581 -12.566474
29.365527 -4.727999 -12.638324
29.365527 -4.727999 -12.638324
29.225238 -4.620337 -12.701515
29.264608 -4.780242 -12.503284
29.124319 -4.672581 -12.566474
29.469351 -4.668317 -12.767140
29.329062 -4.560655 -12.830330
29.469351 -4.668317 -12.767140
29.329062 -4.560655 -12.830330
29.575067 -4.602421 -12.889570
29.434778 -4.494759 -12.952760
29.575067 -4.602421 -12.889570
29.434778 -4.494759 -12.952760
29.683258 -4.529073 -13.004798
29.542968 -4.421412 -13.067988
29.683258 -4.529073 -13.004798
29.542968 -4.421412 -13.067988
29.792129 -4.450731 -13.113026
29.651840 -4.343069 -13.176216
29.792129 -4.450731 -13.113026
29.651840 -4.343069 -13.176216
29.903068 -4.364925 -13.213132
29.762779 -4.257264 -13.276322
29.903068 -4.364925 -13.213132
29.762779 -4.257264 -13.276322
29.874012 -4.166452 -13.368548
30.014301 -4.274113 -13.305357
30.014301 -4.274113 -13.305357
29.874012 -4.166452 -13.368548
30.126451 -4.177059 -13.388984
29.986161 -4.069398 -13.452174
30.126451 -4.177059 -13.388984
29.986161 -4.069398 -13.452174
30.237748 -4.076219 -13.464267
30.097458 -3.968557 -13.527457
30.237748 -4.076219 -13.464267
30.097458 -3.968557 -13.527457
30.349629 -3.969126 -13.530194
30.209339 -3.861465 -13.593385
30.349629 -3.969126 -13.530194
30.209339 -3.861465 -13.593385
30.460360 -3.858239 -13.587105
30.320071 -3.750578 -13.650296
30.460360 -3.858239 -13.587105
30.320071 -3.750578 -13.650296
30.569816 -3.743553 -13.634711
30.429526 -3.635892 -13.697901
30.569816 -3.743553 -13.634711
30.429526 -3.635892 -13.697901
-21.904938 -23.716413 -4.245966
-23.131321 -23.699572 -1.494572
-20.279920 -24.255493 -6.044705
-19.016678 -25.064398 -6.049431
-18.706214 -25.764883 -4.257774
-19.493898 -26.028974 -1.507983
-21.011026 -25.733229 0.913080
-22.547873 -25.015903 1.872817
-23.385155 -24.212816 0.921953
-3.328177 -17.959795 -34.686595
-4.045983 -18.629736 -35.065721
-2.384521 -17.789194 -34.220690
-1.468301 -18.164470 -33.793055
11.603149 -23.124144 -27.673775
-8.384745 -24.902159 18.351939
22.553094 2.486837 5.538383
-8.248499 26.124714 -8.335553
22.523640 2.299622 5.284806
-8.277953 25.937500 -8.589131
-8.248499 26.124714 -8.335553
22.523640 2.299622 5.284806
-8.277953 25.937500 -8.589131
22.553094 2.486837 5.538383
22.512981 2.126908 5.014206
-8.288612 25.764786 -8.859731
-8.288612 25.764786 -8.859731
22.512981 2.126908 5.014206
3.063131 44.106106 -2.812557
-7.936925 27.003370 -7.530260
-7.814922 27.244324 -7.390591
-4.659630 47.825355 20.669496
-4.637524 47.951347 20.835078
-4.676204 47.702964 20.497767
-4.685780 47.586639 20.320836
-4.688539 47.476386 20.139115
-4.685335 47.370975 19.952408
-4.674823 47.272875 19.761931
-4.658772 47.179630 19.567430
-4.635656 47.093703 19.369710
-4.605655 47.015100 19.169183
-4.569867 46.942597 18.966204
-4.528353 46.876198 18.760908
-4.479705 46.818368 18.554378
2.934129 45.616893 0.047862
-8.042601 26.768212 -7.696303
-8.129871 26.542550 -7.887028
-8.198606 26.327636 -8.100589
-8.248499 26.124714 -8.335553
-8.277953 25.937500 -8.589131
-8.288612 25.764786 -8.859731
-8.278207 25.611523 -9.143955
-8.248441 25.476505 -9.440075
-8.198878 25.362229 -9.744811
-8.129752 25.269954 -10.055491
-8.042276 25.199716 -10.369367
1.822496 24.913978 -32.757025
3.123841 44.292415 -2.629913
3.171785 44.470318 -2.433250
3.206532 44.638573 -2.223726
3.228385 44.797170 -2.002029
1.855835 24.806440 -33.014258
1.882259 24.691580 -33.268616
1.902429 24.570633 -33.519462
1.916207 24.443601 -33.766481
1.923482 24.310489 -34.009424
1.924122 24.171300 -34.247989
1.918018 24.026038 -34.481930
17.334082 47.314929 -29.028494
3.014725 45.563154 -0.222629
3.083431 45.494713 -0.491769
3.139700 45.411587 -0.758320
3.183722 45.315024 -1.020574
3.214219 45.203807 -1.277765
3.232171 45.080416 -1.527850
3.237034 44.944867 -1.769592
1.905848 23.875936 -34.710649
1.886704 23.719767 -34.934221
1.861282 23.558765 -35.152091
1.829468 23.392933 -35.363999
1.791170 23.222274 -35.569737
17.334082 47.314929 -29.028494
1.829468 23.392933 -35.363999
1.791170 23.222274 -35.569737
1.861282 23.558765 -35.152091
1.886704 23.719767 -34.934221
1.905848 23.875936 -34.710649
1.918018 24.026038 -34.481930
3.228385 44.797170 -2.002029
3.237034 44.944867 -1.769592
3.232171 45.080416 -1.527850
3.214219 45.203807 -1.277765
3.183722 45.315024 -1.020574
3.139700 45.411587 -0.758320
3.083431 45.494713 -0.491769
3.014725 45.563154 -0.222629
2.934129 45.616893 0.047862
-4.637524 47.951347 20.835078
1.924122 24.171300 -34.247989
1.923482 24.310489 -34.009424
1.916207 24.443601 -33.766481
1.902429 24.570633 -33.519462
1.882259 24.691580 -33.268616
1.855835 24.806440 -33.014258
1.822496 24.913978 -32.757025
3.206532 44.638573 -2.223726
3.171785 44.470318 -2.433250
3.123841 44.292415 -2.629913
3.063131 44.106106 -2.812557
-8.042276 25.199716 -10.369367
-8.129752 25.269954 -10.055491
-8.198878 25.362229 -9.744811
-8.248441 25.476505 -9.440075
-8.278207 25.611523 -9.143955
-8.288612 25.764786 -8.859731
-8.277953 25.937500 -8.589131
-8.248499 26.124714 -8.335553
-8.198606 26.327636 -8.100589
-8.129871 26.542550 -7.887028
-8.042601 26.768212 -7.696303
-7.936925 27.003370 -7.530260
-4.479705 46.818368 18.554378
-4.528353 46.876198 18.760908
-4.569867 46.942597 18.966204
-4.605655 47.015100 19.169183
-4.635656 47.093703 19.369710
-4.658772 47.179630 19.567430
-4.674823 47.272875 19.761931
-4.685335 47.370975 19.952408
-4.688539 47.476386 20.139115
-4.685780 47.586639 20.320836
-4.676204 47.702964 20.497767
-4.659630 47.825355 20.669496
-7.814922 27.244324 -7.390591
22.602987 2.689759 5.773347
-8.198606 26.327636 -8.100589
-8.198606 26.327636 -8.100589
22.602987 2.689759 5.773347
30.028378 22.579139 23.174958
33.735723 21.979016 13.921798
30.726562 24.181315 24.354642
33.816319 21.925276 13.651307
22.986671 3.606447 6.483346
22.864668 3.365493 6.343676
33.864724 20.468228 11.061380
22.758992 3.130334 6.177634
22.671723 2.904673 5.986909
22.602987 2.689759 5.773347
22.553094 2.486837 5.538383
22.523640 2.299622 5.284806
22.512981 2.126908 5.014206
22.523386 1.973645 4.729982
22.553152 1.838628 4.433862
22.602715 1.724352 4.129126
22.671841 1.632077 3.818445
22.759318 1.561838 3.504569
32.624090 1.276100 -18.883088
33.925434 20.654538 11.244024
33.973378 20.832441 11.440687
34.008125 21.000695 11.650211
34.029978 21.159293 11.871908
32.657428 1.168563 -19.140321
32.683852 1.053703 -19.394679
32.704023 0.932755 -19.645526
32.717800 0.805724 -19.892544
32.725075 0.672612 -20.135487
32.725715 0.533423 -20.374053
32.719611 0.388161 -20.607993
48.135675 23.677051 -15.154558
33.885024 21.856835 13.382168
33.941294 21.773709 13.115616
33.985316 21.677147 12.853362
34.015812 21.565930 12.596171
34.033764 21.442539 12.346086
34.038628 21.306989 12.104344
32.707441 0.238059 -20.836712
32.688297 0.081890 -21.060284
32.662875 -0.079112 -21.278155
32.631061 -0.244944 -21.490062
32.592764 -0.415603 -21.695800
32.631061 -0.244944 -21.490062
48.135675 23.677051 -15.154558
32.592764 -0.415603 -21.695800
32.662875 -0.079112 -21.278155
32.688297 0.081890 -21.060284
32.707441 0.238059 -20.836712
32.719611 0.388161 -20.607993
34.029978 21.159293 11.871908
34.038628 21.306989 12.104344
34.033764 21.442539 12.346086
34.015812 21.565930 12.596171
33.985316 21.677147 12.853362
33.941294 21.773709 13.115616
33.885024 21.856835 13.382168
33.816319 21.925276 13.651307
30.726562 24.181315 24.354642
32.725715 0.533423 -20.374053
32.725075 0.672612 -20.135487
32.717800 0.805724 -19.892544
32.704023 0.932755 -19.645526
32.683852 1.053703 -19.394679
32.657428 1.168563 -19.140321
32.624090 1.276100 -18.883088
34.008125 21.000695 11.650211
33.973378 20.832441 11.440687
33.925434 20.654538 11.244024
33.864724 20.468228 11.061380
22.759318 1.561838 3.504569
22.671841 1.632077 3.818445
22.602715 1.724352 4.129126
22.553152 1.838628 4.433862
22.523386 1.973645 4.729982
22.512981 2.126908 5.014206
22.523640 2.299622 5.284806
22.553094 2.486837 5.538383
22.602987 2.689759 5.773347
22.671723 2.904673 5.986909
22.758992 3.130334 6.177634
22.864668 3.365493 6.343676
22.986671 3.606447 6.483346
33.735723 21.979016 13.921798
30.028378 22.579139 23.174958
22.523386 1.973645 4.729982
-8.278207 25.611523 -9.143955
-8.278207 25.611523 -9.143955
22.523386 1.973645 4.729982
48.135675 23.677051 -15.154558
32.592764 -0.415603 -21.695800
17.334082 47.314929 -29.028494
1.791170 23.222274 -35.569737
32.592764 -0.415603 -21.695800
17.334082 47.314929 -29.028494
1.791170 23.222274 -35.569737
48.135675 23.677051 -15.154558
32.129456 23.104701 24.986546
30.726562 24.181315 24.354642
27.566963 23.236856 35.340919
-4.637524 47.951347 20.835078
48.135675 23.677051 -15.154558
17.334082 47.314929 -29.028494
48.135675 23.677051 -15.154558
-4.637524 47.951347 20.835078
17.334082 47.314929 -29.028494
30.726562 24.181315 24.354642
27.566963 23.236856 35.340919
32.129456 23.104701 24.986546
-4.637524 47.951347 20.835078
-4.659630 47.825355 20.669496
27.566963 23.236856 35.340919
27.544857 23.110864 35.175336
-4.659630 47.825355 20.669496
27.566963 23.236856 35.340919
27.544857 23.110864 35.175336
-4.637524 47.951347 20.835078
-4.676204 47.702964 20.497767
27.528282 22.988473 35.003608
-4.676204 47.702964 20.497767
27.528282 22.988473 35.003608
27.518707 22.872148 34.826677
-4.685780 47.586639 20.320836
27.518707 22.872148 34.826677
-4.685780 47.586639 20.320836
27.515948 22.761895 34.644956
-4.688539 47.476386 20.139115
-4.688539 47.476386 20.139115
27.515948 22.761895 34.644956
27.519152 22.656484 34.458248
-4.685335 47.370975 19.952408
27.519152 22.656484 34.458248
-4.685335 47.370975 19.952408
27.529664 22.558384 34.267772
-4.674823 47.272875 19.761931
-4.674823 47.272875 19.761931
27.529664 22.558384 34.267772
27.545715 22.465139 34.073271
-4.658772 47.179630 19.567430
-4.658772 47.179630 19.567430
27.545715 22.465139 34.073271
27.568831 22.379212 33.875551
-4.635656 47.093703 19.369710
27.568831 22.379212 33.875551
-4.635656 47.093703 19.369710
27.598832 22.300608 33.675024
-4.605655 47.015100 19.169183
-4.605655 47.015100 19.169183
27.598832 22.300608 33.675024
27.634620 22.228106 33.472045
-4.569867 46.942597 18.966204
-4.569867 46.942597 18.966204
27.634620 22.228106 33.472045
27.676134 22.161707 33.266749
-4.528353 46.876198 18.760908
27.676134 22.161707 33.266749
-4.528353 46.876198 18.760908
27.724782 22.103877 33.060219
-4.479705 46.818368 18.554378
-4.479705 46.818368 18.554378
27.724782 22.103877 33.060219
31.431272 21.502525 23.806862
27.724782 22.103877 33.060219
30.028378 22.579139 23.174958
-4.479705 46.818368 18.554378
33.735723 21.979016 13.921798
2.934129 45.616893 0.047862
-4.479705 46.818368 18.554378
33.735723 21.979016 13.921798
2.934129 45.616893 0.047862
30.028378 22.579139 23.174958
27.724782 22.103877 33.060219
31.431272 21.502525 23.806862
33.816319 21.925276 13.651307
33.735723 21.979016 13.921798
3.014725 45.563154 -0.222629
2.934129 45.616893 0.047862
33.735723 21.979016 13.921798
3.014725 45.563154 -0.222629
2.934129 45.616893 0.047862
33.816319 21.925276 13.651307
33.885024 21.856835 13.382168
3.083431 45.494713 -0.491769
3.083431 45.494713 -0.491769
33.885024 21.856835 13.382168
33.941294 21.773709 13.115616
3.139700 45.411587 -0.758320
3.139700 45.411587 -0.758320
33.941294 21.773709 13.115616
33.985316 21.677147 12.853362
3.183722 45.315024 -1.020574
33.985316 21.677147 12.853362
3.183722 45.315024 -1.020574
34.015812 21.565930 12.596171
3.214219 45.203807 -1.277765
3.214219 45.203807 -1.277765
34.015812 21.565930 12.596171
34.033764 21.442539 12.346086
3.232171 45.080416 -1.527850
34.033764 21.442539 12.346086
3.232171 45.080416 -1.527850
34.038628 21.306989 12.104344
3.237034 44.944867 -1.769592
3.237034 44.944867 -1.769592
34.038628 21.306989 12.104344
34.029978 21.159293 11.871908
3.228385 44.797170 -2.002029
3.228385 44.797170 -2.002029
34.029978 21.159293 11.871908
34.008125 21.000695 11.650211
3.206532 44.638573 -2.223726
34.008125 21.000695 11.650211
3.206532 44.638573 -2.223726
33.973378 20.832441 11.440687
3.171785 44.470318 -2.433250
33.973378 20.832441 11.440687
3.171785 44.470318 -2.433250
33.925434 20.654538 11.244024
3.123841 44.292415 -2.629913
33.925434 20.654538 11.244024
3.123841 44.292415 -2.629913
33.864724 20.468228 11.061380
3.063131 44.106106 -2.812557
33.864724 20.468228 11.061380
3.063131 44.106106 -2.812557
33.864724 20.468228 11.061380
3.063131 44.106106 -2.812557
22.986671 3.606447 6.483346
-7.814922 27.244324 -7.390591
3.063131 44.106106 -2.812557
22.986671 3.606447 6.483346
-7.814922 27.244324 -7.390591
33.864724 20.468228 11.061380
22.986671 3.606447 6.483346
-7.814922 27.244324 -7.390591
22.864668 3.365493 6.343676
-7.936925 27.003370 -7.530260
-7.814922 27.244324 -7.390591
22.864668 3.365493 6.343676
-7.936925 27.003370 -7.530260
22.986671 3.606447 6.483346
22.758992 3.130334 6.177634
-8.042601 26.768212 -7.696303
22.758992 3.130334 6.177634
-8.042601 26.768212 -7.696303
22.671723 2.904673 5.986909
-8.129871 26.542550 -7.887028
22.671723 2.904673 5.986909
-8.129871 26.542550 -7.887028
22.553152 1.838628 4.433862
-8.248441 25.476505 -9.440075
22.553152 1.838628 4.433862
-8.248441 25.476505 -9.440075
22.602715 1.724352 4.129126
-8.198878 25.362229 -9.744811
-8.198878 25.362229 -9.744811
22.602715 1.724352 4.129126
22.671841 1.632077 3.818445
-8.129752 25.269954 -10.055491
22.671841 1.632077 3.818445
-8.129752 25.269954 -10.055491
22.759318 1.561838 3.504569
-8.042276 25.199716 -10.369367
-8.042276 25.199716 -10.369367
22.759318 1.561838 3.504569
32.624090 1.276100 -18.883088
22.759318 1.561838 3.504569
1.822496 24.913978 -32.757025
-8.042276 25.199716 -10.369367
22.759318 1.561838 3.504569
1.822496 24.913978 -32.757025
-8.042276 25.199716 -10.369367
32.624090 1.276100 -18.883088
32.657428 1.168563 -19.140321
32.624090 1.276100 -18.883088
1.855835 24.806440 -33.014258
1.822496 24.913978 -32.757025
32.624090 1.276100 -18.883088
1.855835 24.806440 -33.014258
1.822496 24.913978 -32.757025
32.657428 1.168563 -19.140321
32.683852 1.053703 -19.394679
1.882259 24.691580 -33.268616
32.683852 1.053703 -19.394679
1.882259 24.691580 -33.268616
32.704023 0.932755 -19.645526
1.902429 24.570633 -33.519462
1.902429 24.570633 -33.519462
32.704023 0.932755 -19.645526
32.717800 0.805724 -19.892544
1.916207 24.443601 -33.766481
1.916207 24.443601 -33.766481
32.717800 0.805724 -19.892544
32.725075 0.672612 -20.135487
1.923482 24.310489 -34.009424
32.725075 0.672612 -20.135487
1.923482 24.310489 -34.009424
32.725715 0.533423 -20.374053
1.924122 24.171300 -34.247989
1.924122 24.171300 -34.247989
32.725715 0.533423 -20.374053
32.719611 0.388161 -20.607993
1.918018 24.026038 -34.481930
32.719611 0.388161 -20.607993
1.918018 24.026038 -34.481930
32.707441 0.238059 -20.836712
1.905848 23.875936 -34.710649
1.905848 23.875936 -34.710649
32.707441 0.238059 -20.836712
32.688297 0.081890 -21.060284
1.886704 23.719767 -34.934221
32.688297 0.081890 -21.060284
1.886704 23.719767 -34.934221
32.662875 -0.079112 -21.278155
1.861282 23.558765 -35.152091
32.662875 -0.079112 -21.278155
1.861282 23.558765 -35.152091
32.631061 -0.244944 -21.490062
1.829468 23.392933 -35.363999
32.631061 -0.244944 -21.490062
1.829468 23.392933 -35.363999
32.592764 -0.415603 -21.695800
1.791170 23.222274 -35.569737
32.592764 -0.415603 -21.695800
1.791170 23.222274 -35.569737
30.726562 24.181315 24.354642
32.129456 23.104701 24.986546
30.028378 22.579139 23.174958
31.431272 21.502525 23.806862
32.129456 23.104701 24.986546
30.028378 22.579139 23.174958
31.431272 21.502525 23.806862
30.726562 24.181315 24.354642
27.544857 23.110864 35.175336
27.528282 22.988473 35.003608
27.566963 23.236856 35.340919
27.518707 22.872148 34.826677
27.515948 22.761895 34.644956
27.519152 22.656484 34.458248
27.529664 22.558384 34.267772
27.545715 22.465139 34.073271
27.568831 22.379212 33.875551
27.598832 22.300608 33.675024
27.634620 22.228106 33.472045
27.676134 22.161707 33.266749
27.724782 22.103877 33.060219
32.129456 23.104701 24.986546
31.431272 21.502525 23.806862
27.724782 22.103877 33.060219
32.129456 23.104701 24.986546
31.431272 21.502525 23.806862
27.566963 23.236856 35.340919
27.676134 22.161707 33.266749
27.634620 22.228106 33.472045
27.598832 22.300608 33.675024
27.568831 22.379212 33.875551
27.545715 22.465139 34.073271
27.529664 22.558384 34.267772
27.519152 22.656484 34.458248
27.515948 22.761895 34.644956
27.518707 22.872148 34.826677
27.528282 22.988473 35.003608
27.544857 23.110864 35.175336
-29.636687 -18.125542 10.261352
-29.186133 -18.024120 9.566919
-29.307714 -18.135071 9.514762
-29.524010 -18.014333 10.333716
-29.524010 -18.014333 10.333716
-29.636687 -18.125542 10.261352
-29.186133 -18.024120 9.566919
-29.307714 -18.135071 9.514762
-29.029330 -17.993563 9.635622
-28.048287 -18.691234 10.076808
-28.880372 -18.052673 9.702013
-27.946970 -18.824192 10.123148
-29.186133 -18.024120 9.566919
-27.920386 -18.995484 10.137048
-29.307714 -18.135071 9.514762
-27.974965 -19.157854 10.115071
-30.144689 -19.432443 9.162521
-28.811940 -20.455226 9.762830
-30.199856 -19.595466 9.140293
-28.934110 -20.566830 9.710422
-30.172955 -19.766265 9.154327
-29.090595 -20.596894 9.641853
-30.071558 -19.899100 9.200701
-29.239474 -20.537661 9.575496
-29.239474 -20.537661 9.575496
-30.071558 -19.899100 9.200701
-29.090595 -20.596894 9.641853
-30.172955 -19.766265 9.154327
-28.934110 -20.566830 9.710422
-30.199856 -19.595466 9.140293
-28.811940 -20.455226 9.762830
-30.144689 -19.432443 9.162521
-27.974965 -19.157854 10.115071
-29.307714 -18.135071 9.514762
-27.920386 -18.995484 10.137048
-29.186133 -18.024120 9.566919
-27.946970 -18.824192 10.123148
-29.029330 -17.993563 9.635622
-28.048287 -18.691234 10.076808
-28.880372 -18.052673 9.702013
-32.624579 -20.889479 12.185697
-31.841827 -20.684088 10.797842
-31.986259 -20.907968 10.737058
-30.385284 -18.411036 11.436903
-31.495184 -19.373265 12.261587
-32.370017 -20.494888 12.292829
-30.389586 -19.425350 9.718305
-30.144689 -19.432443 9.162521
-30.805443 -19.584070 10.371130
-31.356026 -20.061236 10.780503
-31.841827 -20.684088 10.797842
-31.356026 -20.061236 10.780503
-30.385284 -18.411036 11.436903
-30.805443 -19.584070 10.371130
-30.389586 -19.425350 9.718305
-30.144689 -19.432443 9.162521
-32.370017 -20.494888 12.292829
-32.624579 -20.889479 12.185697
-31.495184 -19.373265 12.261587
-31.986259 -20.907968 10.737058
-30.307449 -18.312610 11.564840
-30.307449 -18.312610 11.564840
-29.029330 -17.993563 9.635622
-29.373689 -17.983588 10.417128
-29.373689 -17.983588 10.417128
-29.029330 -17.993563 9.635622
-30.435910 -19.588628 9.676006
-30.199856 -19.595466 9.140293
-30.435910 -19.588628 9.676006
-30.199856 -19.595466 9.140293
-30.402467 -19.759617 9.675193
-30.172955 -19.766265 9.154327
-30.402467 -19.759617 9.675193
-30.172955 -19.766265 9.154327
-30.071558 -19.899100 9.200701
-30.298708 -19.892520 9.716206
-30.298708 -19.892520 9.716206
-30.071558 -19.899100 9.200701
-29.239474 -20.537661 9.575496
-29.466623 -20.531081 10.091001
-29.466623 -20.531081 10.091001
-29.239474 -20.537661 9.575496
-29.090595 -20.596894 9.641853
-29.320106 -20.590247 10.162720
-29.320106 -20.590247 10.162720
-29.090595 -20.596894 9.641853
-29.170163 -20.559992 10.246136
-28.934110 -20.566830 9.710422
-29.170163 -20.559992 10.246136
-28.934110 -20.566830 9.710422
-29.056837 -20.448133 10.318614
-28.811940 -20.455226 9.762830
-29.056837 -20.448133 10.318614
-28.811940 -20.455226 9.762830
-28.303938 -19.148325 10.861661
-27.974965 -19.157854 10.115071
-29.472694 -20.606853 10.971439
-29.052535 -19.433819 12.037212
-30.023277 -21.084019 11.380812
-30.509078 -21.706871 11.398151
-30.653510 -21.930751 11.337367
-31.291830 -21.912262 12.786006
-30.162435 -20.396048 12.861896
-31.037268 -21.517672 12.893138
-31.037268 -21.517672 12.893138
-30.162435 -20.396048 12.861896
-31.291830 -21.912262 12.786006
-29.052535 -19.433819 12.037212
-30.653510 -21.930751 11.337367
-30.509078 -21.706871 11.398151
-30.023277 -21.084019 11.380812
-29.472694 -20.606853 10.971439
-28.303938 -19.148325 10.861661
-27.974965 -19.157854 10.115071
-28.258263 -18.985697 10.903845
-27.920386 -18.995484 10.137048
-28.258263 -18.985697 10.903845
-27.920386 -18.995484 10.137048
-28.291328 -18.814217 10.904655
-27.946970 -18.824192 10.123148
-28.291328 -18.814217 10.904655
-27.946970 -18.824192 10.123148
-28.048287 -18.691234 10.076808
-28.395008 -18.681191 10.863675
-28.048287 -18.691234 10.076808
-28.395008 -18.681191 10.863675
-28.880372 -18.052673 9.702013
-29.227093 -18.042630 10.488880
-28.880372 -18.052673 9.702013
-29.227093 -18.042630 10.488880
-31.752515 -20.729803 10.654718
-31.885275 -20.935591 10.598845
-31.752515 -20.729803 10.654718
-31.885275 -20.935591 10.598845
-35.314720 -24.064787 11.040855
-31.986259 -20.907968 10.737058
-34.676400 -24.083276 9.592216
-32.624579 -20.889479 12.185697
-32.624579 -20.889479 12.185697
-35.314720 -24.064787 11.040855
-31.986259 -20.907968 10.737058
-34.676400 -24.083276 9.592216
-32.658734 -20.913187 12.354176
-31.986259 -20.907968 10.737058
-32.624579 -20.889479 12.185697
-31.885275 -20.935591 10.598845
-32.616468 -20.982123 12.507651
-31.744094 -21.007392 10.527835
-32.509442 -21.077632 12.605120
-31.600844 -21.103950 10.543098
-31.677358 -21.716194 12.979915
-30.768760 -21.742512 10.917893
-31.534108 -21.812752 12.995178
-30.661733 -21.838021 11.015362
-31.392987 -21.884551 12.924305
-30.619528 -21.906955 11.168975
-31.291830 -21.912262 12.786006
-30.653510 -21.930751 11.337367
-30.653510 -21.930751 11.337367
-31.291830 -21.912262 12.786006
-30.619528 -21.906955 11.168975
-31.392987 -21.884551 12.924305
-30.661733 -21.838021 11.015362
-31.534108 -21.812752 12.995178
-30.768760 -21.742512 10.917893
-31.677358 -21.716194 12.979915
-31.600844 -21.103950 10.543098
-32.509442 -21.077632 12.605120
-31.744094 -21.007392 10.527835
-32.616468 -20.982123 12.507651
-31.885275 -20.935591 10.598845
-32.658734 -20.913187 12.354176
-31.986259 -20.907968 10.737058
-32.624579 -20.889479 12.185697
-32.658734 -20.913187 12.354176
-32.392499 -20.500504 12.466221
-32.392499 -20.500504 12.466221
-32.658734 -20.913187 12.354176
-31.476497 -19.326160 12.433401
-31.476497 -19.326160 12.433401
-30.816449 -19.733827 10.273459
-30.816449 -19.733827 10.273459
-31.307902 -20.159796 10.638785
-31.307902 -20.159796 10.638785
-30.183354 -18.292389 11.688547
-30.183354 -18.292389 11.688547
-30.757256 -19.895031 10.232150
-30.757256 -19.895031 10.232150
-30.644009 -20.024322 10.258253
-30.644009 -20.024322 10.258253
-29.811925 -20.662883 10.633048
-29.811925 -20.662883 10.633048
-29.674896 -20.725660 10.719677
-29.674896 -20.725660 10.719677
-29.550703 -20.705192 10.843588
-29.550703 -20.705192 10.843588
-31.126753 -21.471868 13.036350
-31.392987 -21.884551 12.924305
-31.392987 -21.884551 12.924305
-31.126753 -21.471868 13.036350
-31.291830 -21.912262 12.786006
-32.485417 -25.764689 10.579099
-30.653510 -21.930751 11.337367
-33.123737 -25.746199 12.027738
-33.123737 -25.746199 12.027738
-31.291830 -21.912262 12.786006
-32.485417 -25.764689 10.579099
-30.653510 -21.930751 11.337367
-30.619528 -21.906955 11.168975
-30.486768 -21.701167 11.224847
-30.619528 -21.906955 11.168975
-30.486768 -21.701167 11.224847
-30.042155 -21.131161 11.208914
-30.042155 -21.131161 11.208914
-29.041702 -19.283974 12.134969
-29.041702 -19.283974 12.134969
-30.210751 -20.297525 13.003531
-30.210751 -20.297525 13.003531
-29.100994 -19.123018 12.176073
-29.100994 -19.123018 12.176073
-29.214082 -18.993481 12.150038
-29.214082 -18.993481 12.150038
-30.046166 -18.354920 11.775243
-30.046166 -18.354920 11.775243
-31.619830 -20.814774 10.580132
-31.744094 -21.007392 10.527835
-31.619830 -20.814774 10.580132
-31.744094 -21.007392 10.527835
-31.885275 -20.935591 10.598845
-31.885275 -20.935591 10.598845
-35.327214 -24.105118 11.219091
-34.676400 -24.083276 9.592216
-35.314720 -24.064787 11.040855
-34.553755 -24.127522 9.463761
-35.225915 -24.219358 11.399157
-34.353540 -24.244627 9.419341
-35.038306 -24.376708 11.532922
-34.129708 -24.403026 9.470900
-33.670429 -25.426450 12.149054
-32.761831 -25.452768 10.087032
-33.446485 -25.584935 12.200664
-32.574110 -25.610204 10.220848
-33.246442 -25.701952 12.156331
-32.472983 -25.724356 10.401001
-33.123737 -25.746199 12.027738
-32.485417 -25.764689 10.579099
-32.485417 -25.764689 10.579099
-33.123737 -25.746199 12.027738
-32.472983 -25.724356 10.401001
-33.246442 -25.701952 12.156331
-32.574110 -25.610204 10.220848
-33.446485 -25.584935 12.200664
-32.761831 -25.452768 10.087032
-33.670429 -25.426450 12.149054
-34.129708 -24.403026 9.470900
-35.038306 -24.376708 11.532922
-34.353540 -24.244627 9.419341
-35.225915 -24.219358 11.399157
-34.553755 -24.127522 9.463761
-35.327214 -24.105118 11.219091
-34.676400 -24.083276 9.592216
-35.314720 -24.064787 11.040855
-35.327214 -24.105118 11.219091
-35.327214 -24.105118 11.219091
-30.661733 -21.838021 11.015362
-30.537469 -21.645403 11.067659
-30.661733 -21.838021 11.015362
-30.537469 -21.645403 11.067659
-30.619528 -21.906955 11.168975
-32.574110 -25.610204 10.220848
-30.661733 -21.838021 11.015362
-30.661733 -21.838021 11.015362
-32.574110 -25.610204 10.220848
-30.619528 -21.906955 11.168975
-30.768760 -21.742512 10.917893
-30.768760 -21.742512 10.917893
-30.647672 -21.554817 10.968853
-30.768760 -21.742512 10.917893
-30.768760 -21.742512 10.917893
-30.647672 -21.554817 10.968853
-32.761831 -25.452768 10.087032
-31.600844 -21.103950 10.543098
-34.129708 -24.403026 9.470900
-34.129708 -24.403026 9.470900
-32.761831 -25.452768 10.087032
-31.600844 -21.103950 10.543098
-31.479756 -20.916255 10.594058
-31.600844 -21.103950 10.543098
-31.600844 -21.103950 10.543098
-31.479756 -20.916255 10.594058
-31.744094 -21.007392 10.527835
-31.744094 -21.007392 10.527835
-34.553755 -24.127522 9.463761
-34.553755 -24.127522 9.463761
-32.658734 -20.913187 12.354176
-32.658734 -20.913187 12.354176
-32.616468 -20.982123 12.507651
-32.341659 -20.556148 12.623305
-32.341659 -20.556148 12.623305
-32.616468 -20.982123 12.507651
-32.616468 -20.982123 12.507651
-35.225915 -24.219358 11.399157
-35.225915 -24.219358 11.399157
-32.616468 -20.982123 12.507651
-32.509442 -21.077632 12.605120
-32.231535 -20.646857 12.722077
-32.509442 -21.077632 12.605120
-32.231535 -20.646857 12.722077
-32.509442 -21.077632 12.605120
-32.509442 -21.077632 12.605120
-31.399451 -21.285418 13.096872
-31.677358 -21.716194 12.979915
-31.677358 -21.716194 12.979915
-31.399451 -21.285418 13.096872
-35.038306 -24.376708 11.532922
-31.677358 -21.716194 12.979915
-33.590851 -23.757608 12.162819
-33.450184 -23.728653 12.224432
-33.568334 -23.911794 12.174708
-33.427779 -23.882753 12.236271
-33.670429 -25.426450 12.149054
-35.038306 -24.376708 11.532922
-33.568334 -23.911794 12.174708
-33.670429 -25.426450 12.149054
-33.427779 -23.882753 12.236271
-33.450184 -23.728653 12.224432
-31.677358 -21.716194 12.979915
-33.590851 -23.757608 12.162819
-31.259298 -21.386777 13.110832
-31.534108 -21.812752 12.995178
-31.534108 -21.812752 12.995178
-31.259298 -21.386777 13.110832
-31.534108 -21.812752 12.995178
-31.534108 -21.812752 12.995178
-33.246442 -25.701952 12.156331
-31.392987 -21.884551 12.924305
-31.392987 -21.884551 12.924305
-33.246442 -25.701952 12.156331
-32.472983 -25.724356 10.401001
-32.472983 -25.724356 10.401001
-31.395557 -19.343181 12.589464
-31.395557 -19.343181 12.589464
-31.205377 -20.283388 10.565358
-31.205377 -20.283388 10.565358
-31.076312 -20.398969 10.579703
-31.076312 -20.398969 10.579703
-30.244228 -21.037530 10.954498
-30.244228 -21.037530 10.954498
-30.123016 -21.114017 11.052884
-30.123016 -21.114017 11.052884
-30.313196 -20.173810 13.076991
-30.313196 -20.173810 13.076991
-30.442261 -20.058229 13.062646
-30.442261 -20.058229 13.062646
-31.274345 -19.419668 12.687851
-31.274345 -19.419668 12.687851
-34.353540 -24.244627 9.419341
-34.353540 -24.244627 9.419341
-33.446485 -25.584935 12.200664
-33.446485 -25.584935 12.200664
-33.967677 -23.746693 13.018008
-33.450184 -23.728653 12.224432
-33.590851 -23.757608 12.162819
-33.827010 -23.717738 13.079621
-33.827010 -23.717738 13.079621
-33.967677 -23.746693 13.018008
-33.450184 -23.728653 12.224432
-33.590851 -23.757608 12.162819
-33.945160 -23.900879 13.029897
-33.590851 -23.757608 12.162819
-33.568334 -23.911794 12.174708
-33.967677 -23.746693 13.018008
-33.967677 -23.746693 13.018008
-33.945160 -23.900879 13.029897
-33.590851 -23.757608 12.162819
-33.568334 -23.911794 12.174708
-33.967677 -23.746693 13.018008
-33.804605 -23.871838 13.091460
-33.827010 -23.717738 13.079621
-33.945160 -23.900879 13.029897
-33.945160 -23.900879 13.029897
-33.967677 -23.746693 13.018008
-33.804605 -23.871838 13.091460
-33.827010 -23.717738 13.079621
-33.827010 -23.717738 13.079621
-33.427779 -23.882753 12.236271
-33.450184 -23.728653 12.224432
-33.804605 -23.871838 13.091460
-33.804605 -23.871838 13.091460
-33.827010 -23.717738 13.079621
-33.427779 -23.882753 12.236271
-33.450184 -23.728653 12.224432
-33.804605 -23.871838 13.091460
-33.568334 -23.911794 12.174708
-33.427779 -23.882753 12.236271
-33.945160 -23.900879 13.029897
-33.945160 -23.900879 13.029897
-33.804605 -23.871838 13.091460
-33.568334 -23.911794 12.174708
-33.427779 -23.882753 12.236271
-33.704277 -24.095846 13.241140
-34.005226 -24.162269 13.006766
-33.666419 -24.096942 13.155223
-34.043085 -24.161173 13.092684
-34.043085 -24.161173 13.092684
-33.704277 -24.095846 13.241140
-34.005226 -24.162269 13.006766
-33.666419 -24.096942 13.155223
-34.105751 -23.521675 12.954296
-33.547389 -23.743896 13.203165
-33.766943 -23.456348 13.102752
-33.827010 -23.717738 13.079621
-33.967677 -23.746693 13.018008
-34.224892 -23.874635 12.906303
-33.945160 -23.900879 13.029897
-33.666419 -24.096942 13.155223
-33.804605 -23.871838 13.091460
-34.005226 -24.162269 13.006766
-34.224892 -23.874635 12.906303
-33.945160 -23.900879 13.029897
-34.005226 -24.162269 13.006766
-33.666419 -24.096942 13.155223
-33.804605 -23.871838 13.091460
-33.827010 -23.717738 13.079621
-33.547389 -23.743896 13.203165
-33.967677 -23.746693 13.018008
-34.105751 -23.521675 12.954296
-33.766943 -23.456348 13.102752
-33.585247 -23.742799 13.289083
-33.666419 -24.096942 13.155223
-33.547389 -23.743896 13.203165
-33.704277 -24.095846 13.241140
-33.704277 -24.095846 13.241140
-33.585247 -23.742799 13.289083
-33.666419 -24.096942 13.155223
-33.547389 -23.743896 13.203165
-34.143609 -23.520578 13.040213
-33.585247 -23.742799 13.289083
-33.804801 -23.455251 13.188670
-33.704277 -24.095846 13.241140
-34.262751 -23.873539 12.992220
-34.043085 -24.161173 13.092684
-34.043085 -24.161173 13.092684
-34.262751 -23.873539 12.992220
-33.704277 -24.095846 13.241140
-34.143609 -23.520578 13.040213
-33.585247 -23.742799 13.289083
-33.804801 -23.455251 13.188670
-34.005226 -24.162269 13.006766
-34.262751 -23.873539 12.992220
-34.224892 -23.874635 12.906303
-34.043085 -24.161173 13.092684
-34.043085 -24.161173 13.092684
-34.005226 -24.162269 13.006766
-34.262751 -23.873539 12.992220
-34.224892 -23.874635 12.906303
-33.585247 -23.742799 13.289083
-33.766943 -23.456348 13.102752
-33.804801 -23.455251 13.188670
-33.547389 -23.743896 13.203165
-33.547389 -23.743896 13.203165
-33.585247 -23.742799 13.289083
-33.766943 -23.456348 13.102752
-33.804801 -23.455251 13.188670
-34.143609 -23.520578 13.040213
-33.766943 -23.456348 13.102752
-34.105751 -23.521675 12.954296
-33.804801 -23.455251 13.188670
-33.804801 -23.455251 13.188670
-34.143609 -23.520578 13.040213
-33.766943 -23.456348 13.102752
-34.105751 -23.521675 12.954296
-34.262751 -23.873539 12.992220
-34.105751 -23.521675 12.954296
-34.224892 -23.874635 12.906303
-34.143609 -23.520578 13.040213
-34.143609 -23.520578 13.040213
-34.262751 -23.873539 12.992220
-34.105751 -23.521675 12.954296
-34.224892 -23.874635 12.906303
-28.225163 -24.161615 13.432761
-28.320004 -24.887556 11.333195
-29.400390 -25.983303 12.938166
-29.400390 -25.983303 12.938166
-28.320004 -24.887556 11.333195
-28.225163 -24.161615 13.432761
-28.140946 -25.936180 14.770012
-28.140946 -25.936180 14.770012
-26.392945 -24.163048 12.173077
-26.392945 -24.163048 12.173077
-28.294381 -27.110414 11.372857
-28.294381 -27.110414 11.372857
-28.183724 -27.758495 13.496928
-28.183724 -27.758495 13.496928
-26.282288 -24.811129 14.297148
-26.282288 -24.811129 14.297148
-26.435690 -25.985573 10.900010
-26.435690 -25.985573 10.900010
-26.256632 -27.034197 14.336827
-26.256632 -27.034197 14.336827
-25.176279 -25.938241 12.731839
-25.176279 -25.938241 12.731839
-26.351506 -27.759929 12.237244
-26.351506 -27.759929 12.237244
-26.588164 -25.800148 13.561283
-27.027415 -25.132272 12.145090
-27.475354 -25.119297 13.161667
-26.140226 -25.813123 12.544706
-26.140226 -25.813123 12.544706
-26.588164 -25.800148 13.561283
-27.027415 -25.132272 12.145090
-27.475354 -25.119297 13.161667
-29.457939 -28.192449 12.327295
-29.010000 -28.205424 11.310718
-29.457939 -28.192449 12.327295
-29.010000 -28.205424 11.310718
-28.570749 -28.873300 12.726911
-28.570749 -28.873300 12.726911
-28.122810 -28.886275 11.710334
-28.122810 -28.886275 11.710334
-37.186847 -17.284205 9.396157
-37.281688 -18.010146 7.296592
-38.362074 -19.105893 8.901562
-38.362074 -19.105893 8.901562
-37.281688 -18.010146 7.296592
-37.186847 -17.284205 9.396157
-37.102630 -19.058770 10.733408
-37.102630 -19.058770 10.733408
-35.354629 -17.285639 8.136473
-35.354629 -17.285639 8.136473
-37.256065 -20.233004 7.336253
-37.256065 -20.233004 7.336253
-37.145408 -20.881085 9.460324
-37.145408 -20.881085 9.460324
-35.243972 -17.933720 10.260544
-35.243972 -17.933720 10.260544
-35.397374 -19.108163 6.863406
-35.397374 -19.108163 6.863406
-35.218316 -20.156787 10.300223
-35.218316 -20.156787 10.300223
-34.137963 -19.060831 8.695235
-34.137963 -19.060831 8.695235
-35.313190 -20.882519 8.200640
-35.313190 -20.882519 8.200640
-35.549848 -18.922738 9.524679
-35.989099 -18.254862 8.108486
-36.437038 -18.241887 9.125063
-35.101909 -18.935713 8.508102
-35.101909 -18.935713 8.508102
-35.549848 -18.922738 9.524679
-35.989099 -18.254862 8.108486
-36.437038 -18.241887 9.125063
-38.419623 -21.315039 8.290691
-37.971684 -21.328014 7.274114
-38.419623 -21.315039 8.290691
-37.971684 -21.328014 7.274114
-37.532433 -21.995890 8.690307
-37.532433 -21.995890 8.690307
-37.084494 -22.008865 7.673730
-37.084494 -22.008865 7.673730
-18.408208 12.036673 3.050939
-18.222481 12.088358 3.344568
-18.394566 12.184564 3.223513
-18.206882 11.925169 3.192627
-18.058652 12.046291 3.515474
-18.012044 11.874447 3.396023
-18.162929 12.289866 3.419954
-18.311080 12.371570 3.315705
-19.271318 12.857405 2.828598
-19.297306 12.718987 2.650464
-18.348385 11.967973 2.844383
-18.120647 11.843657 3.004274
-17.912389 12.057917 3.726224
-17.836819 11.889320 3.647568
-18.025908 12.254354 3.562874
-17.898010 11.785440 3.236762
-18.179710 12.548775 3.303194
-18.044833 12.474562 3.397886
-19.177507 13.036487 2.925441
-19.136468 12.694268 2.251271
-18.856565 12.985815 2.126583
-18.993720 12.813004 2.136653
-19.248369 12.658642 2.439003
-18.761960 13.166128 2.223760
-19.297306 12.718987 2.650464
-18.736766 13.303315 2.401560
-19.271318 12.857405 2.828598
-18.785703 13.363660 2.613020
-19.177507 13.036487 2.925441
-18.896871 13.329267 2.801225
-19.040413 13.209299 2.915508
-19.248369 12.658642 2.439003
-18.229862 11.998517 2.659633
-17.987858 11.864019 2.829881
-17.792185 12.123015 3.964048
-17.693384 11.967322 3.931255
-17.903016 12.264685 3.739371
-17.698032 11.802076 3.524311
-17.923170 12.442166 3.525298
-17.747645 11.802466 3.080171
-18.035718 12.668398 3.189113
-17.899841 12.593327 3.284585
-19.040413 13.209299 2.915508
-18.896871 13.329267 2.801225
-18.785703 13.363660 2.613020
-17.917930 12.697710 3.003891
-17.858106 12.629010 2.797334
-18.736766 13.303315 2.401560
-17.871067 12.482435 2.625044
-18.761960 13.166128 2.223760
-17.955234 12.294113 2.532569
-18.856565 12.985815 2.126583
-18.086665 12.116909 2.545217
-18.993720 12.813004 2.136653
-19.136468 12.694268 2.251271
-17.842805 11.982782 2.716443
-17.705807 12.237839 4.213914
-17.590239 12.104054 4.229440
-17.803027 12.318563 3.938222
-17.534255 11.890795 3.848512
-17.813344 12.451382 3.682918
-17.532739 11.820092 3.389390
-17.776391 12.561221 3.413437
-17.601773 11.920377 2.967926
-17.767051 12.613689 3.110192
-17.680817 12.532177 2.921840
-17.665157 12.368986 2.769761
-17.724769 12.167480 2.694513
-17.656746 12.399631 4.467261
-17.535288 12.287343 4.517944
-17.730471 12.414834 4.147429
-17.416591 12.046983 4.189130
-17.723137 12.500724 3.860934
-17.357153 11.914802 3.737763
-17.666092 12.569760 3.572424
-17.385486 11.938470 3.278896
-17.626820 12.577017 3.256512
-17.498129 12.109334 2.930734
-17.512898 12.488096 3.097200
-17.466178 12.316165 2.977800
-17.425846 13.930084 6.562167
-17.302888 13.826529 6.624399
-17.687313 12.557389 4.370838
-17.355375 12.250669 4.509194
-17.658634 12.586327 4.047519
-17.230031 12.083544 4.104224
-17.574789 12.619744 3.752227
-17.208805 12.033822 3.629057
-17.500798 12.587776 3.437503
-17.295814 12.125167 3.222443
-17.362012 12.500531 3.314246
-17.287236 12.330704 3.235256
-17.121785 13.797344 6.625765
-17.457724 14.080358 6.455903
-17.619242 12.717530 4.254145
-17.165052 12.299753 4.443519
-17.509710 12.706253 3.940861
-17.081107 12.203470 3.997566
-17.397687 12.643750 3.641478
-17.129028 12.216069 3.551718
-17.238670 12.567310 3.558684
-17.140552 12.410300 3.525609
-16.931261 13.850183 6.566041
-17.390157 14.236752 6.333945
-17.469835 12.838613 4.148834
-17.016328 12.419518 4.337924
-17.324005 12.741585 3.855759
-17.010064 12.373732 3.897323
-17.149450 12.685658 3.815833
-17.034788 12.550729 3.830975
-16.781924 13.971185 6.461193
-17.240933 14.357840 6.229047
-17.280306 12.886466 4.082824
-16.947463 12.580890 4.221565
-17.100281 12.849706 4.074125
-16.978763 12.737416 4.124670
-16.714296 14.127578 6.339098
-17.050348 14.410678 6.169185
-16.869132 14.381406 6.170601
-16.746175 14.277851 6.232834
-17.505514 16.575206 9.558071
-17.694797 16.765350 9.523629
-17.559403 16.483733 9.361133
-17.721871 16.646111 9.331472
-17.337171 16.347214 9.518262
-17.418471 16.291875 9.327665
-17.532424 16.469279 9.140889
-17.671975 16.608408 9.115384
-18.598624 17.318952 8.936557
-18.583894 17.447665 9.123153
-17.385200 16.719642 9.679019
-17.599326 16.932583 9.639906
-17.202232 16.096198 9.406236
-17.305480 16.081290 9.233691
-17.414232 16.308933 9.112925
-17.193374 16.457951 9.633241
-17.559796 16.660791 8.932814
-17.432949 16.534151 8.956010
-18.538402 17.273325 8.725120
-18.420499 17.321315 8.545128
-18.538402 17.273325 8.725120
-18.274960 17.452508 8.445537
-18.142328 17.629212 8.452141
-18.598624 17.318952 8.936557
-18.057744 17.804799 8.563515
-18.583894 17.447665 9.123153
-18.043014 17.933512 8.750111
-18.499310 17.623252 9.234527
-18.103236 17.979139 8.961548
-18.366679 17.799956 9.241131
-18.221933 17.929918 9.141205
-18.499310 17.623252 9.234527
-17.460073 17.104205 9.649493
-17.232008 16.876076 9.691165
-17.109756 15.837153 9.228810
-17.227708 15.864261 9.085041
-17.320068 16.132029 9.034195
-17.039029 16.171239 9.505266
-17.327067 16.391879 8.931256
-17.024685 16.596064 9.642270
-17.413807 16.791639 8.833425
-17.286450 16.662902 8.856380
-18.420499 17.321315 8.545128
-18.274960 17.452508 8.445537
-18.142328 17.629212 8.452141
-17.274554 16.963261 8.843012
-17.179083 17.130494 8.959289
-18.057744 17.804799 8.563515
-17.152121 17.249820 9.151395
-18.043014 17.933512 8.750111
-17.201905 17.287436 9.367533
-18.103236 17.979139 8.961548
-18.221933 17.929918 9.141205
-17.314878 17.233823 9.549769
-18.366679 17.799956 9.241131
-17.085510 17.004828 9.591535
-17.065040 15.586905 8.997390
-17.190346 15.654521 8.890746
-17.255422 15.949965 8.909525
-16.933062 15.875467 9.302730
-17.242896 16.233830 8.860853
-16.859352 16.286633 9.504322
-17.179886 16.518445 8.831298
-16.876822 16.723947 9.542596
-17.132465 16.820567 8.868860
-17.012150 16.965003 8.989808
-16.958262 17.056477 9.186746
-16.985240 17.070931 9.406990
-17.071404 15.364489 8.730795
-17.195067 15.460542 8.657347
-17.223421 15.775339 8.747225
-16.882724 15.588510 9.037808
-17.184449 16.072202 8.749937
-16.745725 15.968135 9.286243
-17.094393 16.359695 8.760337
-16.710909 16.412500 9.403944
-17.011136 16.656556 8.840190
-16.789545 16.806806 9.360977
-16.867512 16.767381 8.955255
-16.786100 16.822634 9.145903
-17.303009 13.826533 6.624674
-17.425967 13.930088 6.562442
-17.228257 15.603330 8.541242
-16.889110 15.342791 8.742276
-17.157207 15.914396 8.604535
-16.690462 15.661266 9.001909
-17.035409 16.196218 8.648203
-16.596746 16.092152 9.184646
-16.914715 16.475090 8.759393
-16.633737 16.514302 9.230601
-16.751513 16.550130 8.858423
-16.648325 16.565040 9.031106
-17.121906 13.797347 6.626040
-17.457845 14.080361 6.456177
-17.161194 15.755978 8.414021
-16.697590 15.400617 8.688837
-17.007112 16.038050 8.501629
-16.541161 15.783689 8.898669
-16.848132 16.288888 8.631853
-16.525885 16.214475 9.025008
-16.671490 16.327285 8.705586
-16.553487 16.300093 8.849542
-16.931382 13.850187 6.566315
-17.390279 14.236756 6.334220
-17.011297 15.878300 8.309732
-16.548375 15.521622 8.584264
-16.815644 16.109575 8.465395
-16.474153 15.923977 8.756313
-16.632422 16.112325 8.506198
-16.508023 16.043564 8.612458
-16.782045 13.971188 6.461468
-17.241054 14.357844 6.229322
-16.820571 15.934895 8.255959
-16.481312 15.674270 8.457043
-16.638165 15.913112 8.267491
-16.513708 15.818290 8.341273
-16.714418 14.127581 6.339373
-17.050469 14.410681 6.169460
-16.869254 14.381410 6.170876
-16.746296 14.277855 6.233109
3 13 14 15
3 13 19 14
3 21 22 23
3 22 21 24
3 24 21 25
3 25 21 26
3 26 21 27
3 27 21 28
3 28 21 29
3 29 21 30
3 30 21 31
3 23 22 32
3 30 31 33
3 33 31 34
3 34 31 35
3 35 31 36
3 36 31 37
3 37 31 38
3 38 31 39
3 39 31 40
3 41 42 43
3 42 41 44
3 42 44 45
3 42 45 46
3 42 46 47
3 42 47 48
3 42 48 49
3 42 49 50
3 42 50 51
3 42 51 52
3 42 52 53
3 42 53 54
3 42 54 55
3 42 55 56
3 42 56 57
3 42 57 58
3 42 58 59
3 42 59 40
3 42 40 31
3 23 60 61
3 60 23 62
3 62 23 63
3 63 23 64
3 64 23 65
3 65 23 66
3 66 23 67
3 67 23 32
3 61 60 68
3 61 68 69
3 61 69 70
3 61 70 71
3 61 71 72
3 61 72 73
3 61 73 74
3 61 74 75
3 61 75 76
3 61 76 77
3 61 77 78
3 61 78 79
3 61 79 80
3 61 80 81
3 143 13 15
3 13 143 144
3 147 148 149
3 148 147 150
3 148 150 151
3 151 150 152
3 151 152 153
3 153 152 154
3 153 154 155
3 155 154 156
3 155 156 157
3 157 156 158
3 157 158 159
3 159 158 160
3 159 160 161
3 161 160 162
3 161 162 163
3 163 162 164
3 163 164 165
3 165 164 166
3 165 166 167
3 167 166 168
3 168 166 169
3 169 166 170
3 169 170 171
3 171 170 172
3 172 170 173
3 173 170 174
3 174 170 175
3 174 175 176
3 174 176 177
3 177 176 178
3 177 178 179
3 179 178 180
3 179 180 181
3 168 182 173
3 182 168 169
3 173 182 183
3 173 183 184
3 173 184 185
3 173 185 186
3 173 186 172
3 19 227 14
3 229 70 69
3 70 229 71
3 71 229 72
3 72 229 73
3 73 229 74
3 74 229 75
3 75 229 76
3 76 229 77
3 77 229 78
3 78 229 79
3 79 229 80
3 80 229 81
3 81 229 230
3 81 230 61
3 61 230 43
3 43 230 231
3 43 231 232
3 43 232 41
3 41 232 44
3 44 232 45
3 45 232 46
3 46 232 47
3 47 232 48
3 48 232 49
3 49 232 50
3 50 232 51
3 51 232 52
3 52 232 53
3 53 232 54
3 54 232 55
3 237 238 239
3 238 237 240
3 238 240 241
3 237 247 248
3 248 251 252
3 252 144 143
3 15 40 143
3 40 15 39
3 14 227 255
3 255 257 258
3 258 261 262
3 262 265 266
3 266 269 270
3 270 273 274
3 274 277 278
3 278 281 282
3 285 286 282
3 285 289 286
3 285 291 289
3 285 293 291
3 285 295 293
3 297 295 285
3 299 297 285
3 301 299 285
3 303 301 285
3 305 303 285
3 305 307 308
3 308 311 312
3 312 315 316
3 316 319 320
3 323 324 325
3 324 323 326
3 331 332 333
3 332 331 334
3 339 340 341
3 340 339 342
3 347 348 349
3 348 347 350
3 355 356 357
3 356 355 358
3 305 285 363
3 285 282 365
3 365 282 281
3 281 278 367
3 367 278 277
3 277 274 369
3 274 371 369
3 274 273 371
3 270 269 273
3 266 265 269
3 262 373 265
3 262 261 373
3 258 257 261
3 255 227 257
3 252 375 144
3 252 251 375
3 248 247 251
3 237 239 247
3 238 377 239
3 377 238 378
3 238 381 378
3 383 384 381
3 316 315 319
3 312 387 315
3 312 389 387
3 312 311 389
3 308 391 311
3 308 307 391
3 305 363 307
3 393 394 395
3 394 393 396
3 383 401 384
3 401 383 402
3 383 381 238
3 405 406 407
3 406 405 408
3 406 408 409
3 409 408 410
3 410 411 412
3 411 410 413
3 413 410 414
3 414 410 415
3 414 415 416
3 416 415 417
3 417 415 418
3 418 415 419
3 419 415 420
3 420 415 421
3 421 415 422
3 422 415 423
3 423 415 424
3 415 410 425
3 425 410 408
3 407 426 427
3 426 407 406
3 427 426 428
3 427 428 429
3 429 428 430
3 430 428 431
3 431 428 432
3 432 428 433
3 433 428 434
3 434 428 435
3 435 428 436
3 436 428 437
3 437 428 438
3 438 428 439
3 439 428 440
3 412 440 428
3 440 412 411
3 477 478 479
3 478 477 480
3 480 477 481
3 481 477 482
3 482 477 483
3 483 477 484
3 484 477 485
3 485 477 486
3 486 477 487
3 487 477 488
3 488 477 489
3 489 477 490
3 490 477 491
3 491 477 492
3 479 478 493
3 493 478 494
3 494 478 495
3 495 478 496
3 496 478 497
3 497 478 498
3 498 478 499
3 499 478 500
3 491 492 501
3 501 492 502
3 502 492 503
3 503 492 504
3 504 492 505
3 505 492 506
3 506 492 507
3 507 492 508
3 508 492 509
3 509 492 510
3 510 492 511
3 511 492 512
3 512 492 513
3 513 492 514
3 514 492 515
3 515 492 516
3 500 517 518
3 517 500 478
3 518 517 519
3 518 519 520
3 518 520 521
3 521 520 522
3 521 522 523
3 521 523 524
3 524 523 525
3 524 525 526
3 524 526 527
3 527 526 528
3 527 528 529
3 527 529 530
3 530 529 531
3 530 531 532
3 530 532 533
3 530 533 534
3 530 534 535
3 535 534 536
3 535 536 537
3 535 537 538
3 535 538 539
3 535 539 540
3 535 540 541
3 535 541 542
3 535 542 543
3 535 543 544
3 535 544 545
3 535 545 546
3 535 546 547
3 535 547 514
3 535 514 515
3 548 549 550
3 549 548 551
3 549 551 552
3 552 551 553
3 553 551 554
3 553 554 555
3 555 554 556
3 556 554 557
3 556 557 558
3 558 557 559
3 559 557 560
3 559 560 561
3 561 560 562
3 562 560 563
3 562 563 564
3 564 563 565
3 565 563 566
3 566 563 567
3 567 563 568
3 567 568 569
3 569 568 570
3 570 568 571
3 571 568 572
3 572 568 573
3 573 568 574
3 574 568 575
3 575 568 576
3 576 568 577
3 577 568 578
3 578 568 579
3 579 568 580
3 580 568 581
3 581 568 582
3 479 583 584
3 583 479 585
3 585 479 586
3 586 479 587
3 587 479 588
3 588 479 589
3 589 479 590
3 590 479 591
3 591 479 592
3 592 479 593
3 593 479 594
3 594 479 595
3 595 479 550
3 550 479 596
3 596 479 493
3 550 596 597
3 550 597 598
3 550 598 599
3 550 599 600
3 550 600 601
3 550 601 602
3 550 602 548
3 584 583 603
3 584 603 604
3 584 604 605
3 584 605 606
3 584 606 607
3 584 607 608
3 584 608 609
3 584 609 610
3 584 610 611
3 584 611 612
3 584 612 613
3 584 613 614
3 584 614 582
3 584 582 615
3 615 582 568
3 584 615 616
3 757 758 759
3 758 757 760
3 765 759 766
3 759 765 757
3 769 766 770
3 766 769 765
3 773 770 774
3 770 773 769
3 777 774 778
3 774 777 773
3 781 782 783
3 782 781 778
3 778 781 777
3 787 783 788
3 783 787 781
3 791 788 792
3 788 791 787
3 795 792 796
3 792 795 791
3 799 796 800
3 796 799 795
3 803 804 805
3 804 803 800
3 800 803 799
3 809 805 810
3 805 809 803
3 813 814 815
3 814 813 816
3 821 822 823
3 822 821 815
3 815 821 813
3 827 823 828
3 823 827 821
3 831 828 832
3 828 831 827
3 835 832 836
3 832 835 831
3 839 836 840
3 836 839 835
3 843 844 845
3 844 843 840
3 840 843 839
3 849 845 850
3 845 849 843
3 853 850 854
3 850 853 849
3 857 854 858
3 854 857 853
3 861 858 862
3 858 861 857
3 865 862 866
3 862 865 861
3 869 870 871
3 870 869 872
3 877 878 879
3 878 877 880
3 885 886 887
3 886 885 888
3 893 894 895
3 894 893 896
3 896 893 897
3 897 893 898
3 897 898 899
3 899 898 900
3 899 900 901
3 901 900 902
3 901 902 903
3 903 902 904
3 903 904 905
3 905 904 906
3 905 906 907
3 907 906 908
3 907 908 909
3 909 908 910
3 909 910 911
3 911 910 912
3 911 912 913
3 913 912 914
3 913 914 915
3 915 914 916
3 915 916 917
3 917 916 918
3 917 918 919
3 917 919 920
3 920 919 921
3 920 921 922
3 953 954 955
3 954 953 956
3 954 956 957
3 954 957 958
3 954 958 959
3 954 959 960
3 954 960 961
3 971 972 973
3 972 971 974
3 979 980 981
3 980 979 982
3 980 987 981
3 987 980 988
3 988 991 987
3 991 988 992
3 991 995 996
3 995 991 992
3 995 999 996
3 999 995 1000
3 999 1003 1004
3 1003 999 1000
3 1007 1004 1003
3 1004 1007 1008
3 1007 1011 1008
3 1011 1007 1012
3 1015 1011 1012
3 1011 1015 1016
3 1015 1019 1016
3 1019 1015 1020
3 1023 1019 1020
3 1019 1023 1024
3 1027 1024 1023
3 1024 1027 1028
3 1031 1032 1033
3 1032 1031 1034
3 1039 1040 1041
3 1040 1039 1042
3 1042 1047 1040
3 1047 1042 1048
3 1048 1051 1047
3 1051 1048 1052
3 1052 1055 1051
3 1055 1052 1056
3 1056 1059 1055
3 1059 1056 1060
3 1060 1063 1059
3 1063 1060 1064
3 1064 1067 1063
3 1067 1064 1068
3 1068 1071 1067
3 1071 1068 1072
3 1071 1075 1076
3 1075 1071 1072
3 1076 1079 1080
3 1079 1076 1075
3 1079 1083 1080
3 1083 1079 1084
3 1083 1087 1088
3 1087 1083 1084
3 1091 1092 1093
3 1092 1091 1094
3 1099 1100 1101
3 1100 1102 1103
3 1102 1100 1099
3 1102 1099 1104
3 1102 1104 1105
3 1102 1105 1106
3 1102 1106 1107
3 1117 1100 1118
3 1100 1117 1119
3 1100 1119 1120
3 1100 1120 1121
3 1100 1121 1122
3 1100 1122 1101
3 1129 1130 1131
3 1130 1129 1132
3 1137 1138 1139
3 1138 1137 1140
3 1145 961 960
3 961 1145 1146
3 1146 1145 1147
3 1146 1147 1148
3 1146 1148 1149
3 1146 1149 1150
3 1157 1158 1159
3 1158 1157 1160
3 1165 1166 1167
3 1166 1165 1168
3 1167 1173 1174
3 1173 1167 1166
3 1174 1177 1178
3 1177 1174 1173
3 1177 1181 1178
3 1181 1177 1182
3 1182 1185 1181
3 1185 1182 1186
3 1186 1189 1185
3 1189 1186 1190
3 1189 1193 1194
3 1193 1189 1190
3 1194 1197 1198
3 1197 1194 1193
3 1198 1201 1202
3 1201 1198 1197
3 1202 1205 1206
3 1205 1202 1201
3 1206 1209 1210
3 1209 1206 1205
3 1210 1213 1214
3 1213 1210 1209
3 1217 1218 1219
3 1218 1217 1220
3 1225 1226 1227
3 1226 1225 1228
3 1227 1233 1234
3 1233 1227 1226
3 1234 1237 1238
3 1237 1234 1233
3 1238 1241 1242
3 1241 1238 1237
3 1242 1245 1246
3 1245 1242 1241
3 1246 1249 1250
3 1249 1246 1245
3 1250 1253 1254
3 1253 1250 1249
3 1253 1257 1254
3 1257 1253 1258
3 1258 1261 1257
3 1261 1258 1262
3 1262 1265 1261
3 1265 1262 1266
3 1265 1269 1270
3 1269 1265 1266
3 1270 1273 1274
3 1273 1270 1269
3 1277 1278 1279
3 1278 1277 1280
3 1285 1286 1287
3 1286 1285 1288
3 1288 1285 1289
3 1289 1285 1290
3 1290 1285 1291
3 1291 1285 1292
3 1292 1285 1293
3 1293 1285 1294
3 1294 1285 1295
3 1295 1285 1296
3 1296 1285 1297
3 1297 1285 1298
3 1298 1285 1299
3 1298 1299 1300
3 1300 1299 1301
3 1302 1303 1304
3 1303 1302 1305
3 1305 1302 1306
3 1305 1306 1307
3 1307 1306 1308
3 1307 1308 1309
3 1309 1308 1310
3 1309 1310 1311
3 1311 1310 1312
3 1311 1312 1313
3 1313 1312 1314
3 1313 1314 1315
3 1315 1314 1316
3 1315 1316 1317
3 1317 1316 1318
3 1317 1318 1319
3 1319 1318 1320
3 1319 1320 1321
3 1321 1320 1322
3 1321 1322 1323
3 1323 1322 1324
3 1323 1324 1325
3 1325 1324 1285
3 1325 1285 1326
3 1326 1285 1287
3 1326 1287 1327
3 1326 1327 1328
3 1326 1328 1329
3 1326 1329 1330
3 1326 1330 1331
3 1326 1331 1332
3 1326 1332 1333
3 1326 1333 1334
3 1326 1334 1335
3 1326 1335 1336
3 1326 1336 1337
3 1326 1337 1338
3 1326 1338 1339
3 1326 1339 1340
3 1340 1339 1341
3 1340 1341 1342
3 16 17 18
3 17 20 18
3 82 83 84
3 83 85 84
3 85 86 84
3 86 87 84
3 87 88 84
3 88 89 84
3 89 90 84
3 90 91 84
3 91 92 84
3 92 93 84
3 93 94 84
3 94 95 84
3 95 96 84
3 96 97 84
3 98 99 100
3 100 99 101
3 101 99 102
3 102 99 103
3 103 99 104
3 104 99 105
3 105 99 97
3 84 97 99
3 106 107 108
3 107 109 108
3 109 110 108
3 110 111 108
3 111 112 108
3 112 113 108
3 113 114 108
3 114 115 108
3 115 116 108
3 116 117 108
3 117 118 108
3 118 119 108
3 119 120 108
3 120 121 108
3 121 122 108
3 122 123 108
3 123 124 108
3 124 125 108
3 126 108 125
3 107 106 127
3 127 106 128
3 128 106 129
3 129 106 130
3 130 106 131
3 131 106 132
3 132 106 133
3 133 106 134
3 98 135 99
3 106 136 134
3 134 136 137
3 137 136 138
3 138 136 139
3 139 136 140
3 140 136 141
3 141 136 142
3 142 136 135
3 99 135 136
3 145 146 18
3 16 18 146
3 187 188 189
3 188 190 189
3 190 191 189
3 191 192 189
3 192 193 189
3 194 195 193
3 189 193 195
3 196 197 198
3 197 199 198
3 198 199 200
3 199 201 200
3 200 201 202
3 201 203 202
3 203 204 202
3 202 204 189
3 189 204 187
3 187 204 205
3 205 204 194
3 204 206 194
3 194 206 195
3 195 206 207
3 207 206 208
3 206 209 208
3 208 209 210
3 209 211 210
3 210 211 212
3 211 213 212
3 212 213 214
3 213 215 214
3 214 215 216
3 215 217 216
3 216 217 218
3 217 219 218
3 218 219 220
3 219 221 220
3 220 221 222
3 221 223 222
3 222 223 224
3 223 225 224
3 226 224 225
3 17 228 20
3 113 233 114
3 114 233 115
3 115 233 116
3 116 233 117
3 117 233 118
3 118 233 119
3 119 233 120
3 120 233 121
3 121 233 122
3 122 233 123
3 123 233 124
3 124 233 125
3 125 233 126
3 233 234 126
3 234 235 126
3 126 235 84
3 84 235 82
3 235 236 82
3 82 236 83
3 83 236 85
3 85 236 86
3 86 236 87
3 87 236 88
3 88 236 89
3 89 236 90
3 90 236 91
3 91 236 92
3 92 236 93
3 93 236 94
3 95 94 236
3 242 243 244
3 243 245 244
3 246 244 245
3 249 250 245
3 253 254 249
3 146 145 253
3 127 16 107
3 146 107 16
3 256 228 17
3 259 260 256
3 263 264 259
3 267 268 263
3 271 272 267
3 275 276 271
3 279 280 275
3 283 284 279
3 283 287 288
3 287 290 288
3 290 292 288
3 292 294 288
3 294 296 288
3 288 296 298
3 288 298 300
3 288 300 302
3 288 302 304
3 288 304 306
3 309 310 306
3 313 314 309
3 317 318 313
3 321 322 317
3 327 328 329
3 330 329 328
3 335 336 337
3 338 337 336
3 343 344 345
3 346 345 344
3 351 352 353
3 354 353 352
3 359 360 361
3 362 361 360
3 364 288 306
3 366 283 288
3 284 283 366
3 368 279 284
3 280 279 368
3 370 275 280
3 370 372 275
3 372 276 275
3 276 272 271
3 272 268 267
3 268 374 263
3 374 264 263
3 264 260 259
3 260 228 256
3 145 376 253
3 376 254 253
3 254 250 249
3 250 246 245
3 379 244 380
3 246 380 244
3 379 382 244
3 382 385 386
3 322 318 317
3 318 388 313
3 388 390 313
3 390 314 313
3 314 392 309
3 392 310 309
3 310 364 306
3 397 398 399
3 400 399 398
3 403 386 404
3 385 404 386
3 244 382 386
3 441 442 443
3 443 442 444
3 444 442 445
3 445 442 446
3 446 442 447
3 447 442 448
3 448 442 449
3 449 442 450
3 450 442 451
3 451 442 452
3 452 442 453
3 453 442 454
3 442 455 454
3 456 457 455
3 454 455 457
3 458 459 460
3 460 459 461
3 462 461 463
3 463 461 464
3 464 461 465
3 465 461 466
3 466 461 467
3 467 461 468
3 468 461 469
3 469 461 470
3 470 461 471
3 461 459 471
3 471 459 472
3 472 459 473
3 474 473 459
3 459 458 475
3 475 458 456
3 458 476 456
3 457 456 476
3 473 474 441
3 442 441 474
3 617 618 619
3 620 621 618
3 618 621 619
3 621 622 619
3 622 623 619
3 623 624 619
3 624 625 619
3 625 626 619
3 626 627 619
3 627 628 619
3 628 629 619
3 629 630 619
3 630 631 619
3 631 632 619
3 632 633 619
3 633 634 619
3 635 636 637
3 636 638 637
3 638 639 637
3 639 640 637
3 640 641 637
3 641 642 637
3 642 643 637
3 644 645 643
3 643 645 637
3 637 645 646
3 646 645 647
3 647 645 648
3 648 645 649
3 649 645 650
3 650 645 651
3 651 645 652
3 652 645 653
3 653 645 654
3 654 645 655
3 655 645 656
3 656 645 634
3 619 634 645
3 621 620 657
3 657 620 658
3 658 620 659
3 659 620 660
3 660 620 661
3 661 620 662
3 662 620 663
3 663 620 664
3 664 620 665
3 665 620 666
3 666 620 667
3 667 620 668
3 668 620 669
3 669 620 670
3 620 671 670
3 670 671 672
3 672 671 673
3 673 671 674
3 674 671 675
3 671 676 675
3 675 676 677
3 677 676 678
3 676 679 678
3 678 679 680
3 680 679 681
3 679 682 681
3 681 682 683
3 683 682 684
3 682 685 684
3 684 685 686
3 686 685 687
3 685 635 687
3 637 687 635
3 688 689 690
3 689 691 690
3 691 692 690
3 692 693 690
3 693 694 690
3 694 695 690
3 695 696 690
3 696 697 690
3 697 698 690
3 698 699 690
3 699 700 690
3 700 701 690
3 701 702 690
3 702 703 690
3 690 703 704
3 703 705 704
3 705 706 704
3 706 707 704
3 707 708 704
3 704 708 709
3 708 710 709
3 710 711 709
3 709 711 712
3 711 713 712
3 713 714 712
3 712 714 715
3 714 716 715
3 716 717 715
3 715 717 718
3 717 719 718
3 719 720 718
3 721 722 720
3 718 720 722
3 723 724 688
3 688 724 689
3 689 724 725
3 725 724 726
3 726 724 727
3 727 724 728
3 728 724 729
3 729 724 730
3 730 724 731
3 731 724 732
3 732 724 733
3 733 724 734
3 734 724 735
3 735 724 736
3 736 724 737
3 737 724 738
3 722 721 739
3 739 721 740
3 740 721 741
3 741 721 742
3 742 721 743
3 743 721 744
3 744 721 644
3 644 721 645
3 724 745 738
3 738 745 746
3 746 745 747
3 747 745 748
3 748 745 749
3 749 745 750
3 750 745 751
3 751 745 752
3 752 745 753
3 753 745 754
3 754 745 755
3 755 745 756
3 756 745 721
3 645 721 745
3 761 762 763
3 764 763 762
3 762 767 764
3 768 764 767
3 767 771 768
3 772 768 771
3 771 775 772
3 776 772 775
3 775 779 776
3 780 776 779
3 779 784 780
3 780 784 785
3 786 785 784
3 784 789 786
3 790 786 789
3 789 793 790
3 794 790 793
3 793 797 794
3 798 794 797
3 797 801 798
3 802 798 801
3 801 806 802
3 802 806 807
3 808 807 806
3 806 811 808
3 812 808 811
3 817 818 819
3 820 819 818
3 818 824 820
3 820 824 825
3 826 825 824
3 824 829 826
3 830 826 829
3 829 833 830
3 834 830 833
3 833 837 834
3 838 834 837
3 837 841 838
3 842 838 841
3 841 846 842
3 842 846 847
3 848 847 846
3 846 851 848
3 852 848 851
3 851 855 852
3 856 852 855
3 855 859 856
3 860 856 859
3 859 863 860
3 864 860 863
3 863 867 864
3 868 864 867
3 873 874 875
3 876 875 874
3 881 882 883
3 884 883 882
3 889 890 891
3 892 891 890
3 923 924 925
3 924 926 925
3 925 926 927
3 926 928 927
3 928 929 927
3 927 929 930
3 929 931 930
3 930 931 932
3 931 933 932
3 932 933 934
3 933 935 934
3 934 935 936
3 935 937 936
3 936 937 938
3 937 939 938
3 938 939 940
3 939 941 940
3 940 941 942
3 941 943 942
3 942 943 944
3 943 945 944
3 944 945 946
3 945 947 946
3 946 947 948
3 947 949 948
3 948 949 950
3 950 949 951
3 952 951 949
3 962 963 964
3 963 965 964
3 965 966 964
3 966 967 964
3 967 968 964
3 968 969 964
3 970 964 969
3 975 976 977
3 978 977 976
3 983 984 985
3 986 985 984
3 989 985 990
3 986 990 985
3 993 989 994
3 990 994 989
3 993 994 997
3 998 997 994
3 1001 997 1002
3 998 1002 997
3 1001 1002 1005
3 1006 1005 1002
3 1009 1010 1006
3 1005 1006 1010
3 1013 1010 1014
3 1009 1014 1010
3 1017 1018 1014
3 1013 1014 1018
3 1021 1018 1022
3 1017 1022 1018
3 1025 1026 1022
3 1021 1022 1026
3 1029 1030 1025
3 1026 1025 1030
3 1035 1036 1037
3 1038 1037 1036
3 1043 1044 1045
3 1046 1045 1044
3 1049 1043 1050
3 1045 1050 1043
3 1053 1049 1054
3 1050 1054 1049
3 1057 1053 1058
3 1054 1058 1053
3 1061 1057 1062
3 1058 1062 1057
3 1065 1061 1066
3 1062 1066 1061
3 1069 1065 1070
3 1066 1070 1065
3 1073 1069 1074
3 1070 1074 1069
3 1073 1074 1077
3 1078 1077 1074
3 1077 1078 1081
3 1082 1081 1078
3 1085 1081 1086
3 1082 1086 1081
3 1085 1086 1089
3 1090 1089 1086
3 1095 1096 1097
3 1098 1097 1096
3 1108 1109 1110
3 1109 1111 1110
3 1111 1112 1110
3 1112 1113 1110
3 1113 1114 1110
3 1115 1110 1114
3 1116 1114 1113
3 1116 1123 1114
3 1123 1124 1114
3 1124 1125 1114
3 1125 1126 1114
3 1126 1127 1114
3 1128 1114 1127
3 1133 1134 1135
3 1136 1135 1134
3 1141 1142 1143
3 1144 1143 1142
3 1151 1152 1153
3 1152 1154 1153
3 1154 1155 1153
3 1155 1156 1153
3 1153 1156 962
3 963 962 1156
3 1161 1162 1163
3 1164 1163 1162
3 1169 1170 1171
3 1172 1171 1170
3 1171 1172 1175
3 1176 1175 1172
3 1175 1176 1179
3 1180 1179 1176
3 1183 1179 1184
3 1180 1184 1179
3 1187 1183 1188
3 1184 1188 1183
3 1191 1187 1192
3 1188 1192 1187
3 1191 1192 1195
3 1196 1195 1192
3 1195 1196 1199
3 1200 1199 1196
3 1199 1200 1203
3 1204 1203 1200
3 1203 1204 1207
3 1208 1207 1204
3 1207 1208 1211
3 1212 1211 1208
3 1211 1212 1215
3 1216 1215 1212
3 1221 1222 1223
3 1224 1223 1222
3 1229 1230 1231
3 1232 1231 1230
3 1231 1232 1235
3 1236 1235 1232
3 1235 1236 1239
3 1240 1239 1236
3 1239 1240 1243
3 1244 1243 1240
3 1243 1244 1247
3 1248 1247 1244
3 1247 1248 1251
3 1252 1251 1248
3 1251 1252 1255
3 1256 1255 1252
3 1259 1255 1260
3 1256 1260 1255
3 1263 1259 1264
3 1260 1264 1259
3 1267 1263 1268
3 1264 1268 1263
3 1267 1268 1271
3 1272 1271 1268
3 1271 1272 1275
3 1276 1275 1272
3 1281 1282 1283
3 1284 1283 1282
3 1343 1344 1345
3 1344 1346 1345
3 1345 1346 1347
3 1346 1348 1347
3 1348 1349 1347
3 1349 1350 1347
3 1350 1351 1347
3 1351 1352 1347
3 1352 1353 1347
3 1353 1354 1347
3 1354 1355 1347
3 1355 1356 1347
3 1356 1357 1347
3 1357 1358 1347
3 1358 1359 1347
3 1359 1360 1347
3 1360 1361 1347
3 1347 1361 1362
3 1361 1363 1362
3 1362 1363 1364
3 1363 1365 1364
3 1364 1365 1366
3 1365 1367 1366
3 1366 1367 1368
3 1367 1369 1368
3 1368 1369 1370
3 1369 1371 1370
3 1370 1371 1372
3 1371 1373 1372
3 1372 1373 1374
3 1373 1375 1374
3 1374 1375 1376
3 1375 1377 1376
3 1376 1377 1378
3 1377 1379 1378
3 1378 1379 1380
3 1379 1381 1380
3 1380 1381 1382
3 1381 1383 1382
3 1382 1383 1384
3 1385 1384 1383
3 1386 1387 1388
3 1388 1387 1389
3 1387 1361 1389
3 1389 1361 1390
3 1390 1361 1391
3 1391 1361 1392
3 1392 1361 1393
3 1393 1361 1394
3 1394 1361 1395
3 1395 1361 1396
3 1396 1361 1397
3 1397 1361 1398
3 1398 1361 1399
3 1399 1361 1400
3 1360 1400 1361
3 1401 1402 1403
3 1402 1401 1404
3 1404 1401 1405
3 1411 1412 1413
3 1412 1411 1414
3 1414 1411 1415
3 1421 1422 1423
3 1422 1421 1424
3 1424 1421 1425
3 1406 1407 1408
3 1408 1407 1409
3 1410 1409 1407
3 1416 1417 1418
3 1418 1417 1419
3 1420 1419 1417
3 1426 1427 1428
3 1428 1427 1429
3 1430 1429 1427
3 1431 1432 1433
3 1432 1431 1434
3 1439 1440 1441
3 1440 1439 1442
3 1447 1448 1449
3 1448 1447 1450
3 1455 1456 1457
3 1456 1455 1458
3 1463 1464 1465
3 1464 1463 1466
3 1435 1436 1437
3 1438 1437 1436
3 1443 1444 1445
3 1446 1445 1444
3 1451 1452 1453
3 1454 1453 1452
3 1459 1460 1461
3 1462 1461 1460
3 1467 1468 1469
3 1470 1469 1468
3 1471 1472 1473
3 1472 1471 1474
3 1479 1480 1481
3 1480 1479 1482
3 1487 1488 1489
3 1488 1487 1490
3 1495 1496 1497
3 1496 1495 1498
3 1503 1504 1505
3 1504 1503 1506
3 1475 1476 1477
3 1478 1477 1476
3 1483 1484 1485
3 1486 1485 1484
3 1491 1492 1493
3 1494 1493 1492
3 1499 1500 1501
3 1502 1501 1500
3 1507 1508 1509
3 1510 1509 1508
3 1511 1512 1513
3 1512 1511 1514
3 1514 1511 1515
3 1516 1517 1518
3 1517 1516 1519
3 1517 1519 1520
3 1517 1520 1521
3 1521 1520 1522
3 1521 1522 1523
3 1523 1522 1524
3 1523 1524 1525
3 1525 1524 1526
3 1525 1526 1527
3 1527 1526 1528
3 1527 1528 1529
3 1529 1528 1530
3 1529 1530 1531
3 1531 1530 1532
3 1531 1532 1533
3 1533 1532 1534
3 1533 1534 1535
3 1535 1534 1536
3 1535 1536 1537
3 1537 1536 1538
3 1537 1538 1539
3 1539 1538 1513
3 1539 1513 1540
3 1540 1513 1541
3 1540 1541 1542
3 1541 1513 1512
3 1542 1541 1515
3 1542 1515 1511
3 1542 1511 1543
3 1542 1543 1544
3 1544 1543 1545
3 1544 1545 1546
3 1546 1545 1547
3 1546 1547 1548
3 1548 1547 1549
3 1548 1549 1550
3 1550 1549 1551
3 1550 1551 1552
3 1552 1551 1553
3 1552 1553 1554
3 1554 1553 1555
3 1554 1555 1556
3 1556 1555 1557
3 1556 1557 1558
3 1558 1557 1559
3 1558 1559 1560
3 1560 1559 1561
3 1560 1561 1562
3 1562 1561 1563
3 1562 1563 1564
3 1564 1563 1565
3 1564 1565 1566
3 1623 1624 1625
3 1624 1623 1626
3 1631 1632 1633
3 1632 1631 1634
3 1639 1633 1640
3 1633 1639 1631
3 1643 1640 1644
3 1640 1643 1639
3 1647 1644 1648
3 1644 1647 1643
3 1651 1648 1652
3 1648 1651 1647
3 1655 1652 1656
3 1652 1655 1651
3 1659 1655 1656
3 1655 1659 1660
3 1663 1660 1659
3 1660 1663 1664
3 1667 1663 1668
3 1663 1667 1664
3 1671 1667 1668
3 1667 1671 1672
3 1675 1671 1676
3 1671 1675 1672
3 1679 1676 1680
3 1676 1679 1675
3 1683 1684 1685
3 1684 1683 1686
3 1691 1692 1693
3 1692 1691 1694
3 1699 1694 1691
3 1694 1699 1700
3 1703 1699 1704
3 1699 1703 1700
3 1707 1703 1704
3 1703 1707 1708
3 1711 1708 1707
3 1708 1711 1712
3 1715 1711 1716
3 1711 1715 1712
3 1719 1716 1720
3 1716 1719 1715
3 1723 1719 1720
3 1719 1723 1724
3 1727 1724 1723
3 1724 1727 1728
3 1731 1728 1727
3 1728 1731 1732
3 1735 1732 1731
3 1732 1735 1736
3 1739 1736 1735
3 1736 1739 1740
3 1743 1744 1745
3 1744 1743 1746
3 1751 1752 1753
3 1752 1751 1754
3 1759 1754 1751
3 1754 1759 1760
3 1763 1760 1759
3 1760 1763 1764
3 1767 1764 1763
3 1764 1767 1768
3 1771 1768 1767
3 1768 1771 1772
3 1775 1772 1771
3 1772 1775 1776
3 1779 1775 1780
3 1775 1779 1776
3 1783 1780 1784
3 1780 1783 1779
3 1787 1784 1788
3 1784 1787 1783
3 1791 1787 1788
3 1787 1791 1792
3 1795 1791 1796
3 1791 1795 1792
3 1799 1795 1796
3 1795 1799 1800
3 1803 1804 1805
3 1804 1803 1806
3 1811 1812 1813
3 1812 1811 1814
3 1819 1813 1820
3 1813 1819 1811
3 1823 1820 1824
3 1820 1823 1819
3 1827 1824 1828
3 1824 1827 1823
3 1831 1828 1832
3 1828 1831 1827
3 1835 1832 1836
3 1832 1835 1831
3 1839 1836 1840
3 1836 1839 1835
3 1843 1840 1844
3 1840 1843 1839
3 1847 1844 1848
3 1844 1847 1843
3 1851 1848 1852
3 1848 1851 1847
3 1855 1852 1856
3 1852 1855 1851
3 1859 1856 1860
3 1856 1859 1855
3 1567 1568 1569
3 1568 1570 1569
3 1569 1570 1571
3 1570 1572 1571
3 1571 1572 1573
3 1572 1574 1573
3 1573 1574 1575
3 1574 1576 1575
3 1575 1576 1577
3 1576 1578 1577
3 1577 1578 1579
3 1578 1580 1579
3 1579 1580 1581
3 1580 1582 1581
3 1581 1582 1583
3 1582 1584 1583
3 1583 1584 1585
3 1584 1586 1585
3 1585 1586 1587
3 1586 1588 1587
3 1587 1588 1589
3 1588 1590 1589
3 1589 1590 1591
3 1590 1592 1591
3 1592 1593 1591
3 1593 1594 1591
3 1595 1596 1594
3 1591 1594 1597
3 1594 1596 1597
3 1597 1596 1598
3 1596 1599 1598
3 1598 1599 1600
3 1599 1601 1600
3 1600 1601 1602
3 1601 1603 1602
3 1602 1603 1604
3 1603 1605 1604
3 1604 1605 1606
3 1605 1607 1606
3 1606 1607 1608
3 1607 1609 1608
3 1608 1609 1610
3 1609 1611 1610
3 1610 1611 1612
3 1611 1613 1612
3 1612 1613 1614
3 1613 1615 1614
3 1614 1615 1616
3 1615 1617 1616
3 1616 1617 1618
3 1617 1619 1618
3 1619 1620 1618
3 1621 1618 1620
3 1593 1592 1622
3 1622 1592 1595
3 1596 1595 1592
3 1627 1628 1629
3 1630 1629 1628
3 1635 1636 1637
3 1638 1637 1636
3 1636 1641 1638
3 1642 1638 1641
3 1641 1645 1642
3 1646 1642 1645
3 1645 1649 1646
3 1650 1646 1649
3 1649 1653 1650
3 1654 1650 1653
3 1653 1657 1654
3 1658 1654 1657
3 1661 1662 1657
3 1658 1657 1662
3 1665 1666 1661
3 1662 1661 1666
3 1665 1669 1666
3 1670 1666 1669
3 1673 1674 1669
3 1670 1669 1674
3 1673 1677 1674
3 1678 1674 1677
3 1677 1681 1678
3 1682 1678 1681
3 1687 1688 1689
3 1690 1689 1688
3 1695 1696 1697
3 1698 1697 1696
3 1701 1702 1695
3 1696 1695 1702
3 1701 1705 1702
3 1706 1702 1705
3 1709 1710 1705
3 1706 1705 1710
3 1713 1714 1709
3 1710 1709 1714
3 1713 1717 1714
3 1718 1714 1717
3 1717 1721 1718
3 1722 1718 1721
3 1725 1726 1721
3 1722 1721 1726
3 1729 1730 1725
3 1726 1725 1730
3 1733 1734 1729
3 1730 1729 1734
3 1737 1738 1733
3 1734 1733 1738
3 1741 1742 1737
3 1738 1737 1742
3 1747 1748 1749
3 1750 1749 1748
3 1755 1756 1757
3 1758 1757 1756
3 1761 1762 1755
3 1756 1755 1762
3 1765 1766 1761
3 1762 1761 1766
3 1769 1770 1765
3 1766 1765 1770
3 1773 1774 1769
3 1770 1769 1774
3 1777 1778 1773
3 1774 1773 1778
3 1777 1781 1778
3 1782 1778 1781
3 1781 1785 1782
3 1786 1782 1785
3 1785 1789 1786
3 1790 1786 1789
3 1793 1794 1789
3 1790 1789 1794
3 1793 1797 1794
3 1798 1794 1797
3 1801 1802 1797
3 1798 1797 1802
3 1807 1808 1809
3 1810 1809 1808
3 1815 1816 1817
3 1818 1817 1816
3 1816 1821 1818
3 1822 1818 1821
3 1821 1825 1822
3 1826 1822 1825
3 1825 1829 1826
3 1830 1826 1829
3 1829 1833 1830
3 1834 1830 1833
3 1833 1837 1834
3 1838 1834 1837
3 1837 1841 1838
3 1842 1838 1841
3 1841 1845 1842
3 1846 1842 1845
3 1845 1849 1846
3 1850 1846 1849
3 1849 1853 1850
3 1854 1850 1853
3 1853 1857 1854
3 1858 1854 1857
3 1857 1861 1858
3 1862 1858 1861
3 1863 1864 1865
3 1864 1863 1866
3 1866 1863 1867
3 1866 1867 1868
3 1868 1867 1869
3 1868 1869 1870
3 1870 1869 1871
3 1870 1871 1872
3 1872 1871 1873
3 1872 1873 1874
3 1874 1873 1875
3 1874 1875 1876
3 1876 1875 1877
3 1876 1877 1878
3 1878 1877 1879
3 1878 1879 1880
3 1880 1879 1881
3 1880 1881 1882
3 1882 1881 1883
3 1882 1883 1884
3 1884 1883 1885
3 1884 1885 1886
3 1886 1885 1887
3 1886 1887 1888
3 1888 1887 1889
3 1889 1887 1890
3 1889 1890 1891
3 1891 1890 1892
3 1888 1893 1894
3 1893 1888 1889
3 1894 1893 1892
3 1894 1892 1890
3 1894 1890 1895
3 1894 1895 1896
3 1896 1895 1897
3 1897 1895 1898
3 1897 1898 1899
3 1899 1898 1900
3 1899 1900 1901
3 1901 1900 1902
3 1901 1902 1903
3 1903 1902 1904
3 1903 1904 1905
3 1905 1904 1906
3 1905 1906 1907
3 1907 1906 1908
3 1907 1908 1909
3 1909 1908 1910
3 1909 1910 1911
3 1911 1910 1912
3 1911 1912 1913
3 1913 1912 1914
3 1913 1914 1915
3 1915 1914 1916
3 1915 1916 1917
3 1917 1916 1918
3 1975 1976 1977
3 1976 1975 1978
3 1983 1984 1985
3 1984 1983 1986
3 1991 1985 1992
3 1985 1991 1983
3 1995 1992 1996
3 1992 1995 1991
3 1999 1996 2000
3 1996 1999 1995
3 2003 2000 2004
3 2000 2003 1999
3 2007 2004 2008
3 2004 2007 2003
3 2011 2007 2008
3 2007 2011 2012
3 2015 2011 2016
3 2011 2015 2012
3 2019 2016 2020
3 2016 2019 2015
3 2023 2019 2020
3 2019 2023 2024
3 2027 2024 2023
3 2024 2027 2028
3 2031 2027 2032
3 2027 2031 2028
3 2035 2036 2037
3 2036 2035 2038
3 2043 2044 2045
3 2044 2043 2046
3 2051 2043 2052
3 2043 2051 2046
3 2055 2051 2052
3 2051 2055 2056
3 2059 2055 2060
3 2055 2059 2056
3 2063 2059 2060
3 2059 2063 2064
3 2067 2063 2068
3 2063 2067 2064
3 2071 2067 2068
3 2067 2071 2072
3 2075 2072 2071
3 2072 2075 2076
3 2079 2076 2075
3 2076 2079 2080
3 2083 2080 2079
3 2080 2083 2084
3 2087 2084 2083
3 2084 2087 2088
3 2091 2088 2087
3 2088 2091 2092
3 2095 2096 2097
3 2096 2095 2098
3 2103 2104 2105
3 2104 2103 2106
3 2111 2106 2103
3 2106 2111 2112
3 2115 2112 2111
3 2112 2115 2116
3 2119 2116 2115
3 2116 2119 2120
3 2123 2120 2119
3 2120 2123 2124
3 2127 2123 2128
3 2123 2127 2124
3 2131 2127 2128
3 2127 2131 2132
3 2135 2131 2136
3 2131 2135 2132
3 2139 2135 2136
3 2135 2139 2140
3 2143 2140 2139
3 2140 2143 2144
3 2147 2144 2143
3 2144 2147 2148
3 2151 2147 2152
3 2147 2151 2148
3 2155 2156 2157
3 2156 2155 2158
3 2163 2164 2165
3 2164 2163 2166
3 2171 2163 2172
3 2163 2171 2166
3 2175 2172 2176
3 2172 2175 2171
3 2179 2176 2180
3 2176 2179 2175
3 2183 2180 2184
3 2180 2183 2179
3 2187 2184 2188
3 2184 2187 2183
3 2191 2187 2188
3 2187 2191 2192
3 2195 2191 2196
3 2191 2195 2192
3 2199 2196 2200
3 2196 2199 2195
3 2203 2200 2204
3 2200 2203 2199
3 2207 2204 2208
3 2204 2207 2203
3 2211 2208 2212
3 2208 2211 2207
3 1919 1920 1921
3 1921 1920 1922
3 1920 1923 1922
3 1922 1923 1924
3 1923 1925 1924
3 1924 1925 1926
3 1925 1927 1926
3 1926 1927 1928
3 1927 1929 1928
3 1928 1929 1930
3 1929 1931 1930
3 1930 1931 1932
3 1931 1933 1932
3 1932 1933 1934
3 1933 1935 1934
3 1934 1935 1936
3 1935 1937 1936
3 1936 1937 1938
3 1937 1939 1938
3 1938 1939 1940
3 1939 1941 1940
3 1940 1941 1942
3 1942 1941 1943
3 1941 1944 1943
3 1944 1945 1943
3 1945 1946 1943
3 1947 1948 1946
3 1943 1946 1948
3 1945 1944 1949
3 1949 1944 1947
3 1944 1950 1947
3 1947 1950 1948
3 1948 1950 1951
3 1950 1952 1951
3 1951 1952 1953
3 1952 1954 1953
3 1953 1954 1955
3 1954 1956 1955
3 1955 1956 1957
3 1956 1958 1957
3 1957 1958 1959
3 1958 1960 1959
3 1959 1960 1961
3 1960 1962 1961
3 1961 1962 1963
3 1962 1964 1963
3 1963 1964 1965
3 1964 1966 1965
3 1965 1966 1967
3 1966 1968 1967
3 1967 1968 1969
3 1968 1970 1969
3 1969 1970 1971
3 1970 1972 1971
3 1971 1972 1973
3 1974 1973 1972
3 1979 1980 1981
3 1982 1981 1980
3 1987 1988 1989
3 1990 1989 1988
3 1988 1993 1990
3 1994 1990 1993
3 1993 1997 1994
3 1998 1994 1997
3 1997 2001 1998
3 2002 1998 2001
3 2001 2005 2002
3 2006 2002 2005
3 2005 2009 2006
3 2010 2006 2009
3 2013 2014 2009
3 2010 2009 2014
3 2013 2017 2014
3 2018 2014 2017
3 2017 2021 2018
3 2022 2018 2021
3 2025 2026 2021
3 2022 2021 2026
3 2029 2030 2025
3 2026 2025 2030
3 2029 2033 2030
3 2034 2030 2033
3 2039 2040 2041
3 2042 2041 2040
3 2047 2048 2049
3 2050 2049 2048
3 2047 2053 2048
3 2054 2048 2053
3 2057 2058 2053
3 2054 2053 2058
3 2057 2061 2058
3 2062 2058 2061
3 2065 2066 2061
3 2062 2061 2066
3 2065 2069 2066
3 2070 2066 2069
3 2073 2074 2069
3 2070 2069 2074
3 2077 2078 2073
3 2074 2073 2078
3 2081 2082 2077
3 2078 2077 2082
3 2085 2086 2081
3 2082 2081 2086
3 2089 2090 2085
3 2086 2085 2090
3 2093 2094 2089
3 2090 2089 2094
3 2099 2100 2101
3 2102 2101 2100
3 2107 2108 2109
3 2110 2109 2108
3 2113 2114 2107
3 2108 2107 2114
3 2117 2118 2113
3 2114 2113 2118
3 2121 2122 2117
3 2118 2117 2122
3 2125 2126 2121
3 2122 2121 2126
3 2125 2129 2126
3 2130 2126 2129
3 2133 2134 2129
3 2130 2129 2134
3 2133 2137 2134
3 2138 2134 2137
3 2141 2142 2137
3 2138 2137 2142
3 2145 2146 2141
3 2142 2141 2146
3 2149 2150 2145
3 2146 2145 2150
3 2149 2153 2150
3 2154 2150 2153
3 2159 2160 2161
3 2162 2161 2160
3 2167 2168 2169
3 2170 2169 2168
3 2167 2173 2168
3 2174 2168 2173
3 2173 2177 2174
3 2178 2174 2177
3 2177 2181 2178
3 2182 2178 2181
3 2181 2185 2182
3 2186 2182 2185
3 2185 2189 2186
3 2190 2186 2189
3 2193 2194 2189
3 2190 2189 2194
3 2193 2197 2194
3 2198 2194 2197
3 2197 2201 2198
3 2202 2198 2201
3 2201 2205 2202
3 2206 2202 2205
3 2205 2209 2206
3 2210 2206 2209
3 2209 2213 2210
3 2214 2210 2213
3 2230 2231 2232
3 2233 2232 2231
3 2238 2232 2239
3 2233 2239 2232
3 2242 2243 2244
3 2245 2246 2247
3 2247 2246 2248
3 2248 2246 2249
3 2249 2246 2250
3 2250 2246 2251
3 2251 2246 2252
3 2252 2246 2253
3 2253 2246 2254
3 2254 2246 2255
3 2255 2246 2256
3 2256 2246 2257
3 2257 2246 2258
3 2243 2242 2259
3 2259 2242 2260
3 2260 2242 2261
3 2261 2242 2262
3 2262 2242 2263
3 2263 2242 2264
3 2264 2242 2265
3 2265 2242 2266
3 2266 2242 2267
3 2267 2242 2268
3 2268 2242 2269
3 2269 2242 2270
3 2242 2271 2270
3 2271 2272 2270
3 2272 2273 2270
3 2273 2274 2270
3 2270 2274 2275
3 2275 2274 2276
3 2276 2274 2277
3 2277 2274 2278
3 2278 2274 2279
3 2279 2274 2280
3 2280 2274 2281
3 2246 2282 2258
3 2258 2282 2283
3 2283 2282 2284
3 2284 2282 2285
3 2285 2282 2286
3 2286 2282 2287
3 2287 2282 2288
3 2288 2282 2289
3 2289 2282 2274
3 2274 2282 2281
3 2281 2282 2290
3 2290 2282 2291
3 2291 2282 2292
3 2292 2282 2293
3 2294 2293 2282
3 2348 2349 2230
3 2231 2230 2349
3 2352 2353 2354
3 2353 2355 2354
3 2356 2357 2358
3 2357 2359 2358
3 2359 2360 2358
3 2360 2361 2358
3 2361 2362 2358
3 2362 2363 2358
3 2363 2364 2358
3 2364 2365 2358
3 2365 2366 2358
3 2366 2367 2358
3 2367 2368 2358
3 2368 2369 2358
3 2369 2370 2358
3 2358 2370 2371
3 2371 2370 2372
3 2372 2370 2373
3 2373 2370 2374
3 2370 2375 2374
3 2375 2376 2374
3 2376 2377 2374
3 2377 2378 2374
3 2378 2379 2374
3 2379 2380 2374
3 2380 2381 2374
3 2354 2355 2382
3 2355 2383 2382
3 2383 2384 2382
3 2384 2385 2382
3 2385 2386 2382
3 2386 2387 2382
3 2387 2388 2382
3 2388 2374 2382
3 2374 2381 2382
3 2381 2389 2382
3 2389 2390 2382
3 2390 2391 2382
3 2391 2392 2382
3 2393 2382 2392
3 2436 2238 2437
3 2239 2437 2238
3 2440 2441 2442
3 2443 2442 2441
3 2448 2449 2450
3 2450 2449 2451
3 2449 2452 2451
3 2453 2451 2452
3 2460 2461 2462
3 2463 2462 2461
3 2461 2468 2463
3 2469 2463 2468
3 2469 2468 2472
3 2473 2472 2468
3 2476 2472 2477
3 2473 2477 2472
3 2476 2477 2480
3 2481 2480 2477
3 2484 2480 2485
3 2481 2485 2480
3 2488 2484 2489
3 2485 2489 2484
3 2488 2489 2492
3 2493 2492 2489
3 2496 2492 2497
3 2493 2497 2492
3 2500 2496 2501
3 2497 2501 2496
3 2500 2501 2504
3 2505 2504 2501
3 2508 2504 2509
3 2505 2509 2504
3 2512 2513 2514
3 2513 2515 2514
3 2514 2515 2516
3 2517 2516 2515
3 2524 2525 2526
3 2527 2526 2525
3 2532 2524 2533
3 2526 2533 2524
3 2536 2532 2537
3 2533 2537 2532
3 2536 2537 2540
3 2541 2540 2537
3 2544 2540 2545
3 2541 2545 2540
3 2544 2545 2548
3 2549 2548 2545
3 2552 2548 2553
3 2549 2553 2548
3 2556 2552 2557
3 2553 2557 2552
3 2556 2557 2560
3 2561 2560 2557
3 2560 2561 2564
3 2565 2564 2561
3 2564 2565 2568
3 2569 2568 2565
3 2568 2569 2572
3 2573 2572 2569
3 2576 2577 2578
3 2579 2578 2577
3 2584 2585 2586
3 2587 2586 2585
3 2586 2587 2592
3 2593 2592 2587
3 2592 2593 2596
3 2597 2596 2593
3 2596 2597 2348
3 2349 2348 2597
3 2436 2437 2600
3 2601 2600 2437
3 2604 2600 2605
3 2601 2605 2600
3 2604 2605 2608
3 2609 2608 2605
3 2612 2608 2613
3 2609 2613 2608
3 2616 2617 2618
3 2619 2618 2617
3 2624 2625 2626
3 2627 2626 2625
3 2624 2626 2632
3 2633 2632 2626
3 2636 2632 2637
3 2633 2637 2632
3 2640 2636 2641
3 2637 2641 2636
3 2640 2641 2644
3 2645 2644 2641
3 2648 2644 2649
3 2645 2649 2644
3 2648 2649 2652
3 2653 2652 2649
3 2656 2652 2657
3 2653 2657 2652
3 2656 2657 2660
3 2661 2660 2657
3 2660 2661 2664
3 2665 2664 2661
3 2664 2665 2668
3 2669 2668 2665
3 2668 2669 2672
3 2673 2672 2669
3 2676 2677 2678
3 2679 2678 2677
3 2684 2685 2686
3 2685 2687 2686
3 2687 2688 2686
3 2688 2689 2686
3 2689 2690 2686
3 2690 2691 2686
3 2691 2692 2686
3 2692 2693 2686
3 2693 2694 2686
3 2694 2695 2686
3 2695 2696 2686
3 2686 2696 2697
3 2698 2697 2696
3 2234 2235 2236
3 2235 2234 2237
3 2235 2240 2236
3 2240 2235 2241
3 2295 2296 2297
3 2296 2295 2298
3 2298 2295 2299
3 2299 2295 2300
3 2300 2295 2301
3 2301 2295 2302
3 2302 2295 2303
3 2303 2295 2304
3 2304 2295 2305
3 2305 2295 2306
3 2306 2295 2307
3 2307 2295 2308
3 2308 2295 2309
3 2309 2295 2310
3 2310 2295 2311
3 2301 2302 2312
3 2312 2302 2313
3 2313 2302 2314
3 2314 2302 2315
3 2315 2302 2316
3 2316 2302 2317
3 2317 2302 2318
3 2318 2302 2319
3 2318 2319 2320
3 2318 2320 2321
3 2318 2321 2322
3 2318 2322 2323
3 2323 2322 2324
3 2324 2322 2325
3 2325 2322 2326
3 2326 2322 2327
3 2327 2322 2328
3 2328 2322 2329
3 2329 2322 2330
3 2330 2322 2331
3 2331 2322 2332
3 2332 2322 2333
3 2333 2322 2334
3 2310 2311 2335
3 2335 2311 2336
3 2336 2311 2337
3 2337 2311 2338
3 2338 2311 2339
3 2339 2311 2340
3 2340 2311 2341
3 2341 2311 2342
3 2342 2311 2343
3 2343 2311 2344
3 2344 2311 2345
3 2345 2311 2346
3 2347 2334 2322
3 2350 2237 2234
3 2237 2350 2351
3 2394 2395 2396
3 2395 2394 2397
3 2395 2397 2398
3 2395 2398 2399
3 2395 2399 2400
3 2395 2400 2401
3 2395 2401 2402
3 2395 2402 2403
3 2395 2403 2404
3 2395 2404 2405
3 2395 2405 2406
3 2395 2406 2407
3 2395 2407 2408
3 2395 2408 2409
3 2401 2400 2410
3 2401 2410 2411
3 2401 2411 2412
3 2401 2412 2413
3 2401 2413 2414
3 2401 2414 2415
3 2401 2415 2416
3 2401 2416 2417
3 2417 2416 2418
3 2418 2416 2419
3 2419 2416 2420
3 2420 2416 2421
3 2420 2421 2422
3 2420 2422 2423
3 2420 2423 2424
3 2420 2424 2425
3 2420 2425 2426
3 2420 2426 2427
3 2420 2427 2428
3 2420 2428 2429
3 2420 2429 2430
3 2420 2430 2431
3 2420 2431 2432
3 2420 2432 2433
3 2409 2408 2434
3 2409 2434 2435
3 2241 2438 2240
3 2438 2241 2439
3 2444 2445 2446
3 2445 2444 2447
3 2454 2455 2456
3 2455 2454 2457
3 2455 2457 2458
3 2458 2457 2459
3 2464 2465 2466
3 2465 2464 2467
3 2470 2466 2471
3 2466 2470 2464
3 2470 2474 2475
3 2474 2470 2471
3 2474 2478 2475
3 2478 2474 2479
3 2478 2482 2483
3 2482 2478 2479
3 2482 2486 2483
3 2486 2482 2487
3 2487 2490 2486
3 2490 2487 2491
3 2490 2494 2495
3 2494 2490 2491
3 2494 2498 2495
3 2498 2494 2499
3 2499 2502 2498
3 2502 2499 2503
3 2502 2506 2507
3 2506 2502 2503
3 2506 2510 2507
3 2510 2506 2511
3 2518 2519 2520
3 2519 2518 2521
3 2521 2518 2522
3 2521 2522 2523
3 2528 2529 2530
3 2529 2528 2531
3 2531 2534 2529
3 2534 2531 2535
3 2535 2538 2534
3 2538 2535 2539
3 2538 2542 2543
3 2542 2538 2539
3 2542 2546 2543
3 2546 2542 2547
3 2546 2550 2551
3 2550 2546 2547
3 2550 2554 2551
3 2554 2550 2555
3 2555 2558 2554
3 2558 2555 2559
3 2558 2562 2563
3 2562 2558 2559
3 2563 2566 2567
3 2566 2563 2562
3 2567 2570 2571
3 2570 2567 2566
3 2571 2574 2575
3 2574 2571 2570
3 2580 2581 2582
3 2581 2580 2583
3 2588 2589 2590
3 2589 2588 2591
3 2590 2594 2595
3 2594 2590 2589
3 2595 2598 2599
3 2598 2595 2594
3 2599 2351 2350
3 2351 2599 2598
3 2438 2602 2603
3 2602 2438 2439
3 2602 2606 2603
3 2606 2602 2607
3 2606 2610 2611
3 2610 2606 2607
3 2610 2614 2611
3 2614 2610 2615
3 2620 2621 2622
3 2621 2620 2623
3 2628 2629 2630
3 2629 2628 2631
3 2629 2634 2635
3 2634 2629 2631
3 2634 2638 2635
3 2638 2634 2639
3 2639 2642 2638
3 2642 2639 2643
3 2642 2646 2647
3 2646 2642 2643
3 2646 2650 2647
3 2650 2646 2651
3 2650 2654 2655
3 2654 2650 2651
3 2654 2658 2655
3 2658 2654 2659
3 2658 2662 2663
3 2662 2658 2659
3 2663 2666 2667
3 2666 2663 2662
3 2667 2670 2671
3 2670 2667 2666
3 2671 2674 2675
3 2674 2671 2670
3 2680 2681 2682
3 2681 2680 2683
3 2699 2700 2701
3 2700 2699 2702
3 2702 2699 2703
3 2702 2703 2704
3 2702 2704 2705
3 2702 2705 2706
3 2702 2706 2707
3 2702 2707 2708
3 2702 2708 2709
3 2702 2709 2710
3 2702 2710 2711
3 2702 2711 2712
3 2702 2712 2713
3 2714 2715 2716
3 2715 2714 2717
3 2722 2723 2724
3 2723 2722 2725
3 2725 2722 2726
3 2725 2726 2727
3 2727 2726 2728
3 2727 2728 2729
3 2729 2728 2730
3 2729 2730 2731
3 2731 2730 2732
3 2731 2732 2733
3 2733 2732 2734
3 2733 2734 2735
3 2735 2734 2736
3 2735 2736 2737
3 2754 2755 2756
3 2755 2754 2757
3 2757 2754 2758
3 2758 2754 2759
3 2760 2716 2761
3 2716 2760 2714
3 2714 2760 2762
3 2714 2762 2757
3 2757 2762 2763
3 2757 2763 2755
3 2757 2717 2714
3 2717 2757 2774
3 2717 2776 2715
3 2776 2717 2777
3 2780 2761 2781
3 2761 2780 2760
3 2784 2781 2785
3 2781 2784 2780
3 2788 2784 2785
3 2784 2788 2789
3 2792 2789 2788
3 2789 2792 2793
3 2796 2793 2792
3 2793 2796 2797
3 2800 2796 2801
3 2796 2800 2797
3 2804 2801 2805
3 2801 2804 2800
3 2808 2805 2809
3 2805 2808 2804
3 2804 2808 2810
3 2810 2808 2811
3 2810 2811 2812
3 2812 2811 2813
3 2813 2811 2814
3 2814 2811 2815
3 2815 2811 2816
3 2815 2816 2817
3 2828 2809 2829
3 2809 2828 2808
3 2832 2829 2833
3 2829 2832 2828
3 2832 2836 2837
3 2836 2832 2833
3 2837 2840 2841
3 2840 2837 2836
3 2841 2776 2777
3 2776 2841 2840
3 2756 2844 2845
3 2844 2756 2755
3 2848 2849 2850
3 2849 2848 2851
3 2856 2857 2858
3 2857 2856 2859
3 2859 2856 2860
3 2859 2860 2861
3 2861 2860 2862
3 2861 2862 2863
3 2863 2862 2864
3 2863 2864 2865
3 2865 2864 2866
3 2865 2866 2867
3 2867 2866 2868
3 2867 2868 2869
3 2869 2868 2870
3 2869 2870 2871
3 2888 2759 2754
3 2759 2888 2889
3 2759 2892 2758
3 2892 2759 2889
3 2758 2774 2757
3 2774 2758 2892
3 2894 2760 2780
3 2760 2894 2762
3 2896 2762 2894
3 2762 2896 2763
3 2844 2763 2896
3 2763 2844 2755
3 2774 2777 2717
3 2777 2774 2898
3 2900 2780 2784
3 2780 2900 2894
3 2789 2900 2784
3 2900 2789 2902
3 2793 2902 2789
3 2902 2793 2904
3 2797 2904 2793
3 2904 2797 2906
3 2800 2906 2797
3 2906 2800 2908
3 2804 2908 2800
3 2908 2804 2810
3 2910 2815 2817
3 2815 2910 2911
3 2914 2915 2916
3 2915 2914 2917
3 2813 2922 2923
3 2922 2813 2814
3 2812 2923 2926
3 2923 2812 2813
3 2810 2926 2908
3 2926 2810 2812
3 2828 2811 2808
3 2811 2828 2928
3 2928 2816 2811
3 2816 2928 2930
3 2930 2817 2816
3 2817 2930 2910
3 2832 2928 2828
3 2928 2832 2932
3 2932 2837 2934
3 2837 2932 2832
3 2934 2841 2936
3 2841 2934 2837
3 2936 2777 2898
3 2777 2936 2841
3 2845 2938 2939
3 2938 2845 2844
3 2849 2942 2850
3 2944 2945 2946
3 2945 2944 2947
3 2947 2944 2948
3 2947 2948 2949
3 2949 2948 2950
3 2949 2950 2951
3 2951 2950 2952
3 2951 2952 2953
3 2953 2952 2954
3 2953 2954 2955
3 2955 2954 2956
3 2955 2956 2957
3 2957 2956 2958
3 2957 2958 2959
3 2976 2851 2848
3 2923 2978 2979
3 2978 2923 2922
3 2982 2983 2984
3 2983 2988 2984
3 2978 2990 2979
3 2990 2978 2991
3 2994 2995 2988
3 2995 2994 2996
3 2991 3000 2990
3 3000 2991 3001
3 3000 2939 2938
3 2939 3000 3001
3 2996 3004 2995
3 2942 3004 3006
3 3008 2851 2976
3 3010 2889 2888
3 2889 3010 3011
3 3014 3008 3015
3 3011 3018 3019
3 3018 3011 3010
3 3015 3022 3014
3 3018 3024 3019
3 3024 3018 3025
3 3028 3029 3022
3 3029 3028 3030
3 3029 3030 3031
3 3030 3028 3032
3 3029 3033 3034
3 3033 3029 3031
3 3034 3033 3032
3 3034 3032 3028
3 3025 3042 3024
3 3042 3025 3043
3 3034 3046 3029
3 3042 2911 2910
3 2911 3042 3043
3 3046 3048 3049
3 3049 2917 2914
3 2916 3052 2982
3 2889 3054 2892
3 3054 2889 3011
3 2892 2898 2774
3 2898 2892 3054
3 3056 2894 2900
3 2894 3056 2896
3 2938 2896 3056
3 2896 2938 2844
3 2902 3056 2900
3 3056 2902 3058
3 2904 3058 2902
3 3058 2904 3060
3 2906 3060 2904
3 3060 2906 3062
3 2908 3062 2906
3 3062 2908 2926
3 2915 3052 2916
3 2926 2979 3062
3 2979 2926 2923
3 2932 2930 2928
3 2930 2932 3064
3 3064 2910 2930
3 2910 3064 3042
3 3064 2934 3066
3 2934 3064 2932
3 3066 2936 3068
3 2936 3066 2934
3 3068 2898 3054
3 2898 3068 2936
3 2850 2942 3006
3 3048 2917 3049
3 2983 2982 3052
3 2994 2988 2983
3 3070 3004 2996
3 3006 3004 3070
3 3015 3008 2976
3 3028 3022 3015
3 3072 3046 3034
3 3048 3046 3072
3 2979 3060 3062
3 3060 2979 2990
3 2990 3058 3060
3 3058 2990 3000
3 3058 2938 3056
3 2938 3058 3000
3 3054 3019 3068
3 3019 3054 3011
3 3019 3066 3068
3 3066 3019 3024
3 3024 3064 3066
3 3064 3024 3042
3 2718 2719 2720
3 2721 2720 2719
3 2738 2739 2740
3 2739 2741 2740
3 2740 2741 2742
3 2741 2743 2742
3 2742 2743 2744
3 2743 2745 2744
3 2744 2745 2746
3 2745 2747 2746
3 2746 2747 2748
3 2747 2749 2748
3 2748 2749 2750
3 2749 2751 2750
3 2750 2751 2752
3 2753 2752 2751
3 2764 2765 2766
3 2765 2767 2766
3 2766 2767 2719
3 2767 2768 2719
3 2719 2768 2721
3 2769 2721 2768
3 2770 2771 2772
3 2772 2771 2766
3 2766 2771 2764
3 2773 2764 2771
3 2775 2766 2718
3 2719 2718 2766
3 2778 2718 2779
3 2720 2779 2718
3 2768 2782 2769
3 2783 2769 2782
3 2782 2786 2783
3 2787 2783 2786
3 2790 2791 2786
3 2787 2786 2791
3 2794 2795 2790
3 2791 2790 2795
3 2798 2799 2794
3 2795 2794 2799
3 2798 2802 2799
3 2803 2799 2802
3 2802 2806 2803
3 2807 2803 2806
3 2818 2819 2820
3 2819 2821 2820
3 2820 2821 2822
3 2822 2821 2823
3 2823 2821 2824
3 2824 2821 2825
3 2821 2826 2825
3 2825 2826 2806
3 2806 2826 2807
3 2827 2807 2826
3 2826 2830 2827
3 2831 2827 2830
3 2830 2834 2831
3 2835 2831 2834
3 2835 2834 2838
3 2839 2838 2834
3 2838 2839 2842
3 2843 2842 2839
3 2842 2843 2779
3 2778 2779 2843
3 2764 2773 2846
3 2847 2846 2773
3 2852 2853 2854
3 2855 2854 2853
3 2872 2873 2874
3 2873 2875 2874
3 2874 2875 2876
3 2875 2877 2876
3 2876 2877 2878
3 2877 2879 2878
3 2878 2879 2880
3 2879 2881 2880
3 2880 2881 2882
3 2881 2883 2882
3 2882 2883 2884
3 2883 2885 2884
3 2884 2885 2886
3 2887 2886 2885
3 2890 2891 2770
3 2771 2770 2891
3 2890 2770 2893
3 2772 2893 2770
3 2893 2772 2775
3 2766 2775 2772
3 2767 2895 2768
3 2782 2768 2895
3 2765 2897 2767
3 2895 2767 2897
3 2764 2846 2765
3 2897 2765 2846
3 2899 2775 2778
3 2718 2778 2775
3 2895 2901 2782
3 2786 2782 2901
3 2903 2790 2901
3 2786 2901 2790
3 2905 2794 2903
3 2790 2903 2794
3 2907 2798 2905
3 2794 2905 2798
3 2909 2802 2907
3 2798 2907 2802
3 2825 2806 2909
3 2802 2909 2806
3 2912 2913 2820
3 2818 2820 2913
3 2918 2919 2920
3 2921 2920 2919
3 2822 2823 2924
3 2925 2924 2823
3 2823 2824 2925
3 2927 2925 2824
3 2824 2825 2927
3 2909 2927 2825
3 2929 2830 2821
3 2826 2821 2830
3 2931 2929 2819
3 2821 2819 2929
3 2913 2931 2818
3 2819 2818 2931
3 2933 2834 2929
3 2830 2929 2834
3 2834 2933 2839
3 2935 2839 2933
3 2839 2935 2843
3 2937 2843 2935
3 2843 2937 2778
3 2899 2778 2937
3 2846 2847 2940
3 2941 2940 2847
3 2855 2943 2854
3 2960 2961 2962
3 2961 2963 2962
3 2962 2963 2964
3 2963 2965 2964
3 2964 2965 2966
3 2965 2967 2966
3 2966 2967 2968
3 2967 2969 2968
3 2968 2969 2970
3 2969 2971 2970
3 2970 2971 2972
3 2971 2973 2972
3 2972 2973 2974
3 2975 2974 2973
3 2853 2852 2977
3 2924 2925 2980
3 2981 2980 2925
3 2985 2986 2987
3 2985 2989 2986
3 2992 2980 2993
3 2981 2993 2980
3 2997 2998 2999
3 2989 2999 2998
3 3002 2992 3003
3 2993 3003 2992
3 3002 3003 2941
3 2940 2941 3003
3 2999 3005 2997
3 3007 3005 2943
3 2977 2852 3009
3 3012 3013 2890
3 2891 2890 3013
3 3016 3009 3017
3 3013 3012 3020
3 3021 3020 3012
3 3017 3023 3016
3 3026 3020 3027
3 3021 3027 3020
3 3035 3036 3037
3 3036 3038 3037
3 3039 3040 3038
3 3037 3038 3040
3 3036 3035 3041
3 3039 3041 3040
3 3041 3035 3040
3 3023 3040 3035
3 3044 3026 3045
3 3027 3045 3026
3 3040 3047 3037
3 3044 3045 2912
3 2913 2912 3045
3 3050 3051 3047
3 2919 2918 3050
3 2987 3053 2921
3 3012 2890 3055
3 2893 3055 2890
3 3055 2893 2899
3 2775 2899 2893
3 2897 3057 2895
3 2901 2895 3057
3 2846 2940 2897
3 3057 2897 2940
3 3059 2903 3057
3 2901 3057 2903
3 3061 2905 3059
3 2903 3059 2905
3 3063 2907 3061
3 2905 3061 2907
3 2927 2909 3063
3 2907 3063 2909
3 2921 3053 2920
3 2925 2927 2981
3 3063 2981 2927
3 3065 2933 2931
3 2929 2931 2933
3 3045 3065 2913
3 2931 2913 3065
3 2933 3065 2935
3 3067 2935 3065
3 2935 3067 2937
3 3069 2937 3067
3 2937 3069 2899
3 3055 2899 3069
3 3007 2943 2855
3 3050 2918 3051
3 3053 2987 2986
3 2986 2989 2998
3 2997 3005 3071
3 3071 3005 3007
3 2977 3009 3016
3 3016 3023 3035
3 3037 3047 3073
3 3073 3047 3051
3 2993 2981 3061
3 3063 3061 2981
3 3003 2993 3059
3 3061 3059 2993
3 3003 3059 2940
3 3057 2940 3059
3 3012 3055 3021
3 3069 3021 3055
3 3027 3021 3067
3 3069 3067 3021
3 3045 3027 3065
3 3067 3065 3027
3 3074 3075 3076
3 3075 3074 3077
3 3082 3083 3084
3 3083 3082 3085
3 3090 3091 3092
3 3091 3090 3093
3 3098 3099 3100
3 3099 3098 3101
3 3106 3107 3108
3 3107 3106 3109
3 3078 3079 3080
3 3081 3080 3079
3 3086 3087 3088
3 3089 3088 3087
3 3094 3095 3096
3 3097 3096 3095
3 3102 3103 3104
3 3105 3104 3103
3 3110 3111 3112
3 3113 3112 3111
3 3114 3115 3116
3 3115 3114 3117
3 3122 3123 3124
3 3123 3122 3125
3 3125 3122 3126
3 3126 3122 3127
3 3126 3127 3128
3 3125 3129 3123
3 3129 3125 3130
3 3129 3130 3128
3 3129 3128 3131
3 3131 3128 3127
3 3142 3143 3144
3 3143 3142 3145
3 3150 3151 3152
3 3151 3150 3153
3 3153 3150 3154
3 3153 3154 3155
3 3162 3163 3164
3 3163 3162 3165
3 3170 3171 3172
3 3171 3170 3173
3 3178 3179 3180
3 3179 3178 3181
3 3186 3187 3188
3 3187 3186 3189
3 3118 3119 3120
3 3121 3120 3119
3 3132 3133 3134
3 3134 3133 3135
3 3133 3136 3135
3 3136 3137 3135
3 3138 3135 3137
3 3133 3132 3139
3 3132 3140 3139
3 3139 3140 3137
3 3137 3140 3138
3 3141 3138 3140
3 3146 3147 3148
3 3149 3148 3147
3 3156 3157 3158
3 3157 3159 3158
3 3158 3159 3160
3 3161 3160 3159
3 3166 3167 3168
3 3169 3168 3167
3 3174 3175 3176
3 3177 3176 3175
3 3182 3183 3184
3 3185 3184 3183
3 3190 3191 3192
3 3193 3192 3191
3 3194 3195 3196
3 3196 3200 3194
3 3194 3202 3195
3 3196 3195 3204
3 3206 3200 3196
3 3200 3208 3194
3 3195 3202 3210
3 3208 3202 3194
3 3204 3195 3210
3 3206 3196 3204
3 3206 3212 3200
3 3212 3208 3200
3 3210 3202 3214
3 3214 3202 3208
3 3204 3210 3216
3 3216 3206 3204
3 3206 3216 3212
3 3212 3214 3208
3 3216 3210 3214
3 3212 3216 3214
3 3197 3198 3199
3 3199 3201 3197
3 3198 3203 3199
3 3205 3198 3197
3 3197 3201 3207
3 3199 3209 3201
3 3211 3203 3198
3 3199 3203 3209
3 3211 3198 3205
3 3205 3197 3207
3 3201 3213 3207
3 3201 3209 3213
3 3215 3203 3211
3 3209 3203 3215
3 3217 3211 3205
3 3205 3207 3217
3 3213 3217 3207
3 3209 3215 3213
3 3215 3211 3217
3 3215 3217 3213
3 3218 3219 3220
3 3219 3218 3221
3 3226 3219 3227
3 3219 3226 3220
3 3226 3218 3220
3 3218 3226 3230
3 3218 3232 3221
3 3232 3218 3230
3 3232 3219 3221
3 3219 3232 3227
3 3232 3226 3227
3 3226 3232 3230
3 3222 3223 3224
3 3225 3224 3223
3 3225 3228 3224
3 3229 3224 3228
3 3231 3228 3223
3 3225 3223 3228
3 3231 3223 3233
3 3222 3233 3223
3 3229 3233 3224
3 3222 3224 3233
3 3231 3233 3228
3 3229 3228 3233
3 3234 3235 3236
3 3236 3240 3234
3 3234 3242 3235
3 3236 3235 3244
3 3246 3240 3236
3 3240 3248 3234
3 3235 3242 3250
3 3248 3242 3234
3 3244 3235 3250
3 3246 3236 3244
3 3246 3252 3240
3 3252 3248 3240
3 3250 3242 3254
3 3254 3242 3248
3 3244 3250 3256
3 3256 3246 3244
3 3246 3256 3252
3 3252 3254 3248
3 3256 3250 3254
3 3252 3256 3254
3 3237 3238 3239
3 3239 3241 3237
3 3238 3243 3239
3 3245 3238 3237
3 3237 3241 3247
3 3239 3249 3241
3 3251 3243 3238
3 3239 3243 3249
3 3251 3238 3245
3 3245 3237 3247
3 3241 3253 3247
3 3241 3249 3253
3 3255 3243 3251
3 3249 3243 3255
3 3257 3251 3245
3 3245 3247 3257
3 3253 3257 3247
3 3249 3255 3253
3 3255 3251 3257
3 3255 3257 3253
3 3258 3259 3260
3 3259 3258 3261
3 3266 3259 3267
3 3259 3266 3260
3 3266 3258 3260
3 3258 3266 3270
3 3258 3272 3261
3 3272 3258 3270
3 3272 3259 3261
3 3259 3272 3267
3 3272 3266 3267
3 3266 3272 3270
3 3262 3263 3264
3 3265 3264 3263
3 3265 3268 3264
3 3269 3264 3268
3 3271 3268 3263
3 3265 3263 3268
3 3271 3263 3273
3 3262 3273 3263
3 3269 3273 3264
3 3262 3264 3273
3 3271 3273 3268
3 3269 3268 3273
3 3274 3275 3276
3 3275 3274 3277
3 3277 3278 3275
3 3278 3277 3279
3 3276 3280 3281
3 3280 3276 3275
3 3274 3282 3283
3 3282 3274 3276
3 3284 3277 3274
3 3277 3284 3285
3 3279 3286 3278
3 3286 3279 3287
3 3275 3288 3280
3 3288 3275 3278
3 3285 3279 3277
3 3279 3285 3289
3 3290 3280 3291
3 3280 3290 3281
3 3276 3292 3282
3 3292 3276 3281
3 3293 3294 3295
3 3294 3293 3296
3 3294 3296 3297
3 3297 3296 3298
3 3297 3298 3299
3 3299 3298 3300
3 3299 3300 3301
3 3301 3300 3302
3 3301 3302 3303
3 3303 3302 3304
3 3284 3283 3305
3 3283 3284 3274
3 3285 3306 3307
3 3306 3285 3284
3 3287 3308 3286
3 3308 3287 3309
3 3278 3310 3288
3 3310 3278 3286
3 3289 3287 3279
3 3287 3289 3311
3 3291 3288 3312
3 3288 3291 3280
3 3289 3307 3313
3 3307 3289 3285
3 3314 3291 3315
3 3291 3314 3290
3 3316 3281 3290
3 3281 3316 3292
3 3317 3290 3314
3 3290 3317 3316
3 3318 3314 3319
3 3314 3318 3317
3 3318 3320 3321
3 3320 3318 3319
3 3321 3322 3323
3 3322 3321 3320
3 3323 3324 3325
3 3324 3323 3322
3 3326 3325 3324
3 3325 3326 3327
3 3306 3327 3326
3 3327 3306 3328
3 3284 3328 3306
3 3328 3284 3305
3 3307 3326 3329
3 3326 3307 3306
3 3309 3330 3308
3 3330 3309 3331
3 3286 3332 3310
3 3332 3286 3308
3 3311 3309 3287
3 3309 3311 3333
3 3312 3310 3334
3 3310 3312 3288
3 3311 3313 3335
3 3313 3311 3289
3 3315 3312 3336
3 3312 3315 3291
3 3313 3329 3337
3 3329 3313 3307
3 3319 3315 3338
3 3315 3319 3314
3 3338 3320 3319
3 3320 3338 3339
3 3339 3322 3320
3 3322 3339 3340
3 3340 3324 3322
3 3324 3340 3341
3 3329 3324 3341
3 3324 3329 3326
3 3331 3342 3330
3 3342 3331 3343
3 3308 3344 3332
3 3344 3308 3330
3 3333 3331 3309
3 3331 3333 3345
3 3332 3334 3310
3 3334 3332 3346
3 3347 3311 3335
3 3311 3347 3333
3 3336 3334 3348
3 3334 3336 3312
3 3335 3337 3349
3 3337 3335 3313
3 3338 3336 3350
3 3336 3338 3315
3 3337 3341 3351
3 3341 3337 3329
3 3350 3339 3338
3 3339 3350 3352
3 3352 3340 3339
3 3340 3352 3353
3 3353 3341 3340
3 3341 3353 3351
3 3343 3354 3342
3 3354 3343 3355
3 3330 3356 3344
3 3356 3330 3342
3 3345 3343 3331
3 3343 3345 3357
3 3344 3346 3332
3 3346 3344 3358
3 3359 3333 3347
3 3333 3359 3345
3 3334 3360 3348
3 3360 3334 3346
3 3361 3335 3349
3 3335 3361 3347
3 3350 3348 3362
3 3348 3350 3336
3 3349 3351 3363
3 3351 3349 3337
3 3362 3352 3350
3 3352 3362 3364
3 3364 3353 3352
3 3353 3364 3365
3 3365 3351 3353
3 3351 3365 3363
3 3357 3355 3343
3 3355 3357 3366
3 3342 3367 3356
3 3367 3342 3354
3 3356 3358 3344
3 3358 3356 3368
3 3369 3345 3359
3 3345 3369 3357
3 3346 3370 3360
3 3370 3346 3358
3 3371 3347 3361
3 3347 3371 3359
3 3348 3372 3362
3 3372 3348 3360
3 3363 3361 3349
3 3361 3363 3373
3 3372 3364 3362
3 3364 3372 3374
3 3374 3365 3364
3 3365 3374 3375
3 3375 3363 3365
3 3363 3375 3373
3 3376 3357 3369
3 3357 3376 3366
3 3367 3368 3356
3 3368 3367 3377
3 3358 3378 3370
3 3378 3358 3368
3 3379 3359 3371
3 3359 3379 3369
3 3360 3380 3372
3 3380 3360 3370
3 3373 3371 3361
3 3371 3373 3381
3 3380 3374 3372
3 3374 3380 3382
3 3382 3375 3374
3 3375 3382 3383
3 3383 3373 3375
3 3373 3383 3381
3 3384 3369 3379
3 3369 3384 3376
3 3368 3385 3378
3 3385 3368 3377
3 3370 3386 3380
3 3386 3370 3378
3 3381 3379 3371
3 3379 3381 3387
3 3386 3382 3380
3 3382 3386 3388
3 3388 3383 3382
3 3383 3388 3389
3 3389 3381 3383
3 3381 3389 3387
3 3387 3384 3379
3 3384 3387 3390
3 3378 3391 3386
3 3391 3378 3385
3 3391 3388 3386
3 3388 3391 3392
3 3392 3389 3388
3 3389 3392 3393
3 3393 3387 3389
3 3387 3393 3390
3 3394 3395 3396
3 3397 3396 3395
3 3398 3394 3399
3 3396 3399 3394
3 3396 3397 3400
3 3401 3400 3397
3 3397 3395 3402
3 3403 3402 3395
3 3404 3405 3394
3 3395 3394 3405
3 3406 3398 3407
3 3399 3407 3398
3 3399 3396 3408
3 3400 3408 3396
3 3409 3404 3398
3 3394 3398 3404
3 3401 3410 3400
3 3411 3400 3410
3 3401 3397 3412
3 3402 3412 3397
3 3413 3414 3415
3 3415 3414 3416
3 3414 3417 3416
3 3416 3417 3418
3 3417 3419 3418
3 3418 3419 3420
3 3419 3421 3420
3 3420 3421 3422
3 3421 3423 3422
3 3424 3422 3423
3 3395 3405 3403
3 3425 3403 3405
3 3405 3404 3426
3 3427 3426 3404
3 3428 3406 3429
3 3407 3429 3406
3 3407 3399 3430
3 3408 3430 3399
3 3431 3409 3406
3 3398 3406 3409
3 3400 3411 3408
3 3432 3408 3411
3 3404 3409 3427
3 3433 3427 3409
3 3410 3434 3411
3 3435 3411 3434
3 3412 3436 3401
3 3410 3401 3436
3 3436 3437 3410
3 3434 3410 3437
3 3437 3438 3434
3 3439 3434 3438
3 3439 3438 3440
3 3441 3440 3438
3 3440 3441 3442
3 3443 3442 3441
3 3442 3443 3444
3 3445 3444 3443
3 3446 3447 3445
3 3444 3445 3447
3 3448 3426 3446
3 3447 3446 3426
3 3425 3405 3448
3 3426 3448 3405
3 3426 3427 3447
3 3449 3447 3427
3 3450 3428 3451
3 3429 3451 3428
3 3429 3407 3452
3 3430 3452 3407
3 3453 3431 3428
3 3406 3428 3431
3 3408 3432 3430
3 3454 3430 3432
3 3409 3431 3433
3 3455 3433 3431
3 3411 3435 3432
3 3456 3432 3435
3 3427 3433 3449
3 3457 3449 3433
3 3434 3439 3435
3 3458 3435 3439
3 3459 3458 3440
3 3439 3440 3458
3 3460 3459 3442
3 3440 3442 3459
3 3461 3460 3444
3 3442 3444 3460
3 3447 3449 3444
3 3461 3444 3449
3 3462 3450 3463
3 3451 3463 3450
3 3451 3429 3464
3 3452 3464 3429
3 3465 3453 3450
3 3428 3450 3453
3 3466 3452 3454
3 3430 3454 3452
3 3453 3467 3431
3 3455 3431 3467
3 3432 3456 3454
3 3468 3454 3456
3 3433 3455 3457
3 3469 3457 3455
3 3435 3458 3456
3 3470 3456 3458
3 3449 3457 3461
3 3471 3461 3457
3 3472 3470 3459
3 3458 3459 3470
3 3473 3472 3460
3 3459 3460 3472
3 3471 3473 3461
3 3460 3461 3473
3 3474 3462 3475
3 3463 3475 3462
3 3463 3451 3476
3 3464 3476 3451
3 3477 3465 3462
3 3450 3462 3465
3 3478 3464 3466
3 3452 3466 3464
3 3465 3479 3453
3 3467 3453 3479
3 3466 3454 3480
3 3468 3480 3454
3 3467 3481 3455
3 3469 3455 3481
3 3456 3470 3468
3 3482 3468 3470
3 3457 3469 3471
3 3483 3471 3469
3 3484 3482 3472
3 3470 3472 3482
3 3485 3484 3473
3 3472 3473 3484
3 3483 3485 3471
3 3473 3471 3485
3 3486 3477 3474
3 3462 3474 3477
3 3475 3463 3487
3 3476 3487 3463
3 3488 3476 3478
3 3464 3478 3476
3 3477 3489 3465
3 3479 3465 3489
3 3478 3466 3490
3 3480 3490 3466
3 3479 3491 3467
3 3481 3467 3491
3 3480 3468 3492
3 3482 3492 3468
3 3493 3483 3481
3 3469 3481 3483
3 3494 3492 3484
3 3482 3484 3492
3 3495 3494 3485
3 3484 3485 3494
3 3493 3495 3483
3 3485 3483 3495
3 3486 3496 3477
3 3489 3477 3496
3 3497 3487 3488
3 3476 3488 3487
3 3488 3478 3498
3 3490 3498 3478
3 3489 3499 3479
3 3491 3479 3499
3 3490 3480 3500
3 3492 3500 3480
3 3501 3493 3491
3 3481 3491 3493
3 3502 3500 3494
3 3492 3494 3500
3 3503 3502 3495
3 3494 3495 3502
3 3501 3503 3493
3 3495 3493 3503
3 3496 3504 3489
3 3499 3489 3504
3 3497 3488 3505
3 3498 3505 3488
3 3498 3490 3506
3 3500 3506 3490
3 3507 3501 3499
3 3491 3499 3501
3 3508 3506 3502
3 3500 3502 3506
3 3509 3508 3503
3 3502 3503 3508
3 3507 3509 3501
3 3503 3501 3509
3 3510 3507 3504
3 3499 3504 3507
3 3505 3498 3511
3 3506 3511 3498
3 3512 3511 3508
3 3506 3508 3511
3 3513 3512 3509
3 3508 3509 3512
3 3510 3513 3507
3 3509 3507 3513
