OFF
3430 5068 0
-125.546705 44.078617 2.800052
0.358666 111.699075 -55.424517
-10.474899 104.396341 -76.657514
-114.713140 51.381352 24.033049
-114.713140 51.381352 24.033049
-125.546705 44.078617 2.800052
0.358666 111.699075 -55.424517
-10.474899 104.396341 -76.657514
-10.474899 104.396341 -76.657514
-26.232732 -132.250768 12.773314
-125.546705 44.078617 2.800052
88.839074 -71.933044 -66.684252
88.839074 -71.933044 -66.684252
-10.474899 104.396341 -76.657514
-26.232732 -132.250768 12.773314
-125.546705 44.078617 2.800052
-108.038828 26.411186 14.743582
-26.232732 -132.250768 12.773314
-20.755275 -128.558501 23.508730
-125.546705 44.078617 2.800052
-111.191576 40.019111 20.507748
-113.202686 48.699581 24.184731
-114.713140 51.381352 24.033049
-114.713140 51.381352 24.033049
-113.202686 48.699581 24.184731
-125.546705 44.078617 2.800052
-111.191576 40.019111 20.507748
-108.038828 26.411186 14.743582
-26.232732 -132.250768 12.773314
-20.755275 -128.558501 23.508730
-10.474899 104.396341 -76.657514
94.316531 -68.240777 -55.948836
88.839074 -71.933044 -66.684252
7.032978 86.728909 -64.713985
3.880230 100.336835 -58.949818
1.869120 109.017304 -55.272835
0.358666 111.699075 -55.424517
0.358666 111.699075 -55.424517
-10.474899 104.396341 -76.657514
1.869120 109.017304 -55.272835
3.880230 100.336835 -58.949818
7.032978 86.728909 -64.713985
94.316531 -68.240777 -55.948836
88.839074 -71.933044 -66.684252
94.316531 -68.240777 -55.948836
-26.232732 -132.250768 12.773314
88.839074 -71.933044 -66.684252
-20.755275 -128.558501 23.508730
-20.755275 -128.558501 23.508730
94.316531 -68.240777 -55.948836
-26.232732 -132.250768 12.773314
88.839074 -71.933044 -66.684252
15.340508 91.083506 -70.450369
94.316531 -68.240777 -55.948836
7.032978 86.728909 -64.713985
-108.038828 26.411186 14.743582
-23.117054 -141.316158 29.101548
-115.409926 22.547443 19.833356
-20.755275 -128.558501 23.508730
107.633380 -72.780095 -61.182177
15.340508 91.083506 -70.450369
94.316531 -68.240777 -55.948836
107.633380 -72.780095 -61.182177
-20.755275 -128.558501 23.508730
-23.117054 -141.316158 29.101548
-108.038828 26.411186 14.743582
-115.409926 22.547443 19.833356
7.032978 86.728909 -64.713985
107.633380 -72.780095 -61.182177
-19.846954 -139.111835 35.510706
-23.117054 -141.316158 29.101548
110.903481 -70.575772 -54.773019
110.903481 -70.575772 -54.773019
107.633380 -72.780095 -61.182177
-19.846954 -139.111835 35.510706
-23.117054 -141.316158 29.101548
-104.828067 65.477638 67.747298
-118.925153 55.975016 40.118039
-117.130725 57.184612 43.634987
-108.775296 72.485840 67.350912
-123.613200 57.955132 34.831872
-123.719029 58.554365 35.133499
-123.788730 59.137811 35.475461
-123.820609 59.699530 35.855704
-123.815325 60.236714 36.271144
-123.773367 60.746675 36.719028
-123.693468 61.223182 37.196466
-123.577592 61.664912 37.699604
-123.425606 62.067231 38.225120
-123.239391 62.428872 38.769329
-123.019948 62.746799 39.328474
-122.768535 63.017802 39.898299
-122.487996 63.242327 40.475021
-112.139825 24.751766 26.242514
-23.117054 -141.316158 29.101548
-19.846954 -139.111835 35.510706
-115.409926 22.547443 19.833356
-118.205761 52.665557 38.647604
-118.925153 55.975016 40.118039
-118.205761 52.665557 38.647604
-123.613200 57.955132 34.831872
-115.409926 22.547443 19.833356
-112.139825 24.751766 26.242514
-23.117054 -141.316158 29.101548
-19.846954 -139.111835 35.510706
-122.487996 63.242327 40.475021
-108.775296 72.485840 67.350912
-122.768535 63.017802 39.898299
-123.019948 62.746799 39.328474
-123.239391 62.428872 38.769329
-123.425606 62.067231 38.225120
-123.577592 61.664912 37.699604
-123.693468 61.223182 37.196466
-123.773367 60.746675 36.719028
-123.815325 60.236714 36.271144
-123.820609 59.699530 35.855704
-123.788730 59.137811 35.475461
-123.719029 58.554365 35.133499
-104.828067 65.477638 67.747298
-117.130725 57.184612 43.634987
110.903481 -70.575772 -54.773019
-17.153020 -122.037616 28.263807
-19.846954 -139.111835 35.510706
93.476453 -64.048450 -48.126310
7.994243 87.722999 -56.710565
10.303079 88.933232 -58.304826
18.610609 93.287829 -64.041211
-102.635231 29.733833 19.679552
-112.139825 24.751766 26.242514
-17.153020 -122.037616 28.263807
-19.846954 -139.111835 35.510706
-102.635231 29.733833 19.679552
-112.139825 24.751766 26.242514
18.610609 93.287829 -64.041211
110.903481 -70.575772 -54.773019
10.303079 88.933232 -58.304826
7.994243 87.722999 -56.710565
93.476453 -64.048450 -48.126310
10.303079 88.933232 -58.304826
4.249316 104.955641 -49.052411
7.994243 87.722999 -56.710565
-118.205761 52.665557 38.647604
-106.380158 46.966476 27.337706
12.544674 121.201621 -51.636121
-112.139825 24.751766 26.242514
-102.635231 29.733833 19.679552
18.610609 93.287829 -64.041211
18.610609 93.287829 -64.041211
10.303079 88.933232 -58.304826
12.544674 121.201621 -51.636121
4.249316 104.955641 -49.052411
-106.380158 46.966476 27.337706
-102.635231 29.733833 19.679552
-112.139825 24.751766 26.242514
-118.205761 52.665557 38.647604
7.994243 87.722999 -56.710565
-118.284754 53.181350 38.924752
-118.925153 55.975016 40.118039
-118.205761 52.665557 38.647604
-118.332966 53.682474 39.235343
-118.349581 54.164757 39.577392
-118.334036 54.623856 39.948414
-118.287445 55.059022 40.346231
-118.209502 55.465737 40.767854
-118.101574 55.843079 41.210604
-117.963273 56.186589 41.671660
-117.795343 56.493404 42.147767
-117.600287 56.764197 42.635816
-117.377885 56.994394 43.132649
-117.130725 57.184612 43.634987
-117.130725 57.184612 43.634987
-117.377885 56.994394 43.132649
-118.925153 55.975016 40.118039
-117.600287 56.764197 42.635816
-117.795343 56.493404 42.147767
-117.963273 56.186589 41.671660
-118.101574 55.843079 41.210604
-118.209502 55.465737 40.767854
-118.287445 55.059022 40.346231
-118.334036 54.623856 39.948414
-118.349581 54.164757 39.577392
-118.332966 53.682474 39.235343
-118.284754 53.181350 38.924752
-118.205761 52.665557 38.647604
25.922367 134.013701 -22.536427
-117.130725 57.184612 43.634987
13.619709 125.720675 -46.648738
-104.828067 65.477638 67.747298
-104.828067 65.477638 67.747298
25.922367 134.013701 -22.536427
-117.130725 57.184612 43.634987
13.619709 125.720675 -46.648738
25.922367 134.013701 -22.536427
-108.775296 72.485840 67.350912
-104.828067 65.477638 67.747298
21.975139 141.021903 -22.932814
21.975139 141.021903 -22.932814
25.922367 134.013701 -22.536427
-108.775296 72.485840 67.350912
-104.828067 65.477638 67.747298
-118.284754 53.181350 38.924752
12.465680 121.717413 -51.358973
12.465680 121.717413 -51.358973
-118.284754 53.181350 38.924752
-117.377885 56.994394 43.132649
13.372549 125.530457 -47.151077
-117.377885 56.994394 43.132649
13.372549 125.530457 -47.151077
-118.332966 53.682474 39.235343
12.417468 122.218537 -51.048382
12.417468 122.218537 -51.048382
-118.332966 53.682474 39.235343
12.400854 122.700821 -50.706333
-118.349581 54.164757 39.577392
-118.349581 54.164757 39.577392
12.400854 122.700821 -50.706333
12.416398 123.159920 -50.335311
-118.334036 54.623856 39.948414
-118.334036 54.623856 39.948414
12.416398 123.159920 -50.335311
12.462989 123.595085 -49.937494
-118.287445 55.059022 40.346231
-118.287445 55.059022 40.346231
12.462989 123.595085 -49.937494
12.540932 124.001800 -49.515871
-118.209502 55.465737 40.767854
-118.209502 55.465737 40.767854
12.540932 124.001800 -49.515871
12.648860 124.379142 -49.073121
-118.101574 55.843079 41.210604
-118.101574 55.843079 41.210604
12.648860 124.379142 -49.073121
12.787161 124.722652 -48.612066
-117.963273 56.186589 41.671660
-117.963273 56.186589 41.671660
12.787161 124.722652 -48.612066
12.955091 125.029467 -48.135958
-117.795343 56.493404 42.147767
-117.795343 56.493404 42.147767
12.955091 125.029467 -48.135958
13.150148 125.300260 -47.647910
-117.600287 56.764197 42.635816
-117.600287 56.764197 42.635816
13.150148 125.300260 -47.647910
11.825281 124.511080 -50.165686
12.465680 121.717413 -51.358973
12.544674 121.201621 -51.636121
12.417468 122.218537 -51.048382
12.400854 122.700821 -50.706333
12.416398 123.159920 -50.335311
12.462989 123.595085 -49.937494
12.540932 124.001800 -49.515871
12.648860 124.379142 -49.073121
12.787161 124.722652 -48.612066
12.955091 125.029467 -48.135958
13.150148 125.300260 -47.647910
13.372549 125.530457 -47.151077
13.619709 125.720675 -46.648738
13.619709 125.720675 -46.648738
11.825281 124.511080 -50.165686
13.372549 125.530457 -47.151077
13.150148 125.300260 -47.647910
12.955091 125.029467 -48.135958
12.787161 124.722652 -48.612066
12.648860 124.379142 -49.073121
12.540932 124.001800 -49.515871
12.462989 123.595085 -49.937494
12.416398 123.159920 -50.335311
12.400854 122.700821 -50.706333
12.417468 122.218537 -51.048382
12.465680 121.717413 -51.358973
12.544674 121.201621 -51.636121
21.975139 141.021903 -22.932814
13.619709 125.720675 -46.648738
25.922367 134.013701 -22.536427
7.137234 126.491195 -55.451853
7.031405 127.090428 -55.150226
6.961704 127.673875 -54.808264
6.929825 128.235593 -54.428021
6.935109 128.772778 -54.012582
6.977067 129.282738 -53.564697
7.056966 129.759246 -53.087260
7.172842 130.200975 -52.584121
7.324828 130.603294 -52.058605
7.511043 130.964935 -51.514397
7.730486 131.282862 -50.955251
7.981899 131.553865 -50.385426
8.262438 131.778390 -49.808704
18.610609 93.287829 -64.041211
107.633380 -72.780095 -61.182177
110.903481 -70.575772 -54.773019
15.340508 91.083506 -70.450369
12.544674 121.201621 -51.636121
11.825281 124.511080 -50.165686
13.619709 125.720675 -46.648738
11.825281 124.511080 -50.165686
7.137234 126.491195 -55.451853
12.544674 121.201621 -51.636121
15.340508 91.083506 -70.450369
18.610609 93.287829 -64.041211
107.633380 -72.780095 -61.182177
110.903481 -70.575772 -54.773019
8.262438 131.778390 -49.808704
21.975139 141.021903 -22.932814
7.981899 131.553865 -50.385426
7.730486 131.282862 -50.955251
7.511043 130.964935 -51.514397
7.324828 130.603294 -52.058605
7.172842 130.200975 -52.584121
7.056966 129.759246 -53.087260
6.977067 129.282738 -53.564697
6.935109 128.772778 -54.012582
6.929825 128.235593 -54.428021
6.961704 127.673875 -54.808264
7.031405 127.090428 -55.150226
25.922367 134.013701 -22.536427
-106.972072 42.543580 23.122982
-113.202686 48.699581 24.184731
-109.105569 41.425255 24.596170
1.869120 109.017304 -55.272835
3.657401 100.532746 -53.267135
5.966237 101.742979 -54.861396
5.966237 101.742979 -54.861396
3.657401 100.532746 -53.267135
1.869120 109.017304 -55.272835
-106.972072 42.543580 23.122982
-113.202686 48.699581 24.184731
-109.105569 41.425255 24.596170
1.869120 109.017304 -55.272835
5.966237 101.742979 -54.861396
3.880230 100.336835 -58.949818
3.880230 100.336835 -58.949818
5.966237 101.742979 -54.861396
1.869120 109.017304 -55.272835
1.869120 109.017304 -55.272835
-109.864414 44.617794 20.508818
-113.202686 48.699581 24.184731
0.765059 102.606960 -55.881299
1.571393 99.126601 -57.355557
3.880230 100.336835 -58.949818
-109.058080 41.137436 19.034560
-111.191576 40.019111 20.507748
-109.864414 44.617794 20.508818
-113.202686 48.699581 24.184731
-109.058080 41.137436 19.034560
-111.191576 40.019111 20.507748
3.880230 100.336835 -58.949818
1.869120 109.017304 -55.272835
1.571393 99.126601 -57.355557
0.765059 102.606960 -55.881299
1.869120 109.017304 -55.272835
-114.713140 51.381352 24.033049
-113.202686 48.699581 24.184731
0.358666 111.699075 -55.424517
0.358666 111.699075 -55.424517
1.869120 109.017304 -55.272835
-114.713140 51.381352 24.033049
-113.202686 48.699581 24.184731
-113.202686 48.699581 24.184731
-111.191576 40.019111 20.507748
-109.105569 41.425255 24.596170
-109.105569 41.425255 24.596170
-111.191576 40.019111 20.507748
-113.202686 48.699581 24.184731
-109.058080 41.137436 19.034560
-109.105569 41.425255 24.596170
-111.191576 40.019111 20.507748
-106.972072 42.543580 23.122982
-106.972072 42.543580 23.122982
-109.058080 41.137436 19.034560
-109.105569 41.425255 24.596170
-111.191576 40.019111 20.507748
3.657401 100.532746 -53.267135
-109.058080 41.137436 19.034560
1.571393 99.126601 -57.355557
-106.972072 42.543580 23.122982
-106.972072 42.543580 23.122982
3.657401 100.532746 -53.267135
-109.058080 41.137436 19.034560
1.571393 99.126601 -57.355557
5.966237 101.742979 -54.861396
1.571393 99.126601 -57.355557
3.880230 100.336835 -58.949818
3.657401 100.532746 -53.267135
3.657401 100.532746 -53.267135
5.966237 101.742979 -54.861396
1.571393 99.126601 -57.355557
3.880230 100.336835 -58.949818
-111.191576 40.019111 20.507748
7.032978 86.728909 -64.713985
-108.038828 26.411186 14.743582
-109.058080 41.137436 19.034560
1.571393 99.126601 -57.355557
3.880230 100.336835 -58.949818
3.880230 100.336835 -58.949818
1.571393 99.126601 -57.355557
7.032978 86.728909 -64.713985
-109.058080 41.137436 19.034560
-111.191576 40.019111 20.507748
-108.038828 26.411186 14.743582
0.765059 102.606960 -55.881299
-109.058080 41.137436 19.034560
-109.864414 44.617794 20.508818
1.571393 99.126601 -57.355557
1.571393 99.126601 -57.355557
0.765059 102.606960 -55.881299
-109.058080 41.137436 19.034560
-109.864414 44.617794 20.508818
1.571393 99.126601 -57.355557
4.249316 104.955641 -49.052411
7.994243 87.722999 -56.710565
0.765059 102.606960 -55.881299
0.765059 102.606960 -55.881299
1.571393 99.126601 -57.355557
4.249316 104.955641 -49.052411
7.994243 87.722999 -56.710565
-106.380158 46.966476 27.337706
-109.058080 41.137436 19.034560
-102.635231 29.733833 19.679552
-109.864414 44.617794 20.508818
-109.864414 44.617794 20.508818
-106.380158 46.966476 27.337706
-109.058080 41.137436 19.034560
-102.635231 29.733833 19.679552
-106.380158 46.966476 27.337706
0.765059 102.606960 -55.881299
-109.864414 44.617794 20.508818
4.249316 104.955641 -49.052411
4.249316 104.955641 -49.052411
-106.380158 46.966476 27.337706
0.765059 102.606960 -55.881299
-109.864414 44.617794 20.508818
7.994243 87.722999 -56.710565
-106.380158 46.966476 27.337706
-102.635231 29.733833 19.679552
4.249316 104.955641 -49.052411
4.249316 104.955641 -49.052411
7.994243 87.722999 -56.710565
-106.380158 46.966476 27.337706
-102.635231 29.733833 19.679552
-106.360588 46.979667 27.376061
4.268885 104.968833 -49.014056
4.268885 104.968833 -49.014056
-106.360588 46.979667 27.376061
94.054433 -56.449664 -31.004670
5.687227 98.910933 -39.195500
92.911751 -55.953949 -30.436280
5.885427 100.092121 -39.858737
5.885427 100.092121 -39.858737
94.054433 -56.449664 -31.004670
5.687227 98.910933 -39.195500
92.911751 -55.953949 -30.436280
-7.970178 -108.833699 39.223117
-8.283558 -110.092645 39.660144
-7.970178 -108.833699 39.223117
-8.283558 -110.092645 39.660144
95.103727 -56.971333 -31.673730
6.017721 101.198561 -40.619884
6.017721 101.198561 -40.619884
95.103727 -56.971333 -31.673730
-95.194703 46.031183 30.463897
-96.452564 46.449140 30.806077
-95.194703 46.031183 30.463897
-96.452564 46.449140 30.806077
5.427415 97.678141 -38.643327
91.698474 -55.493888 -29.979855
5.427415 97.678141 -38.643327
91.698474 -55.493888 -29.979855
-8.647828 -111.355269 39.967155
-8.647828 -111.355269 39.967155
-7.713575 -107.603164 38.664583
-7.713575 -107.603164 38.664583
96.039138 -57.508485 -32.430141
6.081936 102.208195 -41.463781
6.081936 102.208195 -41.463781
96.039138 -57.508485 -32.430141
-97.733834 46.814626 31.021002
-97.733834 46.814626 31.021002
-93.984634 45.568865 30.001111
-93.984634 45.568865 30.001111
-9.055400 -112.596377 40.138080
-9.055400 -112.596377 40.138080
96.842164 -58.050520 -33.259101
6.076759 103.101104 -42.373903
6.076759 103.101104 -42.373903
96.842164 -58.050520 -33.259101
-99.012602 47.120302 31.104440
-99.012602 47.120302 31.104440
-9.498325 -113.791508 40.169454
-9.498325 -113.791508 40.169454
97.496693 -58.586856 -34.144254
6.001875 103.859822 -43.332304
6.001875 103.859822 -43.332304
97.496693 -58.586856 -34.144254
-100.263730 47.360115 31.054653
-100.263730 47.360115 31.054653
-9.968198 -114.917228 40.060706
-9.968198 -114.917228 40.060706
5.859263 104.469151 -44.319760
97.990082 -59.106729 -35.067842
5.859263 104.469151 -44.319760
97.990082 -59.106729 -35.067842
-101.463016 47.529450 30.872656
-101.463016 47.529450 30.872656
-10.455225 -115.951010 39.814099
-10.455225 -115.951010 39.814099
5.651451 104.916917 -45.316978
98.312278 -59.599979 -36.011835
5.651451 104.916917 -45.316978
98.312278 -59.599979 -36.011835
-102.586043 47.624870 30.562181
-102.586043 47.624870 30.562181
-10.949993 -116.872491 39.434222
-10.949993 -116.872491 39.434222
5.382679 105.194644 -46.304273
98.457198 -60.056752 -36.957586
5.382679 105.194644 -46.304273
98.457198 -60.056752 -36.957586
-103.610819 47.644404 30.129080
-103.610819 47.644404 30.129080
-11.442833 -117.663563 38.928848
-11.442833 -117.663563 38.928848
5.058318 105.296523 -47.262067
98.421867 -60.468038 -37.886356
5.058318 105.296523 -47.262067
98.421867 -60.468038 -37.886356
-104.517352 47.587834 29.582161
-104.517352 47.587834 29.582161
-11.923794 -118.308436 38.307787
-11.923794 -118.308436 38.307787
4.684495 105.220762 -48.171166
98.206858 -60.825770 -38.779507
4.684495 105.220762 -48.171166
98.206858 -60.825770 -38.779507
-105.287343 47.456124 28.932076
-105.287343 47.456124 28.932076
-12.383536 -118.794451 37.583626
-12.383536 -118.794451 37.583626
4.268885 104.968833 -49.014056
97.816648 -61.122794 -39.619846
4.268885 104.968833 -49.014056
97.816648 -61.122794 -39.619846
-105.905899 47.252081 28.191966
-105.905899 47.252081 28.191966
-12.812826 -119.111960 36.770271
-12.812826 -119.111960 36.770271
7.994243 87.722999 -56.710565
93.476453 -64.048450 -48.126310
4.249316 104.955641 -49.052411
4.249316 104.955641 -49.052411
7.994243 87.722999 -56.710565
93.476453 -64.048450 -48.126310
-106.360588 46.979667 27.376061
-106.360588 46.979667 27.376061
-17.153020 -122.037616 28.263807
-17.153020 -122.037616 28.263807
-102.635231 29.733833 19.679552
-106.380158 46.966476 27.337706
-106.380158 46.966476 27.337706
-102.635231 29.733833 19.679552
63.786440 4.283509 -39.487407
62.941392 -3.060563 -47.665035
67.062303 -0.282722 -39.588349
59.665528 1.505668 -47.564092
59.665528 1.505668 -47.564092
63.786440 4.283509 -39.487407
62.941392 -3.060563 -47.665035
67.062303 -0.282722 -39.588349
62.204754 8.341731 -40.076152
58.083843 5.563890 -48.152837
58.083843 5.563890 -48.152837
62.204754 8.341731 -40.076152
59.665528 1.505668 -47.564092
61.293181 -4.171595 -50.895407
62.941392 -3.060563 -47.665035
58.017317 0.394635 -50.794465
58.017317 0.394635 -50.794465
59.665528 1.505668 -47.564092
61.293181 -4.171595 -50.895407
62.941392 -3.060563 -47.665035
69.582568 -14.851798 -46.998118
73.703479 -12.073957 -38.921432
69.582568 -14.851798 -46.998118
73.703479 -12.073957 -38.921432
-35.776183 -69.460421 36.674735
-26.990646 -86.934568 38.202092
-30.222506 -81.821474 38.092499
-22.404873 -95.701478 38.877557
-25.554752 -90.108950 38.561242
88.162191 -37.745026 -37.469466
83.785976 -32.795313 -36.938991
-43.504761 -58.239174 36.758674
-45.421594 -52.960574 35.921201
-53.523396 -40.451348 35.752588
-48.362310 -49.614722 36.270872
57.043669 17.505104 -40.594436
63.786440 4.283509 -39.487407
62.204754 8.341731 -40.076152
67.062303 -0.282722 -39.588349
80.004875 -24.043075 -38.019972
73.703479 -12.073957 -38.921432
83.304642 -29.120574 -37.957268
63.786440 4.283509 -39.487407
83.785976 -32.795313 -36.938991
80.004875 -24.043075 -38.019972
83.304642 -29.120574 -37.957268
73.703479 -12.073957 -38.921432
67.062303 -0.282722 -39.588349
62.204754 8.341731 -40.076152
57.043669 17.505104 -40.594436
-35.776183 -69.460421 36.674735
-45.421594 -52.960574 35.921201
-53.523396 -40.451348 35.752588
-48.362310 -49.614722 36.270872
-43.504761 -58.239174 36.758674
88.162191 -37.745026 -37.469466
-26.990646 -86.934568 38.202092
-22.404873 -95.701478 38.877557
-25.554752 -90.108950 38.561242
-30.222506 -81.821474 38.092499
57.043669 17.505104 -40.594436
52.922757 14.727263 -48.671121
52.922757 14.727263 -48.671121
57.043669 17.505104 -40.594436
58.083843 5.563890 -48.152837
56.435632 4.452857 -51.383210
56.435632 4.452857 -51.383210
58.083843 5.563890 -48.152837
67.934357 -15.962831 -50.228490
69.582568 -14.851798 -46.998118
67.934357 -15.962831 -50.228490
69.582568 -14.851798 -46.998118
62.168111 2.570376 -53.660605
61.293181 -4.171595 -50.895407
58.017317 0.394635 -50.794465
65.804906 -1.806663 -54.010773
65.804906 -1.806663 -54.010773
62.168111 2.570376 -53.660605
61.293181 -4.171595 -50.895407
58.017317 0.394635 -50.794465
75.883964 -26.820916 -46.096657
80.004875 -24.043075 -38.019972
75.883964 -26.820916 -46.096657
80.004875 -24.043075 -38.019972
83.785976 -32.795313 -36.938991
79.183731 -31.898415 -46.033954
79.665064 -35.573154 -45.015676
83.304642 -29.120574 -37.957268
83.304642 -29.120574 -37.957268
83.785976 -32.795313 -36.938991
79.183731 -31.898415 -46.033954
79.665064 -35.573154 -45.015676
84.041280 -40.522867 -45.546151
88.162191 -37.745026 -37.469466
84.041280 -40.522867 -45.546151
88.162191 -37.745026 -37.469466
98.749058 -32.690298 -53.525060
84.041280 -40.522867 -45.546151
99.716788 -32.306163 -56.370156
88.162191 -37.745026 -37.469466
97.825271 -32.988677 -49.601374
97.389612 -33.025734 -45.918253
96.922839 -33.077973 -42.193716
-22.404873 -95.701478 38.877557
-39.253061 -105.150635 39.589110
-26.525785 -98.479319 30.800872
-36.643121 -103.659446 39.963809
-33.238842 -101.689163 40.898948
-30.250922 -99.931666 42.218073
-27.699581 -98.398850 43.912269
95.617647 -33.579990 -38.072352
-25.459066 -97.070033 45.094940
-22.510217 -95.379572 45.617950
93.497744 -34.522932 -33.633723
-18.944313 -93.379797 45.465053
91.475644 -35.500454 -30.780392
88.591719 -36.962710 -27.915201
-15.400853 -91.472980 43.892109
85.157173 -38.751892 -25.347031
-11.818102 -89.583873 41.614804
61.177002 -51.283860 -8.119773
12.666927 -76.711611 25.376637
37.005980 -63.941091 8.793293
37.005980 -63.941091 8.793293
61.177002 -51.283860 -8.119773
12.666927 -76.711611 25.376637
-11.818102 -89.583873 41.614804
85.157173 -38.751892 -25.347031
-15.400853 -91.472980 43.892109
88.591719 -36.962710 -27.915201
-18.944313 -93.379797 45.465053
91.475644 -35.500454 -30.780392
93.497744 -34.522932 -33.633723
-22.510217 -95.379572 45.617950
95.617647 -33.579990 -38.072352
-25.459066 -97.070033 45.094940
-27.699581 -98.398850 43.912269
96.922839 -33.077973 -42.193716
-22.404873 -95.701478 38.877557
-30.250922 -99.931666 42.218073
-33.238842 -101.689163 40.898948
-36.643121 -103.659446 39.963809
-39.253061 -105.150635 39.589110
-26.525785 -98.479319 30.800872
88.162191 -37.745026 -37.469466
97.389612 -33.025734 -45.918253
97.825271 -32.988677 -49.601374
98.749058 -32.690298 -53.525060
84.041280 -40.522867 -45.546151
99.716788 -32.306163 -56.370156
-29.675663 -92.886791 30.484556
-22.404873 -95.701478 38.877557
-26.525785 -98.479319 30.800872
-25.554752 -90.108950 38.561242
-25.554752 -90.108950 38.561242
-29.675663 -92.886791 30.484556
-22.404873 -95.701478 38.877557
-26.525785 -98.479319 30.800872
-31.111557 -89.712409 30.125407
-26.990646 -86.934568 38.202092
-26.990646 -86.934568 38.202092
-31.111557 -89.712409 30.125407
-34.343417 -84.599315 30.015813
-30.222506 -81.821474 38.092499
-30.222506 -81.821474 38.092499
-34.343417 -84.599315 30.015813
-39.897094 -72.238262 28.598050
-35.776183 -69.460421 36.674735
-35.776183 -69.460421 36.674735
-39.897094 -72.238262 28.598050
-47.625673 -61.017015 28.681989
-43.504761 -58.239174 36.758674
-43.504761 -58.239174 36.758674
-47.625673 -61.017015 28.681989
-49.542506 -55.738415 27.844515
-45.421594 -52.960574 35.921201
-45.421594 -52.960574 35.921201
-49.542506 -55.738415 27.844515
-51.060574 -53.043124 27.692068
-48.362310 -49.614722 36.270872
-51.900737 -52.087239 27.791979
-51.900737 -52.087239 27.791979
-51.060574 -53.043124 27.692068
-48.362310 -49.614722 36.270872
-56.169808 -45.847125 27.823974
-53.523396 -40.451348 35.752588
-57.644307 -43.229189 27.675902
-57.644307 -43.229189 27.675902
-56.169808 -45.847125 27.823974
-53.523396 -40.451348 35.752588
-67.761643 -48.409316 36.838839
-57.644307 -43.229189 27.675902
-70.371584 -49.900505 36.464140
-53.523396 -40.451348 35.752588
-64.357365 -46.439033 37.773979
-61.369444 -44.681536 39.093103
-58.818103 -43.148720 40.787300
57.043669 17.505104 -40.594436
65.804316 22.172157 -45.318686
64.499125 21.670140 -41.197322
-56.577588 -41.819903 41.969970
-53.628740 -40.129442 42.492980
62.379221 20.727198 -36.758693
-50.062836 -38.129666 42.340083
60.357121 19.749676 -33.905362
-46.519376 -36.222850 40.767139
57.473197 18.287420 -31.040170
-42.936624 -34.333743 38.489834
54.038650 16.498238 -28.472001
-18.451595 -21.461481 22.251667
30.058479 3.966270 -11.244743
5.887457 -8.690961 5.668323
68.598265 22.943967 -59.495125
52.922757 14.727263 -48.671121
67.630535 22.559832 -56.650030
66.706749 22.261454 -52.726344
66.271089 22.224396 -49.043223
65.804316 22.172157 -45.318686
57.043669 17.505104 -40.594436
66.271089 22.224396 -49.043223
66.706749 22.261454 -52.726344
67.630535 22.559832 -56.650030
68.598265 22.943967 -59.495125
52.922757 14.727263 -48.671121
5.887457 -8.690961 5.668323
-18.451595 -21.461481 22.251667
30.058479 3.966270 -11.244743
54.038650 16.498238 -28.472001
-42.936624 -34.333743 38.489834
57.473197 18.287420 -31.040170
-46.519376 -36.222850 40.767139
60.357121 19.749676 -33.905362
-50.062836 -38.129666 42.340083
62.379221 20.727198 -36.758693
-53.628740 -40.129442 42.492980
64.499125 21.670140 -41.197322
-56.577588 -41.819903 41.969970
-58.818103 -43.148720 40.787300
-53.523396 -40.451348 35.752588
-61.369444 -44.681536 39.093103
-64.357365 -46.439033 37.773979
-67.761643 -48.409316 36.838839
-57.644307 -43.229189 27.675902
-70.371584 -49.900505 36.464140
51.274547 13.616230 -51.901494
51.274547 13.616230 -51.901494
56.435632 4.452857 -51.383210
60.947357 6.817789 -54.498575
60.947357 6.817789 -54.498575
56.435632 4.452857 -51.383210
74.235753 -27.931948 -49.327030
75.883964 -26.820916 -46.096657
74.235753 -27.931948 -49.327030
75.883964 -26.820916 -46.096657
67.934357 -15.962831 -50.228490
72.446082 -13.597899 -53.343856
72.446082 -13.597899 -53.343856
67.934357 -15.962831 -50.228490
65.067967 4.095942 -55.565121
65.067967 4.095942 -55.565121
79.183731 -31.898415 -46.033954
78.016853 -36.684186 -48.246049
79.665064 -35.573154 -45.015676
77.535520 -33.009447 -49.264327
77.535520 -33.009447 -49.264327
79.183731 -31.898415 -46.033954
78.016853 -36.684186 -48.246049
79.665064 -35.573154 -45.015676
82.393069 -41.633900 -48.776524
84.041280 -40.522867 -45.546151
82.393069 -41.633900 -48.776524
84.041280 -40.522867 -45.546151
90.053247 -37.613094 -53.968062
82.393069 -41.633900 -48.776524
86.904794 -39.268968 -51.891890
93.808707 -35.628462 -56.276288
97.383384 -33.689063 -57.584042
100.157287 -32.131299 -57.665025
99.716788 -32.306163 -56.370156
99.716788 -32.306163 -56.370156
100.157287 -32.131299 -57.665025
97.383384 -33.689063 -57.584042
93.808707 -35.628462 -56.276288
90.053247 -37.613094 -53.968062
82.393069 -41.633900 -48.776524
86.904794 -39.268968 -51.891890
94.665063 -29.976409 -54.593929
94.665063 -29.976409 -54.593929
91.868012 -29.053553 -51.264990
91.868012 -29.053553 -51.264990
91.333539 -29.147864 -47.610126
91.333539 -29.147864 -47.610126
91.206953 -29.022913 -44.140421
91.206953 -29.022913 -44.140421
91.056682 -28.909249 -40.634430
91.056682 -28.909249 -40.634430
90.205145 -29.173472 -36.826316
90.205145 -29.173472 -36.826316
87.112802 -30.543731 -30.259152
87.112802 -30.543731 -30.259152
84.808686 -31.702065 -27.794321
84.808686 -31.702065 -27.794321
82.007294 -33.159364 -25.663347
82.007294 -33.159364 -25.663347
30.058479 3.966270 -11.244743
54.038650 16.498238 -28.472001
80.299624 -30.127440 -25.834834
77.339540 -24.871888 -26.132090
70.698460 -13.080823 -26.798997
64.057285 -1.289588 -27.465914
61.324974 3.561559 -27.740297
59.199736 7.334864 -27.953717
59.199736 7.334864 -27.953717
61.324974 3.561559 -27.740297
54.038650 16.498238 -28.472001
64.057285 -1.289588 -27.465914
70.698460 -13.080823 -26.798997
77.339540 -24.871888 -26.132090
80.299624 -30.127440 -25.834834
30.058479 3.966270 -11.244743
5.887457 -8.690961 5.668323
5.887457 -8.690961 5.668323
-18.451595 -21.461481 22.251667
-18.451595 -21.461481 22.251667
-14.967980 -83.991345 41.298488
-16.675651 -80.959421 41.127001
-19.635735 -75.703868 40.829745
-26.276814 -63.912804 40.162838
-32.917990 -52.121569 39.495921
-35.650301 -47.270421 39.221538
-37.775539 -43.497117 39.008118
-42.936624 -34.333743 38.489834
-42.936624 -34.333743 38.489834
-37.775539 -43.497117 39.008118
-35.650301 -47.270421 39.221538
-32.917990 -52.121569 39.495921
-26.276814 -63.912804 40.162838
-19.635735 -75.703868 40.829745
-16.675651 -80.959421 41.127001
-14.967980 -83.991345 41.298488
-18.550732 -85.880453 43.575793
-18.550732 -85.880453 43.575793
-22.094192 -87.787269 45.148737
-22.094192 -87.787269 45.148737
-25.660096 -89.787044 45.301634
-25.660096 -89.787044 45.301634
-28.608944 -91.477505 44.778624
-28.608944 -91.477505 44.778624
-30.849459 -92.806322 43.595954
-30.849459 -92.806322 43.595954
-33.400801 -94.339139 41.901757
-33.400801 -94.339139 41.901757
-36.388721 -96.096635 40.582633
-36.388721 -96.096635 40.582633
-39.792999 -98.066918 39.647493
-39.792999 -98.066918 39.647493
-42.402940 -99.558107 39.272794
-42.402940 -99.558107 39.272794
-32.685721 -101.955284 30.685865
-28.173995 -99.590352 27.570499
-35.760189 -103.561308 32.906645
-38.250697 -104.836088 35.168814
-39.907232 -105.638758 37.473235
-40.440991 -105.829352 39.418678
-39.253061 -105.150635 39.589110
-39.253061 -105.150635 39.589110
-40.440991 -105.829352 39.418678
-39.907232 -105.638758 37.473235
-38.250697 -104.836088 35.168814
-35.760189 -103.561308 32.906645
-32.685721 -101.955284 30.685865
-28.173995 -99.590352 27.570499
-31.323874 -93.997824 27.254184
-26.525785 -98.479319 30.800872
-28.173995 -99.590352 27.570499
-29.675663 -92.886791 30.484556
-29.675663 -92.886791 30.484556
-31.323874 -93.997824 27.254184
-26.525785 -98.479319 30.800872
-28.173995 -99.590352 27.570499
-32.759768 -90.823442 26.895034
-31.111557 -89.712409 30.125407
-31.111557 -89.712409 30.125407
-32.759768 -90.823442 26.895034
-35.991628 -85.710347 26.785441
-34.343417 -84.599315 30.015813
-34.343417 -84.599315 30.015813
-35.991628 -85.710347 26.785441
-41.545305 -73.349294 25.367677
-39.897094 -72.238262 28.598050
-39.897094 -72.238262 28.598050
-41.545305 -73.349294 25.367677
-49.273883 -62.128048 25.451616
-47.625673 -61.017015 28.681989
-47.625673 -61.017015 28.681989
-49.273883 -62.128048 25.451616
-51.190717 -56.849448 24.614142
-49.542506 -55.738415 27.844515
-49.542506 -55.738415 27.844515
-51.190717 -56.849448 24.614142
-51.900737 -52.087239 27.791979
-51.060574 -53.043124 27.692068
-53.315955 -53.076143 24.400723
-53.315955 -53.076143 24.400723
-51.060574 -53.043124 27.692068
-51.900737 -52.087239 27.791979
-57.644307 -43.229189 27.675902
-56.169808 -45.847125 27.823974
-59.292518 -44.340222 24.445529
-59.292518 -44.340222 24.445529
-56.169808 -45.847125 27.823974
-57.644307 -43.229189 27.675902
-66.878712 -48.311178 29.781676
-59.292518 -44.340222 24.445529
-63.804243 -46.705154 27.560895
-57.644307 -43.229189 27.675902
-69.369220 -49.585957 32.043845
-71.025754 -50.388628 34.348265
-71.559513 -50.579222 36.293708
-70.371584 -49.900505 36.464140
-70.371584 -49.900505 36.464140
-71.559513 -50.579222 36.293708
-57.644307 -43.229189 27.675902
-71.025754 -50.388628 34.348265
-69.369220 -49.585957 32.043845
-66.878712 -48.311178 29.781676
-59.292518 -44.340222 24.445529
-63.804243 -46.705154 27.560895
-62.600558 -57.572689 37.357123
-70.371584 -49.900505 36.464140
-65.210498 -59.063879 36.982424
-67.761643 -48.409316 36.838839
-67.761643 -48.409316 36.838839
-62.600558 -57.572689 37.357123
-70.371584 -49.900505 36.464140
-65.210498 -59.063879 36.982424
-59.196279 -55.602406 38.292263
-64.357365 -46.439033 37.773979
-64.357365 -46.439033 37.773979
-59.196279 -55.602406 38.292263
-61.369444 -44.681536 39.093103
-56.208359 -53.844910 39.611387
-61.369444 -44.681536 39.093103
-56.208359 -53.844910 39.611387
-58.818103 -43.148720 40.787300
-53.657018 -52.312094 41.305584
-58.818103 -43.148720 40.787300
-53.657018 -52.312094 41.305584
-56.577588 -41.819903 41.969970
-51.416503 -50.983277 42.488254
-56.577588 -41.819903 41.969970
-51.416503 -50.983277 42.488254
-48.467654 -49.292815 43.011264
-53.628740 -40.129442 42.492980
-53.628740 -40.129442 42.492980
-48.467654 -49.292815 43.011264
-44.901750 -47.293040 42.858367
-50.062836 -38.129666 42.340083
-50.062836 -38.129666 42.340083
-44.901750 -47.293040 42.858367
-41.358290 -45.386224 41.285423
-46.519376 -36.222850 40.767139
-46.519376 -36.222850 40.767139
-41.358290 -45.386224 41.285423
62.634282 9.124047 -30.521886
57.473197 18.287420 -31.040170
57.473197 18.287420 -31.040170
62.634282 9.124047 -30.521886
65.518207 10.586303 -33.387078
60.357121 19.749676 -33.905362
60.357121 19.749676 -33.905362
65.518207 10.586303 -33.387078
67.540307 11.563824 -36.240409
62.379221 20.727198 -36.758693
62.379221 20.727198 -36.758693
67.540307 11.563824 -36.240409
69.660210 12.506766 -40.679037
64.499125 21.670140 -41.197322
64.499125 21.670140 -41.197322
69.660210 12.506766 -40.679037
70.965402 13.008783 -44.800402
65.804316 22.172157 -45.318686
65.804316 22.172157 -45.318686
70.965402 13.008783 -44.800402
66.271089 22.224396 -49.043223
71.432175 13.061023 -48.524939
66.271089 22.224396 -49.043223
71.432175 13.061023 -48.524939
66.706749 22.261454 -52.726344
71.867834 13.098080 -52.208060
66.706749 22.261454 -52.726344
71.867834 13.098080 -52.208060
72.791621 13.396459 -56.131746
67.630535 22.559832 -56.650030
67.630535 22.559832 -56.650030
72.791621 13.396459 -56.131746
73.759351 13.780593 -58.976841
68.598265 22.943967 -59.495125
68.598265 22.943967 -59.495125
73.759351 13.780593 -58.976841
52.922757 14.727263 -48.671121
55.786272 15.981163 -55.016859
51.274547 13.616230 -51.901494
58.934724 17.637036 -57.093032
62.690184 19.621669 -59.401258
66.264862 21.561067 -60.709012
69.038765 23.118831 -60.789995
68.598265 22.943967 -59.495125
68.598265 22.943967 -59.495125
52.922757 14.727263 -48.671121
69.038765 23.118831 -60.789995
66.264862 21.561067 -60.709012
62.690184 19.621669 -59.401258
58.934724 17.637036 -57.093032
55.786272 15.981163 -55.016859
51.274547 13.616230 -51.901494
55.786272 15.981163 -55.016859
51.274547 13.616230 -51.901494
55.786272 15.981163 -55.016859
51.274547 13.616230 -51.901494
64.095810 8.473662 -56.574748
64.095810 8.473662 -56.574748
78.521766 -25.685329 -52.286540
74.235753 -27.931948 -49.327030
78.521766 -25.685329 -52.286540
74.235753 -27.931948 -49.327030
68.953359 -0.150790 -56.086945
75.594534 -11.942026 -55.420028
75.594534 -11.942026 -55.420028
68.953359 -0.150790 -56.086945
77.535520 -33.009447 -49.264327
81.714438 -34.746006 -50.799247
78.016853 -36.684186 -48.246049
82.047245 -30.644515 -52.379692
82.047245 -30.644515 -52.379692
77.535520 -33.009447 -49.264327
81.714438 -34.746006 -50.799247
78.016853 -36.684186 -48.246049
90.407239 -30.102167 -55.258304
90.407239 -30.102167 -55.258304
94.665063 -29.976409 -54.593929
92.805202 -28.741461 -55.079700
94.665063 -29.976409 -54.593929
92.805202 -28.741461 -55.079700
84.301507 -33.384396 -52.487781
84.301507 -33.384396 -52.487781
87.398700 -31.744810 -54.341472
87.398700 -31.744810 -54.341472
92.511810 -28.839216 -53.886408
92.511810 -28.839216 -53.886408
88.670698 -29.809533 -32.791948
88.670698 -29.809533 -32.791948
67.491831 0.499594 -30.034084
67.491831 0.499594 -30.034084
64.478828 5.203610 -30.114648
64.478828 5.203610 -30.114648
83.734170 -28.338258 -28.403003
83.734170 -28.338258 -28.403003
80.598598 -23.174692 -28.579084
80.598598 -23.174692 -28.579084
74.133007 -11.291641 -29.367167
74.133007 -11.291641 -29.367167
-38.812089 -48.938870 41.208165
-38.812089 -48.938870 41.208165
-36.500741 -54.010676 41.773225
-36.500741 -54.010676 41.773225
-29.298182 -65.507648 42.052505
-29.298182 -65.507648 42.052505
-23.218486 -77.592976 43.107050
-23.218486 -77.592976 43.107050
-20.118131 -82.775001 43.307448
-20.118131 -82.775001 43.307448
-23.533058 -84.614444 44.791640
-23.533058 -84.614444 44.791640
-26.991083 -86.557672 44.870046
-26.991083 -86.557672 44.870046
-29.860583 -88.206541 44.292246
-29.860583 -88.206541 44.292246
-32.052657 -89.509966 43.076126
-32.052657 -89.509966 43.076126
-34.554219 -91.016690 41.347558
-34.554219 -91.016690 41.347558
-37.473639 -92.738279 39.981132
-37.473639 -92.738279 39.981132
-42.715047 -98.493452 39.065868
-40.791287 -94.663153 38.986175
-40.791287 -94.663153 38.986175
-42.715047 -98.493452 39.065868
-43.590869 -100.236824 39.102362
-42.402940 -99.558107 39.272794
-42.402940 -99.558107 39.272794
-43.590869 -100.236824 39.102362
-43.057110 -100.046230 37.156919
-43.057110 -100.046230 37.156919
-41.400576 -99.243560 34.852499
-41.400576 -99.243560 34.852499
-38.910068 -97.968781 32.590330
-38.910068 -97.968781 32.590330
-35.835599 -96.362756 30.369549
-35.835599 -96.362756 30.369549
-31.323874 -93.997824 27.254184
-31.323874 -93.997824 27.254184
-37.090953 -93.093739 29.885735
-32.759768 -90.823442 26.895034
-32.759768 -90.823442 26.895034
-37.090953 -93.093739 29.885735
-35.991628 -85.710347 26.785441
-40.503354 -88.075280 29.900806
-35.991628 -85.710347 26.785441
-40.503354 -88.075280 29.900806
-45.335166 -75.335844 27.984592
-41.545305 -73.349294 25.367677
-41.545305 -73.349294 25.367677
-45.335166 -75.335844 27.984592
-49.273883 -62.128048 25.451616
-53.785609 -64.492980 28.566981
-49.273883 -62.128048 25.451616
-53.785609 -64.492980 28.566981
-55.160970 -58.930554 27.355619
-51.190717 -56.849448 24.614142
-51.190717 -56.849448 24.614142
-55.160970 -58.930554 27.355619
-71.025754 -50.388628 34.348265
-66.398428 -59.742596 36.811992
-71.559513 -50.579222 36.293708
-65.864669 -59.552002 34.866549
-65.864669 -59.552002 34.866549
-71.025754 -50.388628 34.348265
-66.398428 -59.742596 36.811992
-71.559513 -50.579222 36.293708
-65.210498 -59.063879 36.982424
-70.371584 -49.900505 36.464140
-70.371584 -49.900505 36.464140
-65.210498 -59.063879 36.982424
-59.292518 -44.340222 24.445529
-57.286208 -55.157249 27.142199
-63.804243 -46.705154 27.560895
-53.315955 -53.076143 24.400723
-53.315955 -53.076143 24.400723
-59.292518 -44.340222 24.445529
-57.286208 -55.157249 27.142199
-63.804243 -46.705154 27.560895
-66.878712 -48.311178 29.781676
-66.878712 -48.311178 29.781676
-64.208134 -58.749331 32.562129
-69.369220 -49.585957 32.043845
-61.717626 -57.474552 30.299960
-61.717626 -57.474552 30.299960
-64.208134 -58.749331 32.562129
-69.369220 -49.585957 32.043845
-62.072904 -60.777699 35.970991
-62.072904 -60.777699 35.970991
-58.347173 -60.230473 36.101048
-58.347173 -60.230473 36.101048
-55.202635 -58.396340 37.215540
-55.202635 -58.396340 37.215540
-52.420218 -56.746563 38.676566
-52.420218 -56.746563 38.676566
-50.018510 -55.292181 40.474084
-50.018510 -55.292181 40.474084
-47.923170 -54.039461 41.756999
-47.923170 -54.039461 41.756999
-45.212367 -52.473777 42.444380
-45.212367 -52.473777 42.444380
67.105687 6.531119 -32.802335
67.105687 6.531119 -32.802335
68.921986 7.400765 -35.513559
68.921986 7.400765 -35.513559
70.782446 8.207713 -39.773041
70.782446 8.207713 -39.773041
71.885552 8.603802 -43.754863
71.885552 8.603802 -43.754863
72.212647 8.582826 -47.382953
72.212647 8.582826 -47.382953
72.511601 8.548226 -50.971678
72.511601 8.548226 -50.971678
73.907059 12.329185 -58.553018
73.263020 8.756254 -54.776344
73.907059 12.329185 -58.553018
73.263020 8.756254 -54.776344
74.199850 13.955458 -60.271711
68.598265 22.943967 -59.495125
73.759351 13.780593 -58.976841
69.038765 23.118831 -60.789995
69.038765 23.118831 -60.789995
74.199850 13.955458 -60.271711
68.598265 22.943967 -59.495125
73.759351 13.780593 -58.976841
71.425947 12.397693 -60.190727
66.264862 21.561067 -60.709012
71.425947 12.397693 -60.190727
66.264862 21.561067 -60.709012
67.851270 10.458295 -58.882974
62.690184 19.621669 -59.401258
67.851270 10.458295 -58.882974
62.690184 19.621669 -59.401258
58.934724 17.637036 -57.093032
58.934724 17.637036 -57.093032
72.708819 1.833843 -58.395171
79.349994 -9.957393 -57.728254
79.349994 -9.957393 -57.728254
72.708819 1.833843 -58.395171
68.530699 5.927134 -57.671217
68.530699 5.927134 -57.671217
85.195698 -28.988642 -54.455864
85.195698 -28.988642 -54.455864
92.511810 -28.839216 -53.886408
92.511810 -28.839216 -53.886408
94.225500 -25.242376 -55.997845
94.225500 -25.242376 -55.997845
93.891509 -24.065846 -54.012863
93.891509 -24.065846 -54.012863
92.967722 -24.364224 -50.089176
92.967722 -24.364224 -50.089176
92.532063 -24.401282 -46.406055
92.532063 -24.401282 -46.406055
92.065290 -24.453521 -42.681518
92.065290 -24.453521 -42.681518
90.760098 -24.955538 -38.560154
90.760098 -24.955538 -38.560154
86.618095 -26.876002 -31.268195
86.618095 -26.876002 -31.268195
77.016932 -9.829385 -32.232359
70.375756 1.961850 -32.899276
70.375756 1.961850 -32.899276
77.016932 -9.829385 -32.232359
-43.329606 -96.116800 38.562021
-43.329606 -96.116800 38.562021
-42.715047 -98.493452 39.065868
-42.715047 -98.493452 39.065868
-44.484994 -96.778460 38.369118
-44.484994 -96.778460 38.369118
-42.423679 -95.852802 34.208315
-42.423679 -95.852802 34.208315
-40.041049 -94.634570 32.020637
-40.041049 -94.634570 32.020637
-43.577822 -89.681304 32.121587
-43.577822 -89.681304 32.121587
-47.911849 -76.680941 29.861649
-47.911849 -76.680941 29.861649
-56.860077 -66.099004 30.787762
-56.860077 -66.099004 30.787762
-61.434458 -62.117098 33.488375
-61.434458 -62.117098 33.488375
-61.832701 -62.236658 35.340244
-62.072904 -60.777699 35.970991
-62.072904 -60.777699 35.970991
-61.832701 -62.236658 35.340244
-60.029194 -61.446137 31.357458
-60.029194 -61.446137 31.357458
-60.742396 -61.609114 35.578087
-60.742396 -61.609114 35.578087
-41.969802 -50.643488 42.514750
-41.969802 -50.643488 42.514750
74.086615 9.064836 -57.521913
74.086615 9.064836 -57.521913
73.907059 12.329185 -58.553018
73.907059 12.329185 -58.553018
74.461734 9.205430 -58.771637
74.461734 9.205430 -58.771637
81.514938 -24.110850 -54.255491
81.514938 -24.110850 -54.255491
76.283496 3.773241 -59.702925
82.924672 -8.017995 -59.036008
82.924672 -8.017995 -59.036008
76.283496 3.773241 -59.702925
92.525835 -25.064611 -58.071844
92.525835 -25.064611 -58.071844
94.225500 -25.242376 -55.997845
95.299738 -23.506847 -58.152828
94.225500 -25.242376 -55.997845
95.299738 -23.506847 -58.152828
88.951158 -27.004009 -56.764091
88.951158 -27.004009 -56.764091
94.859239 -23.681711 -56.857958
94.859239 -23.681711 -56.857958
88.640195 -25.898480 -34.121526
88.640195 -25.898480 -34.121526
83.322043 -21.796555 -31.333464
83.322043 -21.796555 -31.333464
79.039032 -8.851863 -35.085690
72.397856 2.939372 -35.752607
72.397856 2.939372 -35.752607
79.039032 -8.851863 -35.085690
-40.044201 -55.917492 43.346170
-40.044201 -55.917492 43.346170
-32.327511 -67.144970 43.270439
-32.327511 -67.144970 43.270439
-26.761946 -79.499792 44.679994
-26.761946 -79.499792 44.679994
-30.327850 -81.499567 44.832891
-30.327850 -81.499567 44.832891
-33.276699 -83.190029 44.309881
-33.276699 -83.190029 44.309881
-35.517214 -84.518846 43.127211
-35.517214 -84.518846 43.127211
-38.068555 -86.051662 41.433014
-38.068555 -86.051662 41.433014
-41.056475 -87.809158 40.113890
-41.056475 -87.809158 40.113890
-44.460754 -89.779441 39.178750
-44.477391 -94.589113 38.622225
-44.460754 -89.779441 39.178750
-44.477391 -94.589113 38.622225
-43.329606 -96.116800 38.562021
-43.329606 -96.116800 38.562021
-43.996407 -96.611544 36.454867
-43.996407 -96.611544 36.454867
-57.862173 -60.340922 29.318658
-57.862173 -60.340922 29.318658
-60.742396 -61.609114 35.578087
-60.742396 -61.609114 35.578087
-60.541956 -65.821888 36.924730
-60.541956 -65.821888 36.924730
-57.743009 -66.197142 37.844925
-57.743009 -66.197142 37.844925
-54.338730 -64.226858 38.780065
-54.338730 -64.226858 38.780065
-51.350810 -62.469362 40.099190
-51.350810 -62.469362 40.099190
-48.799469 -60.936546 41.793386
-48.799469 -60.936546 41.793386
-46.558954 -59.607729 42.976057
-46.558954 -59.607729 42.976057
-43.610105 -57.917268 43.499066
-43.610105 -57.917268 43.499066
74.517759 3.882314 -40.191235
74.517759 3.882314 -40.191235
75.822951 4.384331 -44.312599
75.822951 4.384331 -44.312599
76.289724 4.436570 -48.037136
76.289724 4.436570 -48.037136
76.725383 4.473628 -51.720257
76.725383 4.473628 -51.720257
77.649170 4.772006 -55.643944
75.459907 7.819165 -57.794171
75.459907 7.819165 -57.794171
77.649170 4.772006 -55.643944
74.086615 9.064836 -57.521913
74.086615 9.064836 -57.521913
71.855741 7.735679 -58.806596
71.855741 7.735679 -58.806596
79.057399 5.331005 -59.783908
85.698575 -6.460230 -59.116991
85.698575 -6.460230 -59.116991
79.057399 5.331005 -59.783908
85.087629 -22.222020 -56.437515
85.087629 -22.222020 -56.437515
94.859239 -23.681711 -56.857958
94.859239 -23.681711 -56.857958
92.025661 -20.489174 -56.510221
92.025661 -20.489174 -56.510221
89.898704 -19.351619 -53.597021
89.898704 -19.351619 -53.597021
89.081905 -19.593918 -49.747210
89.081905 -19.593918 -49.747210
88.730943 -19.586579 -46.122573
88.730943 -19.586579 -46.122573
88.351840 -19.592864 -42.458572
88.351840 -19.592864 -42.458572
87.172952 -20.028676 -38.424422
87.172952 -20.028676 -38.424422
85.215461 -20.886485 -34.097939
85.215461 -20.886485 -34.097939
81.158935 -7.908921 -39.524318
81.158935 -7.908921 -39.524318
-47.070694 -91.270631 38.804051
-47.070694 -91.270631 38.804051
-44.477391 -94.589113 38.622225
-44.477391 -94.589113 38.622225
-48.258624 -91.949348 38.633619
-48.258624 -91.949348 38.633619
-46.068330 -90.956083 34.383756
-46.068330 -90.956083 34.383756
-49.971140 -77.729687 31.826062
-49.971140 -77.729687 31.826062
-59.350585 -67.373783 33.049931
-59.350585 -67.373783 33.049931
-61.007120 -68.176454 35.354352
-61.007120 -68.176454 35.354352
-60.541956 -65.821888 36.924730
-61.540879 -68.367048 37.299795
-60.541956 -65.821888 36.924730
-61.540879 -68.367048 37.299795
-60.352949 -67.688331 37.470227
-60.352949 -67.688331 37.470227
78.616900 5.156141 -58.489039
78.616900 5.156141 -58.489039
75.459907 7.819165 -57.794171
75.459907 7.819165 -57.794171
78.616900 5.156141 -58.489039
85.258075 -6.635094 -57.822122
78.616900 5.156141 -58.489039
85.258075 -6.635094 -57.822122
91.176172 -18.861162 -57.646695
91.176172 -18.861162 -57.646695
88.506284 -20.364405 -57.637534
88.506284 -20.364405 -57.637534
92.025661 -20.489174 -56.510221
92.025661 -20.489174 -56.510221
90.775793 -19.014996 -56.379528
90.775793 -19.014996 -56.379528
82.464127 -7.406904 -43.645682
82.464127 -7.406904 -43.645682
-35.462198 -68.918713 43.125579
-35.462198 -68.918713 43.125579
-38.093800 -70.442882 42.383510
-38.093800 -70.442882 42.383510
-40.140550 -71.670132 41.067044
-40.140550 -71.670132 41.067044
-42.492331 -73.098344 39.235050
-42.492331 -73.098344 39.235050
-45.206395 -74.712291 37.726826
-45.206395 -74.712291 37.726826
-48.260428 -87.116905 37.982477
-48.264304 -76.501016 36.552516
-48.264304 -76.501016 36.552516
-48.260428 -87.116905 37.982477
-47.070694 -91.270631 38.804051
-47.070694 -91.270631 38.804051
-47.724865 -91.758754 36.688176
-47.724865 -91.758754 36.688176
-60.352949 -67.688331 37.470227
-60.352949 -67.688331 37.470227
-53.553027 -74.619001 36.384438
-53.553027 -74.619001 36.384438
82.930900 -7.354665 -47.370219
82.930900 -7.354665 -47.370219
83.366559 -7.317608 -51.053340
83.366559 -7.317608 -51.053340
84.290345 -7.019229 -54.977027
84.290345 -7.019229 -54.977027
85.258075 -6.635094 -57.822122
85.258075 -6.635094 -57.822122
87.011474 -10.493139 -57.389836
87.011474 -10.493139 -57.389836
90.775793 -19.014996 -56.379528
90.775793 -19.014996 -56.379528
87.011474 -10.493139 -57.389836
87.011474 -10.493139 -57.389836
-50.588054 -77.842192 35.980203
-50.588054 -77.842192 35.980203
-48.260428 -87.116905 37.982477
-48.260428 -87.116905 37.982477
-51.645668 -78.452601 35.719787
-51.645668 -78.452601 35.719787
-51.292597 -78.356719 33.899110
-51.292597 -78.356719 33.899110
-53.553027 -74.619001 36.384438
-53.553027 -74.619001 36.384438
-50.588054 -77.842192 35.980203
-50.588054 -77.842192 35.980203
-63.201309 62.623836 32.898354
-49.553605 72.093821 24.036577
-73.487996 51.396956 28.429143
-58.683712 60.739012 19.740057
-39.740442 73.577690 28.060053
-38.963419 73.695289 28.378670
-69.145023 59.508291 37.002514
-62.078182 51.117215 14.482231
-43.864643 67.673340 8.699594
-38.963419 73.695289 28.378670
-32.114477 77.285331 23.649447
-71.320153 55.114797 43.092258
-70.942472 55.877622 42.034766
-79.328774 42.074891 26.393837
-72.665424 45.567651 21.792766
-36.575855 72.274730 17.367356
-35.512212 72.289481 16.820973
-38.968118 65.629692 22.249120
-32.114477 77.285331 23.649447
-38.963419 73.695289 28.378670
-63.840095 60.655566 45.556120
-71.320153 55.114797 43.092258
-70.689186 57.065446 50.285446
-74.650102 49.336885 33.883647
-74.433929 49.720091 32.868716
-74.650102 49.336885 33.883647
-67.440915 47.842625 31.064480
-79.328774 42.074891 26.393837
-47.231525 58.899456 4.230552
-40.359104 62.501804 -0.514884
-38.842258 66.511740 7.612352
-35.512212 72.289481 16.820973
-38.963419 73.695289 28.378670
-63.840095 60.655566 45.556120
-63.840095 60.655566 45.556120
-71.320153 55.114797 43.092258
-63.313562 53.969838 41.908288
-70.689186 57.065446 50.285446
-74.650102 49.336885 33.883647
-71.156799 54.808205 42.585356
-73.391051 49.075843 33.391297
-41.590372 62.665148 19.911917
-40.359104 62.501804 -0.514884
-38.842258 66.511740 7.612352
-36.176444 71.237771 17.158615
-45.933409 61.978663 27.058683
-62.132629 60.781713 43.792280
-5.970961 86.787674 -18.191653
-25.216619 84.850652 7.231786
-10.625882 90.182542 -3.405200
-20.513026 80.747118 -6.616962
-24.324377 81.658400 17.415196
-24.253914 81.405639 18.221695
-4.682167 93.298087 -7.509360
-18.418327 74.002604 -15.665083
-35.470335 72.073423 2.903288
-24.253914 81.405639 18.221695
-31.102857 77.815597 22.950919
1.713499 93.962040 -8.134487
3.057564 94.101710 -8.265869
-7.831085 79.552168 -22.975618
-1.167735 83.044927 -27.576690
-32.424170 74.450938 14.500600
-33.014663 73.598633 15.096404
-24.253914 81.405639 18.221695
-31.102857 77.815597 22.950919
-24.258612 73.340042 12.092145
0.622762 94.445362 1.044246
7.471853 98.035482 -3.685081
3.057564 94.101710 -8.265869
-1.332774 88.037863 -17.607939
-0.272386 88.323799 -17.474480
-0.272386 88.323799 -17.474480
-1.167735 83.044927 -27.576690
-2.623515 81.818263 -13.692207
-33.264984 66.220363 -5.413404
-40.137404 62.618014 -0.667969
-36.344709 67.820892 5.887784
-33.014663 73.598633 15.096404
0.622762 94.445362 1.044246
-24.253914 81.405639 18.221695
0.622762 94.445362 1.044246
7.471853 98.035482 -3.685081
1.673530 88.034424 -2.965573
3.057564 94.101710 -8.265869
-0.683073 87.187522 -16.813868
2.818082 93.583963 -8.494611
-0.272386 88.323799 -17.474480
-23.954925 71.909203 7.734566
-40.137404 62.618014 -0.667969
-36.344709 67.820892 5.887784
-32.024759 73.413979 14.291860
-1.085625 92.781005 1.639066
-17.293321 76.991071 7.282582
-76.862588 70.150984 17.202929
-54.713724 91.784798 23.835308
-59.246092 78.631237 6.293142
-72.330219 83.304546 34.745095
-72.330219 83.304546 34.745095
-76.862588 70.150984 17.202929
-54.713724 91.784798 23.835308
-59.246092 78.631237 6.293142
-79.844504 65.273675 18.317930
-74.261185 81.477384 39.927826
-74.261185 81.477384 39.927826
-79.844504 65.273675 18.317930
-71.827107 83.489079 41.028327
-50.125211 93.935177 27.588627
-71.827107 83.489079 41.028327
-50.125211 93.935177 27.588627
-48.339834 93.329035 24.343673
-53.923004 77.125404 2.733674
-48.339834 93.329035 24.343673
-53.923004 77.125404 2.733674
-78.567813 64.741449 15.572175
-56.865916 75.187547 2.132476
-78.567813 64.741449 15.572175
-56.865916 75.187547 2.132476
-74.059208 82.817282 42.108926
-74.059208 82.817282 42.108926
-80.476451 64.259537 16.509249
-80.476451 64.259537 16.509249
-81.122192 57.943765 24.143925
-75.538873 74.147474 45.753821
-75.538873 74.147474 45.753821
-81.122192 57.943765 24.143925
-66.871891 82.612897 48.349066
-45.169994 93.058995 34.909367
-66.871891 82.612897 48.349066
-45.169994 93.058995 34.909367
-48.037231 95.261698 26.334213
-48.037231 95.261698 26.334213
-40.049622 91.229799 23.775916
-45.632941 75.026090 2.166019
-40.049622 91.229799 23.775916
-45.632941 75.026090 2.166019
-55.334792 76.272999 0.922521
-55.334792 76.272999 0.922521
-76.002012 56.114910 13.010455
-54.300019 66.560837 -0.429235
-76.002012 56.114910 13.010455
-54.300019 66.560837 -0.429235
-74.714065 79.634201 54.679868
-74.714065 79.634201 54.679868
-84.500653 51.229297 16.798988
-84.500653 51.229297 16.798988
-36.671739 97.945293 31.120795
-36.671739 97.945293 31.120795
-46.458230 69.540218 -6.760075
-46.458230 69.540218 -6.760075
-66.458186 57.388936 24.084523
-48.841305 65.868504 13.174775
-61.925818 70.542498 41.626689
-44.308937 79.022066 30.716941
-48.841305 65.868504 13.174775
-61.925818 70.542498 41.626689
-44.308937 79.022066 30.716941
-66.458186 57.388936 24.084523
-71.981857 55.629238 23.518022
-66.398687 71.832869 45.128021
-66.398687 71.832869 45.128021
-71.981857 55.629238 23.518022
-64.436304 74.423826 45.916911
-42.733444 84.868213 32.477308
-64.436304 74.423826 45.916911
-42.733444 84.868213 32.477308
-41.208793 84.582061 29.059983
-46.792113 68.378352 7.450087
-41.208793 84.582061 29.059983
-46.792113 68.378352 7.450087
-70.782326 55.191241 20.721501
-49.080184 65.637246 7.281709
-70.782326 55.191241 20.721501
-49.080184 65.637246 7.281709
-66.197385 73.173966 47.309053
-66.197385 73.173966 47.309053
-72.216542 54.127868 21.972090
-72.216542 54.127868 21.972090
-75.538873 74.147474 45.753821
-81.122192 57.943765 24.143925
-81.122192 57.943765 24.143925
-75.538873 74.147474 45.753821
-66.871891 82.612897 48.349066
-45.169994 93.058995 34.909367
-66.871891 82.612897 48.349066
-45.169994 93.058995 34.909367
-40.395371 85.888501 31.388802
-40.395371 85.888501 31.388802
-40.049622 91.229799 23.775916
-45.632941 75.026090 2.166019
-40.049622 91.229799 23.775916
-45.632941 75.026090 2.166019
-47.140339 66.221578 6.342438
-47.140339 66.221578 6.342438
-54.300019 66.560837 -0.429235
-76.002012 56.114910 13.010455
-54.300019 66.560837 -0.429235
-76.002012 56.114910 13.010455
-74.714065 79.634201 54.679868
-74.714065 79.634201 54.679868
-84.500653 51.229297 16.798988
-84.500653 51.229297 16.798988
-36.671739 97.945293 31.120795
-36.671739 97.945293 31.120795
-46.458230 69.540218 -6.760075
-46.458230 69.540218 -6.760075
-39.064276 89.963901 -8.896965
-16.915412 111.597715 -2.264585
-21.447780 98.444154 -19.806752
-34.531908 103.117463 8.645202
-34.531908 103.117463 8.645202
-39.064276 89.963901 -8.896965
-16.915412 111.597715 -2.264585
-21.447780 98.444154 -19.806752
-42.046192 85.086592 -7.781964
-36.462873 101.290301 13.827933
-36.462873 101.290301 13.827933
-42.046192 85.086592 -7.781964
-34.028796 103.301996 14.928434
-12.326899 113.748094 1.488734
-34.028796 103.301996 14.928434
-12.326899 113.748094 1.488734
-10.541522 113.141951 -1.756220
-16.124692 96.938320 -23.366219
-10.541522 113.141951 -1.756220
-16.124692 96.938320 -23.366219
-40.769501 84.554366 -10.527718
-19.067604 95.000464 -23.967418
-40.769501 84.554366 -10.527718
-19.067604 95.000464 -23.967418
-36.260896 102.630199 16.009033
-36.260896 102.630199 16.009033
-42.678140 84.072454 -9.590644
-42.678140 84.072454 -9.590644
-43.323880 77.756682 -1.955968
-37.740561 93.960391 19.653928
-37.740561 93.960391 19.653928
-43.323880 77.756682 -1.955968
-29.073579 102.425814 22.249173
-7.371682 112.871912 8.809473
-29.073579 102.425814 22.249173
-7.371682 112.871912 8.809473
-10.238919 115.074615 0.234320
-10.238919 115.074615 0.234320
-2.251310 111.042715 -2.323978
-7.834629 94.839007 -23.933874
-2.251310 111.042715 -2.323978
-7.834629 94.839007 -23.933874
-17.536480 96.085916 -25.177373
-17.536480 96.085916 -25.177373
-38.203700 75.927827 -13.089439
-16.501707 86.373754 -26.529128
-38.203700 75.927827 -13.089439
-16.501707 86.373754 -26.529128
-36.915753 99.447118 28.579975
-36.915753 99.447118 28.579975
-46.702341 71.042214 -9.300905
-46.702341 71.042214 -9.300905
1.126573 117.758210 5.020901
1.126573 117.758210 5.020901
-8.659919 89.353135 -32.859969
-8.659919 89.353135 -32.859969
-28.659874 77.201853 -2.015370
-11.042993 85.681421 -12.925119
-24.127655 90.355337 15.526899
-6.510625 98.834983 4.617048
-11.042993 85.681421 -12.925119
-24.127655 90.355337 15.526899
-6.510625 98.834983 4.617048
-28.659874 77.201853 -2.015370
-34.183546 75.442155 -2.581871
-28.600375 91.645786 19.028128
-28.600375 91.645786 19.028128
-34.183546 75.442155 -2.581871
-26.638141 94.236665 19.817120
-4.935132 104.681130 6.377415
-26.638141 94.236665 19.817120
-4.935132 104.681130 6.377415
-3.410482 104.394978 2.960090
-8.993801 88.191269 -18.649807
-3.410482 104.394978 2.960090
-8.993801 88.191269 -18.649807
-32.984014 75.004158 -5.378392
-11.281872 85.450163 -18.818185
-32.984014 75.004158 -5.378392
-11.281872 85.450163 -18.818185
-28.399073 92.986883 21.209160
-28.399073 92.986883 21.209160
-34.418231 73.940785 -4.127803
-34.418231 73.940785 -4.127803
-37.740561 93.960391 19.653928
-43.323880 77.756682 -1.955968
-43.323880 77.756682 -1.955968
-37.740561 93.960391 19.653928
-29.073579 102.425814 22.249173
-7.371682 112.871912 8.809473
-29.073579 102.425814 22.249173
-7.371682 112.871912 8.809473
-2.597059 105.701418 5.288908
-2.597059 105.701418 5.288908
-2.251310 111.042715 -2.323978
-7.834629 94.839007 -23.933874
-2.251310 111.042715 -2.323978
-7.834629 94.839007 -23.933874
-9.342027 86.034495 -19.757455
-9.342027 86.034495 -19.757455
-16.501707 86.373754 -26.529128
-38.203700 75.927827 -13.089439
-16.501707 86.373754 -26.529128
-38.203700 75.927827 -13.089439
-36.915753 99.447118 28.579975
-36.915753 99.447118 28.579975
-46.702341 71.042214 -9.300905
-46.702341 71.042214 -9.300905
1.126573 117.758210 5.020901
1.126573 117.758210 5.020901
-8.659919 89.353135 -32.859969
-8.659919 89.353135 -32.859969
-51.941434 47.205529 13.116333
-38.249630 44.598462 8.820086
-51.288822 47.464878 14.487127
-38.902339 44.339284 7.449282
-39.488919 44.473786 6.031717
-52.528111 47.340202 11.698758
-38.902339 44.339284 7.449282
-25.210439 41.732046 3.153045
-38.249630 44.598462 8.820086
-25.863147 41.472868 1.782241
-50.614286 48.100138 15.717447
-37.575190 45.233893 10.050396
-39.969348 44.992898 4.663696
-53.008392 47.859392 10.330634
-26.449727 41.607370 0.364676
-39.488919 44.473786 6.031717
-37.575190 45.233893 10.050396
-24.535999 42.367477 4.383355
-36.925206 46.201944 11.056406
-49.964398 49.068360 16.723447
-53.350042 48.727778 9.105334
-40.310999 45.861285 3.438396
-26.930253 42.126653 -1.003355
-39.969348 44.992898 4.663696
-23.886015 43.335528 5.389365
-36.925206 46.201944 11.056406
-36.343746 47.436859 11.769612
-49.382789 50.303353 17.436550
-40.490440 47.019817 2.439473
-53.529632 49.886233 8.106514
-27.271904 42.995040 -2.228655
-40.310999 45.861285 3.438396
-36.343746 47.436859 11.769612
-23.304651 44.570614 6.102561
-48.909521 51.721063 17.808431
-35.870478 48.854569 12.141493
-53.534603 51.255728 7.402051
-40.495508 48.389483 1.735001
-40.490440 47.019817 2.439473
-27.451248 44.153401 -3.227568
-22.831383 45.988324 6.474442
-35.870478 48.854569 12.141493
-35.537689 50.358388 12.146502
-48.576881 53.224804 17.813543
-53.365145 52.743062 7.040030
-40.325953 49.876646 1.372989
-40.495508 48.389483 1.735001
-27.456316 45.523067 -3.932040
-35.537689 50.358388 12.146502
-22.498497 47.491972 6.479462
-35.368083 51.845799 11.784379
-48.407178 54.712044 17.451430
-53.032356 54.246880 7.045040
-39.993164 51.380464 1.377999
-40.325953 49.876646 1.372989
-27.286858 47.010401 -4.294061
-22.328891 48.979383 6.117338
-35.368083 51.845799 11.784379
-35.373202 53.215216 11.080019
-48.412394 56.081632 16.747060
-52.559088 55.664591 7.416921
-39.519896 52.798175 1.749880
-39.993164 51.380464 1.377999
-26.953972 48.514048 -4.289042
-22.334107 50.348971 5.412968
-35.373202 53.215216 11.080019
-35.552643 54.373749 10.081096
-48.591835 57.240165 15.748137
-38.938436 54.033089 2.463085
-51.977628 56.899505 8.130126
-39.519896 52.798175 1.749880
-26.480704 49.931759 -3.917161
-22.513451 51.507333 4.414055
-35.552643 54.373749 10.081096
-35.894294 55.242136 8.855796
-48.933486 58.108552 14.522837
-51.327495 57.867634 9.136034
-38.288400 55.001389 3.468983
-38.938436 54.033089 2.463085
-25.899341 51.166844 -3.203965
-22.855102 52.375720 3.188755
-35.894294 55.242136 8.855796
-36.374723 55.761247 7.487775
-49.413915 58.627663 13.154816
-37.614012 55.636572 4.699406
-50.653204 58.502988 10.366446
-38.288400 55.001389 3.468983
-25.249208 52.134973 -2.198058
-36.374723 55.761247 7.487775
-23.335628 52.895002 1.820724
-50.000346 58.762244 11.737148
-36.961251 55.895999 6.070097
-24.574916 52.770327 -0.967645
-37.614012 55.636572 4.699406
-36.961251 55.895999 6.070097
-23.922059 53.029583 0.403056
-48.696690 53.249355 17.850527
-48.407178 54.712044 17.451430
-48.527432 54.732999 17.489185
-48.576881 53.224804 17.813543
-49.028499 51.749022 17.845435
-48.909521 51.721063 17.808431
-48.532431 56.099414 16.786489
-48.412394 56.081632 16.747060
-48.820283 53.272710 17.872074
-48.652042 54.749119 17.512815
-49.500795 50.334621 17.474459
-49.382789 50.303353 17.436550
-49.150582 51.780010 17.867049
-48.711559 57.255097 15.790002
-48.591835 57.240165 15.748137
-48.657033 56.108497 16.813458
-48.945936 53.294480 17.878129
-48.778900 54.759737 17.521473
-50.080801 49.102657 16.762961
-49.964398 49.068360 16.723447
-49.620414 50.372751 17.497902
-49.273756 51.813128 17.873248
-49.052398 58.121612 14.567472
-48.933486 58.108552 14.522837
-48.835203 57.258445 15.821919
-48.783877 56.108805 16.827503
-49.071869 53.314529 17.868525
-48.906450 54.764845 17.515524
-50.729305 48.136695 15.759172
-50.614286 48.100138 15.717447
-50.197573 49.146665 16.790088
-49.740013 50.416626 17.506889
-49.396326 51.848180 17.863695
-49.413915 58.627663 13.154816
-49.531718 58.639502 13.202768
-49.174309 58.120413 14.605610
-48.960745 57.249979 15.843628
-48.911432 56.100296 16.828549
-49.195844 53.332321 17.843459
-49.032434 54.764348 17.494772
-51.288822 47.464878 14.487127
-51.402017 47.502855 14.531820
-50.842917 48.185702 15.791279
-50.312864 49.200038 16.804232
-49.857706 50.465712 17.501105
-49.516044 51.884402 17.838431
-50.000346 58.762244 11.737148
-50.116895 58.773837 11.788239
-49.651177 58.635996 13.247607
-49.297368 58.105507 14.636580
-49.086290 57.229829 15.854579
-49.037353 56.082931 16.816567
-49.316048 53.347526 17.803043
-49.155212 54.758297 17.459747
-52.053206 47.244274 13.164423
-51.941434 47.205529 13.116333
-51.512236 47.555028 14.570113
-50.953129 48.246224 15.813304
-50.424858 49.261550 16.805582
-49.971768 50.519620 17.480496
-49.631618 51.921440 17.798302
-50.767988 58.515084 10.420852
-50.653204 58.502988 10.366446
-50.233510 58.769401 11.840259
-49.770682 58.616892 13.288829
-49.419489 58.076683 14.659850
-49.210166 57.198258 15.854753
-49.160067 56.057142 16.791530
-49.272504 54.746633 17.410691
-49.430671 53.360310 17.748142
-52.528111 47.340202 11.698758
-52.638531 47.378531 11.749996
-52.160238 47.297717 13.209426
-51.617572 47.620400 14.601374
-51.058609 48.317393 15.824635
-50.531573 49.330492 16.793833
-50.080351 50.576931 17.445529
-49.740808 51.958758 17.743507
-51.440796 57.881416 9.193490
-51.327495 57.867634 9.136034
-50.881426 58.512148 10.479741
-50.348426 58.749430 11.892369
-49.888055 58.582706 13.325837
-49.539034 58.034396 14.675123
-49.330235 57.155799 15.844260
-49.277314 56.023331 16.753995
-49.382934 54.729957 17.348544
-49.537992 53.370112 17.679690
-53.008392 47.859392 10.330634
-53.117851 47.896421 10.385293
-52.742485 47.431180 11.802246
-52.260452 47.364978 13.251048
-51.716117 47.697977 14.624973
-51.157490 48.398232 15.825347
-50.631919 49.405688 16.769294
-50.181917 50.637200 17.396960
-49.842184 51.995409 17.675024
-52.089449 56.915376 8.189803
-51.977628 56.899505 8.130126
-51.550830 57.881416 9.258406
-50.991402 58.494179 10.542033
-50.459955 58.714132 11.943403
-50.001638 58.534334 13.357940
-49.654228 57.979404 14.682154
-49.444540 57.103100 15.823033
-49.387562 55.981946 16.704640
-49.484562 54.708073 17.274461
-49.636287 53.377041 17.598383
-53.350042 48.727778 9.105334
-53.458594 48.762765 9.162772
-53.219353 47.946762 10.444243
-52.838377 47.497630 11.854410
-52.352600 47.445134 13.288506
-51.806803 47.786544 14.640781
-51.248309 48.487511 15.815117
-50.723846 49.486046 16.732219
-50.274662 50.699427 17.335135
-49.934133 52.031234 17.593934
-52.669455 55.683412 7.478305
-52.559088 55.664591 7.416921
-52.196089 56.920511 8.259765
-51.655748 57.868184 9.330112
-51.096438 58.461289 10.606937
-50.566362 58.663789 11.993073
-50.109834 58.471749 13.384794
-49.762974 57.912662 14.680932
-49.551676 57.040972 15.791463
-49.489076 55.933766 16.643930
-49.575853 54.681432 17.189120
-49.724302 53.380759 17.505778
-53.529632 49.886233 8.106514
-53.637818 49.918619 8.166276
-53.558459 48.808730 9.227934
-53.311606 48.009072 10.506827
-52.924649 47.576481 11.906175
-52.435244 47.536918 13.321042
-51.888020 47.884953 14.648374
-51.329933 48.583636 15.794379
-50.806327 49.570370 16.683187
-50.357549 50.762682 17.261231
-50.015233 52.065514 17.501375
-53.032356 54.246880 7.045040
-53.141654 54.268840 7.107339
-52.773249 55.694425 7.551951
-52.296195 56.914483 8.339007
-51.753946 57.841873 9.407275
-51.194803 58.414162 10.673333
-50.666108 58.599429 12.040240
-50.210713 58.396460 13.405818
-49.863892 57.834945 14.671409
-49.649673 56.970329 15.750077
-49.580298 55.879277 16.572981
-49.655474 54.650651 17.094169
-49.800257 53.381220 17.403291
-53.642722 51.284863 7.463590
-53.534603 51.255728 7.402051
-53.736629 49.958679 8.236395
-53.648133 48.864430 9.299788
-53.393066 48.082582 10.572059
-52.999916 47.666622 11.956062
-52.506921 47.639101 13.348330
-51.958409 47.991475 14.647652
-51.400695 48.685300 15.763421
-50.878005 49.657428 16.622855
-50.429048 50.825848 17.176236
-50.084235 52.097913 17.398902
-53.365145 52.743062 7.040030
-53.473560 52.768677 7.102238
-53.243080 54.287166 7.182804
-52.868961 55.697953 7.636517
-52.387845 56.897637 8.426430
-51.844116 57.802475 9.488768
-51.285159 58.353500 10.740299
-50.757687 58.521869 12.084316
-50.303169 58.309528 13.420777
-49.955473 57.747565 14.653749
-49.737236 56.892384 15.699413
-49.659781 55.819369 16.493057
-49.722218 54.615813 16.991041
-49.863359 53.378484 17.292113
-53.741866 51.318150 7.537131
-53.824852 50.005680 8.315811
-53.726265 48.929437 9.377330
-53.462519 48.166560 10.638879
-53.063344 47.766703 12.003878
-52.566839 47.749857 13.370133
-52.017103 48.104570 14.638702
-51.459642 48.791021 15.722501
-50.937551 49.745777 16.552424
-50.488183 50.887975 17.081595
-50.140257 52.127652 17.287952
-53.573379 52.794466 7.177779
-53.335122 54.301280 7.270169
-52.954849 55.693554 7.730804
-52.469980 56.870463 8.520169
-51.924720 57.751019 9.573452
-51.365968 58.280330 10.806695
-50.839398 58.432481 12.124655
-50.385471 58.212132 13.429305
-50.035963 57.651738 14.628024
-49.813097 56.808138 15.640559
-49.726524 55.755097 16.404901
-49.863359 53.378484 17.292113
-49.882471 54.540787 16.764953
-50.015365 53.375144 17.048708
-49.722218 54.615813 16.991041
-53.983501 50.601162 9.216935
-53.846666 52.977774 8.329723
-53.987722 51.740504 8.630963
-53.834225 49.637607 10.048045
-53.569779 54.228836 8.334042
-53.176058 55.408376 8.643239
-53.549952 48.915069 11.067273
-53.150182 48.483279 12.205352
-52.692373 56.435690 9.236668
-52.662276 48.371251 13.384753
-52.495898 52.746119 11.554829
-52.494722 52.403759 11.730859
-52.449724 52.114208 11.980664
-52.364372 51.897135 12.287012
-52.119268 48.587007 14.524902
-52.244177 51.767233 12.628957
-52.097585 51.733583 12.983442
-51.934390 51.798550 13.326017
-51.558341 49.115396 15.548384
-51.765840 51.957207 13.633636
-51.603249 52.199273 13.885129
-51.458014 52.508096 14.063407
-51.339636 52.862500 14.156354
-51.017515 49.920876 16.385223
-51.256535 53.238402 14.157616
-51.214042 53.610198 14.067174
-52.151547 57.241170 10.073507
-52.453587 53.118028 11.464210
-52.370252 53.494065 11.465537
-52.252022 53.848392 11.558586
-51.590620 57.769558 11.096989
-52.106543 54.157121 11.736771
-51.944100 54.399110 11.988367
-51.775498 54.558015 12.295874
-51.612355 54.622733 12.638562
-51.047612 57.985315 12.237138
-51.465615 54.589161 12.992944
-51.345664 54.459353 13.334981
-51.260164 54.242358 13.641227
-50.559706 57.873287 13.416539
-51.215400 53.952671 13.890967
-50.533830 50.948190 16.978652
-50.159936 57.441496 14.554618
-49.875811 56.718881 15.573949
-50.140257 52.127652 17.287952
-49.863359 53.378484 17.292113
-49.726524 55.755097 16.404901
-49.722218 54.615813 16.991041
-53.829926 51.354920 7.621831
-53.901220 50.059140 8.403351
-53.791291 49.002526 9.459259
-53.518887 48.259069 10.706248
-53.113568 47.875173 12.048538
-52.613844 47.867536 13.385738
-52.063139 48.222527 14.621621
-51.506148 48.898950 15.672626
-50.984383 49.833986 16.472785
-50.533830 50.948190 16.978652
-50.140257 52.127652 17.287952
-50.276092 52.196477 17.044726
-53.662793 52.820006 7.265184
-53.416229 54.311085 7.368214
-53.029785 55.681336 7.833506
-52.541259 56.832764 8.619379
-51.994592 57.688091 9.660071
-51.435990 58.195524 10.871589
-50.910259 58.332458 12.160575
-50.456208 58.105755 13.431558
-50.104599 57.549285 14.594835
-49.875811 56.718881 15.573949
-49.726524 55.755097 16.404901
-49.886478 55.614147 16.212879
-50.039594 54.464703 16.536939
-50.164328 53.370687 16.803210
-50.159936 57.441496 14.554618
-50.514608 57.992390 13.427148
-50.559706 57.873287 13.416539
-51.015178 58.107099 12.217496
-51.047612 57.985315 12.237138
-51.572295 57.886007 11.047588
-51.590620 57.769558 11.096989
-52.151547 57.241170 10.073507
-52.147827 57.343599 9.997588
-52.692373 56.435690 9.236668
-52.702566 56.517523 9.138911
-53.176058 55.408376 8.643239
-53.198829 55.463513 8.530371
-53.569779 54.228836 8.334042
-53.602777 54.253575 8.213063
-53.846666 52.977774 8.329723
-53.886659 52.970097 8.208684
-53.987722 51.740504 8.630963
-54.031389 51.700915 8.517694
-54.027135 50.531948 9.118919
-53.983501 50.601162 9.216935
-53.873915 49.543350 9.971407
-53.834225 49.637607 10.048045
-53.582413 48.802203 11.017130
-53.549952 48.915069 11.067273
-53.172341 48.359118 12.184547
-53.150182 48.483279 12.205352
-52.671737 48.244218 13.394480
-52.662276 48.371251 13.384753
-52.114718 48.465481 14.564377
-52.119268 48.587007 14.524902
-51.539089 49.007718 15.614387
-51.558341 49.115396 15.548384
-51.017515 49.920876 16.385223
-53.906202 51.394592 7.716375
-53.964349 50.117947 8.497537
-53.842943 49.082653 9.544413
-53.561403 48.359142 10.773414
-53.150073 47.990488 12.089616
-52.647239 47.990481 13.394897
-52.095850 48.343479 14.596711
-50.533830 50.948190 16.978652
-50.647121 51.085409 16.753277
-50.409087 52.264758 16.799545
-53.740783 52.844907 7.363374
-53.485413 54.316382 7.475581
-53.092764 55.661541 7.942873
-52.600435 56.785587 8.722138
-52.052547 57.614716 9.746972
-51.494369 58.100640 10.934009
-50.969156 58.223530 12.191607
-49.875811 56.718881 15.573949
-50.027132 56.522013 15.430005
-50.043292 55.471910 16.018774
-50.193600 54.387790 16.307158
-50.310131 53.365879 16.555990
-50.159936 57.441496 14.554618
-50.294810 57.202539 14.469635
-50.559706 57.873287 13.416539
-50.671415 57.609529 13.397538
-51.047612 57.985315 12.237138
-51.131084 57.714882 12.286380
-51.540057 57.996892 10.993003
-51.590620 57.769558 11.096989
-51.642681 57.511736 11.212225
-52.129748 57.441193 9.916930
-52.171096 57.013826 10.248031
-52.151547 57.241170 10.073507
-52.698260 56.594423 9.037299
-52.680682 56.255114 9.459522
-52.692373 56.435690 9.236668
-53.206763 55.514352 8.413488
-53.136258 55.287164 8.900605
-53.176058 55.408376 8.643239
-53.620577 54.274686 8.088349
-53.507286 54.176096 8.609157
-53.569779 54.228836 8.334042
-53.911605 52.959612 8.083936
-53.768110 52.997601 8.605164
-53.846666 52.977774 8.329723
-54.059957 51.658768 8.400604
-53.901005 51.831957 8.888920
-53.987722 51.740504 8.630963
-54.055609 50.461094 9.016733
-53.983501 50.601162 9.216935
-53.896997 50.758597 9.440994
-53.898574 49.447816 9.890311
-53.834225 49.637607 10.048045
-53.756247 49.850561 10.223877
-53.599847 48.688462 10.961700
-53.549952 48.915069 11.067273
-53.488569 49.170034 11.184247
-53.179603 48.234445 12.158166
-53.150182 48.483279 12.205352
-53.112060 48.763216 12.256334
-52.666740 48.116613 13.397949
-52.662276 48.371251 13.384753
-52.652295 48.657692 13.367502
-52.119268 48.587007 14.524902
-52.140698 48.860837 14.441657
-51.558341 49.115396 15.548384
-51.612282 49.358748 15.405851
-51.102793 50.117631 16.194350
-51.017515 49.920876 16.385223
-53.969119 51.436607 7.819230
-54.013111 50.181310 8.597142
-53.879837 49.168704 9.631313
-53.589201 48.465149 10.838882
-53.172271 48.110900 12.126260
-50.757008 51.222184 16.526088
-50.538912 52.332459 16.552484
-53.805859 52.868557 7.470645
-53.541561 54.317012 7.590370
-53.142460 55.634604 8.057387
-52.646915 56.729646 8.827206
-52.097856 57.531917 9.832972
-50.175324 56.324086 15.284135
-50.197051 55.328824 15.823172
-50.344487 54.310048 16.075610
-50.452805 53.360012 16.306845
-50.426629 56.962733 14.383155
-50.779962 57.344521 13.376892
-51.211318 57.443485 12.334302
-51.691408 57.252780 11.326151
-52.187409 56.785518 10.421235
-52.679737 56.665604 8.932711
-52.665487 56.073519 9.681400
-53.200108 55.560408 8.294502
-53.093232 55.165218 9.156808
-53.623428 54.291685 7.961808
-53.441152 54.122644 8.883351
-53.921222 52.946126 7.957247
-53.685815 53.016544 8.879695
-54.073095 51.615016 8.281272
-53.810645 51.922698 9.145956
-54.068433 50.389402 8.911700
-53.806851 50.915320 9.664132
-53.907887 49.352589 9.805666
-53.674915 50.063315 10.398761
-53.602184 48.575525 10.901984
-53.423610 49.424669 11.299741
-53.070277 49.042880 12.306004
-52.638921 48.943916 13.348594
-52.158831 49.134622 14.356745
-51.662830 49.601884 15.261661
-51.184752 50.313883 16.001495
-54.018062 51.480327 7.928916
-54.047062 50.248474 8.700352
-53.901566 49.259044 9.718931
-50.863958 51.358242 16.296953
-50.665384 52.399465 16.303721
-53.857130 52.890927 7.585629
-53.583568 54.313046 7.710840
-53.178431 55.600667 8.175156
-50.320502 56.124833 15.136723
-50.347776 55.184850 15.625634
-50.492256 54.231476 15.842294
-50.592371 53.353545 16.056089
-50.555126 56.721526 14.294768
-50.885261 57.078322 13.354767
-51.288391 57.170839 12.380578
-51.736802 56.992689 11.438765
-52.200218 56.556191 10.593463
-52.646874 55.890847 9.902136
-53.046370 55.042217 9.412110
-53.611058 54.304607 7.835370
-53.371661 54.068094 9.156672
-53.915249 52.929904 7.830704
-53.600293 53.034752 9.153064
-54.070341 51.570251 8.161570
-53.716825 52.012840 9.401896
-54.065680 50.318070 8.805753
-53.713374 51.071807 9.885882
-53.590072 50.275720 10.572434
-53.355203 49.678933 11.414295
-53.025163 49.322309 12.354287
-52.622034 49.229791 13.328476
-52.173623 49.407941 14.270289
-51.710207 49.844439 15.115591
-51.263551 50.509784 15.806918
-54.051777 51.525001 8.043665
-50.967663 51.494007 16.066265
-50.788686 52.465891 16.053078
-53.893706 52.911494 7.706204
-50.462327 55.924885 14.987607
-50.495202 55.039934 15.426506
-50.636576 54.152038 15.607285
-50.728426 53.346234 15.803371
-50.680482 56.479527 14.205052
-50.987409 56.811102 13.331155
-51.362129 56.897059 12.425543
-51.779011 56.731386 11.550172
-52.209778 56.325673 10.764213
-52.624938 55.707270 10.121718
-52.996369 54.918424 9.666082
-53.298648 54.012966 9.428626
-53.511227 53.052419 9.425502
-53.619544 52.102384 9.656737
-53.616255 51.227581 10.106713
-53.501705 50.487546 10.744740
-53.283550 49.932904 11.527295
-52.976623 49.601329 12.401192
-52.601988 49.515314 13.306637
-52.184924 49.680874 14.182184
-51.754339 50.086701 14.967966
-51.339094 50.705161 15.610629
-51.067953 51.629098 15.833603
-50.908869 52.531488 15.800667
-50.601139 55.723610 14.836949
-50.639413 54.894017 15.225620
-50.777927 54.071694 15.370611
-50.861522 53.338243 15.549146
-50.802676 56.236279 14.113690
-51.086309 56.542690 13.306064
-51.432535 56.622145 12.469198
-51.817835 56.469198 11.660156
-52.215834 56.094135 10.933988
-52.599583 55.522616 10.340158
-52.942863 54.793612 9.919079
-53.222278 53.956741 9.699707
-53.418689 53.069258 9.696686
-53.518804 52.191328 9.910481
-53.515858 51.382869 10.326269
-53.409825 50.699022 10.915835
-53.208140 50.186431 11.638992
-52.924507 49.880020 12.446618
-52.578281 49.800565 13.283484
-52.192981 49.953512 14.092526
-51.794981 50.328575 14.818694
-51.411233 50.900094 15.412524
-51.165220 51.763530 15.599164
-51.025711 52.596619 15.546712
-50.736683 55.521583 14.684421
-50.780420 54.747328 15.023135
-50.915925 53.990656 15.132234
-50.991351 53.329501 15.293050
-50.921655 55.992029 14.020570
-51.182057 56.273256 13.279486
-51.499789 56.346209 12.511365
-51.853473 56.205797 11.768932
-52.218739 55.861576 11.102274
-52.570905 55.337056 10.557444
-52.885800 54.668030 10.170988
-53.142300 53.899995 9.969587
-53.322595 53.085327 9.966781
-53.414444 52.279522 10.162867
-53.411608 51.537544 10.544531
-53.314486 50.909900 11.085834
-53.129366 50.439531 11.749582
-52.869113 50.158226 12.490768
-52.551318 50.085294 13.258619
-52.197696 50.225685 14.001322
-51.832367 50.569927 14.667710
-51.480264 51.094427 15.212810
-51.259050 51.897327 15.363190
-51.139190 52.660828 15.290895
-50.868842 55.318671 14.530469
-50.918213 54.599638 14.818891
-51.050720 53.908846 14.892258
-51.117794 53.319874 15.035532
-51.037397 55.746817 13.926129
-51.274419 56.002938 13.251485
-51.563805 56.069310 12.552211
-51.885481 55.941418 11.876192
-52.218321 55.628112 11.269408
-52.538842 55.150611 10.773308
-52.825501 54.541485 10.421576
-53.058937 53.842363 10.238045
-53.223126 53.100739 10.235611
-53.306773 52.367039 10.414258
-53.304227 51.691654 10.761622
-53.215805 51.120311 11.254287
-53.047154 50.691994 11.858637
-52.810228 50.436044 12.533272
-52.521076 50.369536 13.232480
-52.199070 50.497393 13.908574
-51.866560 50.810735 14.515283
-51.545805 51.288372 15.011448
-51.349624 52.030600 15.125504
-51.249476 52.724494 15.033637
-50.997935 55.114680 14.374863
-51.052716 54.451235 14.613215
-51.182076 53.826399 14.650746
-51.241045 53.309704 14.776571
-51.149935 55.500833 13.830089
-51.363482 55.731677 13.221893
-51.624192 55.791433 12.591542
-51.914497 55.676169 11.982225
-52.214187 55.393726 11.435194
-52.503308 54.963338 10.987916
-52.761827 54.414282 10.670899
-52.972165 53.783883 10.505517
-53.120186 53.115324 10.503185
-53.195578 52.453978 10.664281
-53.193324 51.845186 10.977344
-53.113419 51.330031 11.421550
-52.961516 50.944050 11.966314
-52.747970 50.713206 12.574510
-52.487163 50.653278 13.204870
-52.197102 50.768635 13.814281
-51.897167 51.050985 14.361219
-51.608143 51.481545 14.808487
-51.436909 52.163159 14.886385
-51.356558 52.787387 14.774779
-51.123739 54.909975 14.217824
-51.183834 54.301946 14.406115
-51.435049 53.658828 14.163211
-51.477541 53.287032 14.253653
-51.258992 55.253792 13.732635
-51.449307 55.459452 13.190981
-51.681523 55.512706 12.629376
-51.939979 55.410112 12.086732
-52.206998 55.158491 11.599482
-52.464537 54.775101 11.201204
-52.694671 54.286024 10.918809
-52.882104 53.724690 10.771557
-53.013786 53.129309 10.769662
-53.081009 52.540260 10.913039
-53.078864 51.997948 11.191979
-53.007841 51.539208 11.587370
-52.872588 51.195391 12.072559
-52.682369 50.989902 12.614203
-52.450143 50.936420 13.175651
-52.191697 51.039242 13.718452
-51.924667 51.290634 14.205544
-51.667139 51.674253 14.603980
-51.520842 52.295025 14.645563
-51.560643 52.911131 14.252392
-51.246243 54.704328 14.059194
-51.436407 54.001301 13.987005
-52.715729 52.452389 11.826896
-52.674594 53.166659 11.560247
-52.716905 52.794749 11.650867
-52.670731 52.162838 12.076701
-52.591259 53.542695 11.561574
-52.585379 51.945765 12.383049
-52.473029 53.897022 11.654624
-52.465184 51.815864 12.724994
-52.327550 54.205752 11.832808
-52.318592 51.782214 13.079479
-52.165107 54.447740 12.084404
-52.155300 51.847009 13.422063
-51.996505 54.606646 12.391912
-51.986847 52.005837 13.729674
-51.833362 54.671363 12.734599
-51.824255 52.247903 13.981167
-51.686622 54.637791 13.088981
-51.679021 52.556726 14.159445
-51.566671 54.507983 13.431019
-51.481171 54.290988 13.737264
-51.364844 55.005980 13.633582
-51.531684 55.186362 13.158376
-51.735532 55.233073 12.666056
-51.962224 55.143093 12.189919
-52.196487 54.922350 11.762617
-52.422147 54.586115 11.413134
-52.624140 54.157109 11.165454
-52.788572 53.664668 11.036341
-52.904085 53.142352 11.034549
-52.963002 52.625905 11.160262
-52.961296 52.150110 11.405004
-52.898887 51.747728 11.751926
-52.780137 51.446153 12.177435
-52.613394 51.265942 12.652631
-52.409695 51.219153 13.145054
-52.182854 51.309212 13.621089
-51.948740 51.529876 14.048493
-51.722932 51.866189 14.397873
-53.529632 49.886233 8.106514
-53.365145 52.743062 7.040030
-53.534603 51.255728 7.402051
-53.350042 48.727778 9.105334
-53.032356 54.246880 7.045040
-53.008392 47.859392 10.330634
-52.559088 55.664591 7.416921
-52.528111 47.340202 11.698758
-51.977628 56.899505 8.130126
-51.941434 47.205529 13.116333
-51.327495 57.867634 9.136034
-51.288822 47.464878 14.487127
-50.653204 58.502988 10.366446
-50.614286 48.100138 15.717447
-50.000346 58.762244 11.737148
-49.413915 58.627663 13.154816
-49.964398 49.068360 16.723447
-49.382789 50.303353 17.436550
-48.933486 58.108552 14.522837
-48.909521 51.721063 17.808431
-48.591835 57.240165 15.748137
-48.576881 53.224804 17.813543
-48.412394 56.081632 16.747060
-48.407178 54.712044 17.451430
-52.494722 52.403759 11.730859
-52.453587 53.118028 11.464210
-52.495898 52.746119 11.554829
-52.449724 52.114208 11.980664
-52.370252 53.494065 11.465537
-52.364372 51.897135 12.287012
-52.252022 53.848392 11.558586
-52.244177 51.767233 12.628957
-52.106543 54.157121 11.736771
-52.097585 51.733583 12.983442
-51.944100 54.399110 11.988367
-51.934390 51.798550 13.326017
-51.775498 54.558015 12.295874
-51.765840 51.957207 13.633636
-51.612355 54.622733 12.638562
-51.603249 52.199273 13.885129
-51.465615 54.589161 12.992944
-51.458014 52.508096 14.063407
-51.345664 54.459353 13.334981
-51.339636 52.862500 14.156354
-51.260164 54.242358 13.641227
-51.256535 53.238402 14.157616
-51.215400 53.952671 13.890967
-51.214042 53.610198 14.067174
-25.074957 47.769142 -2.533586
-25.135068 46.888878 -2.283982
-25.271367 46.881659 -2.536607
-24.954773 47.703546 -2.281175
-24.795541 48.606014 -2.314214
-24.698370 48.471752 -2.079784
-25.001972 46.896868 -2.029756
-24.838028 47.638586 -2.027229
-25.226917 46.083073 -2.087896
-25.371482 46.003729 -2.322812
-25.198258 47.835569 -2.784229
-25.410689 46.875099 -2.787455
-24.452357 49.335188 -1.893145
-24.383378 49.140607 -1.693318
-24.604443 48.337785 -1.843801
-24.896076 48.741198 -2.546782
-24.872325 46.905724 -1.773838
-24.724304 47.574284 -1.771506
-25.085715 46.163340 -1.851119
-25.368537 45.195271 -1.907024
-25.224177 45.341266 -1.706241
-25.519103 45.925235 -2.556230
-25.324827 47.902746 -3.033002
-25.553459 46.869404 -3.036610
-24.068513 49.906536 -1.299305
-24.031212 49.665127 -1.148488
-24.317785 48.946911 -1.492069
-24.524645 49.530043 -2.091147
-24.513869 48.204511 -1.606114
-24.999536 48.876869 -2.777564
-24.745699 46.915238 -1.516142
-24.614018 47.510618 -1.514248
-24.947717 46.244378 -1.612743
-25.083170 45.487955 -1.503755
-25.262504 44.511424 -1.317457
-25.126959 44.713451 -1.164929
-25.515962 45.050354 -2.106152
-25.669894 45.847321 -2.787769
-25.454555 47.970275 -3.280053
-25.699314 46.864347 -3.283718
-23.670513 50.281600 -0.573137
-23.665946 50.009349 -0.481830
-23.997167 49.424241 -0.995959
-24.109389 50.148275 -1.448642
-24.255351 48.753567 -1.289097
-24.600039 49.725499 -2.287539
-24.426584 48.071952 -1.366995
-25.106486 49.012928 -3.006698
-24.622597 46.925330 -1.257079
-24.507084 47.447646 -1.255287
-24.812923 46.326188 -1.372766
-24.945366 45.635415 -1.299669
-24.994748 44.916612 -1.011090
-25.060818 43.998833 -0.594300
-24.941839 44.243082 -0.501180
-25.401263 44.310398 -1.468228
-25.666443 44.906288 -2.303782
-25.823899 45.770408 -3.017550
-25.587401 48.038634 -3.525336
-25.848225 46.860139 -3.529328
-23.285213 50.434546 0.235905
-23.312262 50.149760 0.260602
-23.664572 49.737641 -0.389082
-23.678569 50.554238 -0.662795
-23.966326 49.184126 -0.841829
-24.153287 50.390672 -1.596202
-24.196451 48.561030 -1.084600
-24.678742 49.921229 -2.482106
-24.342652 47.940087 -1.126174
-25.216521 49.149625 -3.233785
-24.386283 46.948115 -0.734339
-24.302947 47.324152 -0.733012
-24.681514 46.408884 -1.131366
-24.810874 45.784048 -1.093835
-24.865558 45.120431 -0.855473
-24.826097 44.488294 -0.406740
-24.777185 43.692422 0.213325
-24.681585 43.961777 0.240006
-25.183012 43.755584 -0.685662
-25.543141 44.110201 -1.617231
-25.820202 44.763201 -2.499385
-25.981268 45.694418 -3.245470
-25.723481 48.107553 -3.768470
-26.000369 46.856492 -3.772789
-22.994530 50.076808 1.028723
-22.939083 50.355262 1.072762
-23.342651 49.865440 0.286844
-23.261740 50.719662 0.212688
-23.666636 49.466569 -0.294798
-23.690116 50.827263 -0.750806
-23.939061 48.944342 -0.686220
-24.200760 50.633399 -1.742281
-24.140658 48.369094 -0.878494
-24.760797 50.117652 -2.674971
-24.184717 47.678478 -0.639962
-25.329813 49.286844 -3.459160
-24.427418 46.233846 -0.467690
-24.428594 46.576206 -0.643719
-24.382419 45.944295 -0.217885
-24.297067 45.727221 0.088463
-24.039238 47.987208 -0.461777
-24.176872 45.597320 0.430409
-23.876795 48.229196 -0.210182
-24.030280 45.563670 0.784893
-23.708193 48.388102 0.097326
-23.866989 45.628466 1.127478
-23.545051 48.452820 0.440013
-23.698536 45.787294 1.435088
-23.398310 48.419248 0.794395
-23.535944 46.029360 1.686581
-23.278360 48.289440 1.136433
-23.390710 46.338183 1.864859
-23.192860 48.072444 1.442678
-23.272331 46.692587 1.957806
-23.148095 47.782758 1.692419
-23.189230 47.068489 1.959068
-23.146737 47.440285 1.868625
-24.679808 45.933088 -0.886624
-24.739903 45.325058 -0.698332
-24.713803 44.734372 -0.310607
-24.589223 44.232096 0.268007
-24.430959 43.612967 1.050192
-24.363791 43.888845 1.007857
-24.876085 43.424010 0.188234
-25.308368 43.513585 -0.775379
-25.688266 43.911196 -1.764756
-25.977261 44.621058 -2.693397
-26.141425 45.619221 -3.471549
-22.734224 49.795752 1.769798
-22.655354 50.048680 1.880397
-23.053362 49.799238 0.986108
-22.887116 50.633875 1.118290
-23.376331 49.581833 0.314519
-23.241460 51.005320 0.190913
-23.672042 49.195963 -0.198970
-23.704759 51.100661 -0.837366
-23.914999 48.705329 -0.529011
-24.251360 50.876286 -1.886359
-24.845979 50.314236 -2.865834
-23.901514 45.092112 1.329563
-23.667252 45.312854 1.756865
-24.128207 45.002131 0.853426
-24.331810 45.048749 0.361013
-24.498798 45.229054 -0.114090
-24.617399 45.530706 -0.539702
-23.680640 48.925900 -0.101699
-23.454043 49.016051 0.374429
-23.250196 48.969341 0.866748
-23.083356 48.788958 1.341954
-22.964755 48.487306 1.767566
-22.902346 48.084924 2.114488
-22.900588 47.609377 2.359118
-22.959557 47.092682 2.484943
-23.075070 46.570366 2.483151
-23.239502 46.077925 2.354038
-23.441347 45.648996 2.106255
-24.604651 44.981241 -0.213143
-24.500108 44.503606 0.297487
-24.300019 44.165837 0.967103
-24.045756 43.766085 1.859223
-24.010265 44.029407 1.750550
-24.501546 43.338166 1.093669
-24.978232 43.156789 0.164622
-25.437110 43.272472 -0.863673
-25.836510 43.713021 -1.910513
-26.137204 44.479879 -2.885576
-22.549156 49.325134 2.433658
-22.453817 49.536011 2.603656
-22.816339 49.543117 1.660753
-22.580189 50.302301 1.992187
-23.115524 49.521906 0.944879
-22.838427 50.912974 1.165093
-23.413585 49.298556 0.343674
-23.224669 51.291366 0.170785
-23.722796 51.374274 -0.922268
-24.305301 51.119638 -2.028892
-23.923611 44.825170 1.432648
-23.656677 45.076734 1.919730
-24.182153 44.722519 0.889836
-24.414432 44.775753 0.328501
-23.181221 49.245380 0.905176
-22.990905 49.039721 1.446831
-22.855653 48.695904 1.932019
-22.784630 48.237163 2.327410
-22.782633 47.694774 2.606453
-22.849804 47.105973 2.749717
-22.981538 46.510344 2.747935
-23.168972 45.949010 2.600683
-23.399201 45.460103 2.318278
-24.239302 44.443678 0.927847
-23.978012 44.293693 1.643197
-23.644840 44.373478 2.416947
-23.647659 44.140977 2.585402
-24.084631 43.503647 1.969320
-24.575199 43.064443 1.138802
-25.083680 42.890512 0.142600
-25.568684 43.032572 -0.950246
-25.987831 43.516153 -2.054457
-22.451886 48.697568 2.974858
-22.347880 48.852335 3.193214
-22.647933 49.114893 2.265195
-22.361938 49.747487 2.774752
-22.901978 49.291062 1.553075
-22.508291 50.556178 2.105094
-22.793217 51.192231 1.213385
-23.211347 51.577342 0.151990
-23.744323 51.648275 -1.005522
-23.949145 44.558864 1.537267
-23.649306 44.841385 2.084195
-22.750074 48.905080 2.097840
-22.670352 48.390039 2.541868
-22.668064 47.781056 2.855211
-22.743393 47.119730 3.016036
-22.891329 46.451228 3.013872
-23.101912 45.820922 2.848583
-23.360282 45.271945 2.531463
-23.645503 44.607035 2.249906
-23.292737 44.897978 2.962048
-23.263911 44.712496 3.179232
-23.653897 43.909552 2.754999
-24.126692 43.242422 2.080624
-24.652324 42.791548 1.185190
-25.192323 42.625676 0.121944
-25.703654 42.793787 -1.035239
-22.449049 47.955590 3.356523
-22.344934 48.043877 3.609001
-22.559266 48.543457 2.757768
-22.247238 49.007531 3.412676
-22.273667 49.959484 2.947048
-22.439883 50.810443 2.219648
-22.751530 51.472067 1.263046
-23.201367 51.863783 0.134739
-22.556869 47.867994 3.105234
-22.640464 47.134544 3.283769
-22.804653 46.392919 3.281335
-23.037993 45.693627 3.097813
-23.324800 45.084423 2.746184
-22.977693 45.567081 3.348402
-22.920631 45.441499 3.600310
-23.238556 44.527842 3.397671
-23.663372 43.679091 2.925916
-24.172234 42.982254 2.193341
-24.732558 42.520152 1.233112
-25.304033 42.361918 0.102943
-22.445050 47.165947 3.822797
-22.540995 47.149956 3.552599
-22.244046 48.132899 3.862643
-22.150216 49.163476 3.633497
-22.188727 50.171718 3.120731
-22.375073 51.065000 2.335245
-22.713312 51.751833 1.314038
-22.721342 46.335039 3.549905
-22.641364 46.278293 3.819785
-22.867125 45.316687 3.853307
-23.216620 44.344264 3.617254
-23.676233 43.449516 3.098257
-24.220961 42.723297 2.307267
-24.815978 42.249968 1.282242
-22.352512 47.182786 4.093980
-22.146669 48.222271 4.117494
-22.056791 49.319713 3.855360
-22.107247 50.384551 3.295512
-22.313690 51.319964 2.452219
-22.564942 46.222316 4.090753
-22.817123 45.192894 4.107279
-23.198155 44.161515 3.838091
-23.692546 43.221208 3.271461
-24.273022 42.465475 2.422503
-22.263200 47.200360 4.366325
-22.052849 48.312413 4.373433
-21.966593 49.476685 4.078386
-22.029513 50.597598 3.471438
-22.491981 46.166939 4.362819
-22.770507 45.069986 4.362674
-23.183056 43.980091 4.059960
-23.712043 42.994113 3.445873
-22.177679 47.218568 4.639694
-21.962734 48.403247 4.630562
-21.880226 49.633814 4.302389
-22.422438 46.112639 4.636029
-22.727236 44.947947 4.618785
-23.171366 43.799515 4.282814
-22.095629 47.237604 4.914318
-21.875920 48.494530 4.888529
-22.356356 46.058938 4.910335
-22.687532 44.826907 4.876141
-22.017061 47.257201 5.189602
-22.293863 46.006198 5.185450
-21.962519 50.176064 5.116131
-22.072203 51.232585 4.060131
-22.137473 51.305768 4.142152
-21.899390 50.117258 5.021945
-22.401071 52.068723 2.880501
-22.470576 52.152452 2.947433
-22.038642 50.229431 5.203579
-22.215361 51.370682 4.219601
-21.957388 48.840691 5.803004
-21.894471 48.798675 5.700149
-22.020700 51.152381 3.975079
-21.850531 50.053724 4.922350
-22.863578 52.568490 1.563327
-22.939090 52.658724 1.613307
-22.551984 52.226210 3.012553
-22.344692 51.975985 2.812974
-22.126961 50.276604 5.282985
-22.305131 51.426552 4.291446
-22.033664 48.880362 5.897549
-22.122807 47.390375 6.156006
-22.057635 47.366555 6.048744
-21.845676 48.754878 5.590566
-21.816580 49.986560 4.819140
-21.983753 51.066578 3.888066
-23.428398 52.698116 0.198450
-23.511042 52.789900 0.230986
-23.025298 52.737595 1.664802
-22.800298 52.468330 1.515613
-22.644237 52.288520 3.075136
-22.302240 51.875891 2.746077
-22.225920 50.316586 5.353206
-22.404899 51.472347 4.356617
-22.121873 48.917055 5.982351
-22.200700 47.415106 6.254205
-22.378081 45.918730 6.043808
-22.447265 45.924026 6.151175
-22.006609 47.344278 5.933853
-21.811717 48.710111 5.475724
-21.797963 49.916963 4.713738
-21.962076 50.975989 3.800561
-24.147377 52.537135 -1.105583
-24.056839 52.448489 -1.121289
-23.603042 52.870133 0.268342
-23.356572 52.596011 0.171059
-23.121157 52.803854 1.717246
-22.750074 52.359861 1.470954
-22.745791 52.338613 3.134199
-22.274293 51.769962 2.680507
-22.334107 50.348971 5.412968
-22.513451 51.507333 4.414055
-22.220921 48.950171 6.055902
-22.290264 47.440568 6.341713
-22.528520 45.933753 6.249323
-22.833709 44.553776 5.685883
-22.908741 44.541729 5.788576
-22.322082 45.918022 5.929122
-21.969884 47.323788 5.813175
-21.793335 48.664974 5.357642
-21.795061 49.845710 4.607689
-21.955755 50.882445 3.713826
-24.805033 51.917641 -2.305143
-24.706153 51.836802 -2.305855
-24.246167 52.614805 -1.081892
-23.975719 52.350252 -1.128892
-23.703437 52.937508 0.309786
-23.296803 52.485177 0.149358
-23.224963 52.856580 1.769393
-22.713569 52.244545 1.429875
-22.855102 52.375720 3.188755
-22.261310 51.659586 2.617405
-22.328891 48.979383 6.117338
-22.389934 47.466434 6.417152
-22.620562 45.947868 6.336688
-22.994777 44.537252 5.882965
-23.393610 43.364819 4.999210
-23.475797 43.337396 5.093062
-22.771060 44.573606 5.576441
-22.279925 45.922065 5.808549
-21.948244 47.305208 5.688685
-21.790644 48.620188 5.238210
-21.808130 49.774111 4.502749
-21.965068 50.787218 3.629181
-25.438880 50.973654 -3.286100
-25.331920 50.904619 -3.274443
-24.910364 51.988888 -2.293915
-24.615184 51.747600 -2.295728
-24.351258 52.680084 -1.050723
-23.905085 52.243637 -1.128262
-23.810288 52.990838 0.354967
-23.249799 52.367498 0.133753
-23.335628 52.895002 1.820724
-22.691553 52.124247 1.393055
-22.263743 51.546821 2.557680
-22.498497 47.491972 6.479462
-22.721988 45.966193 6.412153
-23.090394 44.540609 5.967541
-23.567629 43.320664 5.180308
-24.109644 42.393410 4.112105
-24.019378 42.432637 4.030622
-23.322383 43.402269 4.900113
-22.721130 44.600678 5.461993
-22.252584 45.930427 5.684122
-21.942368 47.289156 5.562132
-21.803536 48.576343 5.118786
-21.836507 49.703085 4.400573
-21.989728 50.691683 3.548085
-26.005936 49.769322 -3.981613
-25.891822 49.715663 -3.961116
-25.550811 51.035187 -3.285020
-25.231723 50.829345 -3.249802
-25.020758 52.049523 -2.272067
-24.533709 51.651398 -2.274887
-24.461477 52.732256 -1.012431
-23.846390 52.130542 -1.119312
-23.922059 53.029583 0.403056
-23.216340 52.244573 0.124325
-22.683891 52.000666 1.361223
-22.281229 51.432830 2.502362
-22.831383 45.988324 6.474442
-23.194135 44.551871 6.041074
-23.667501 43.314772 5.259614
-24.207894 42.366849 4.189380
-24.668691 41.820949 2.846056
-24.767204 41.773745 2.912555
-23.938773 42.484092 3.945937
-23.263059 43.449525 4.797252
-22.685159 44.634615 5.344224
-22.240066 45.943427 5.557581
-21.951985 47.275670 5.435444
-21.832201 48.534367 5.001685
-21.880226 49.633814 4.302389
-22.029513 50.597598 3.471438
-26.467413 48.387025 -4.344213
-26.347450 48.350709 -4.319041
-26.123577 49.818656 -3.987509
-25.783228 49.658122 -3.926307
-25.666069 51.088369 -3.270596
-25.139796 50.748987 -3.212727
-25.134189 52.098417 -2.239783
-24.462947 51.549734 -2.243930
-24.574916 52.770327 -0.967645
-23.800451 52.012756 -1.102241
-23.196987 52.118363 0.121375
-22.691238 51.875936 1.334674
-22.313690 51.319964 2.452219
-23.304651 44.570614 6.102561
-23.774193 43.319657 5.329689
-24.312897 42.353560 4.260918
-24.872188 41.741103 2.977347
-25.403635 41.521151 1.575977
-25.297132 41.571323 1.526317
-24.578484 41.881534 2.779193
-23.869050 42.546943 3.859421
-23.216824 43.505559 4.692276
-22.663631 44.674797 5.224980
-22.242917 45.960426 5.431040
-21.976983 47.264936 5.310808
-21.875920 48.494530 4.888529
-26.791870 46.920676 -4.349043
-26.667895 46.902884 -4.323977
-26.589738 48.421984 -4.353858
-26.232025 48.313593 -4.278810
-26.243177 49.862532 -3.978522
-25.681726 49.597834 -3.877468
-25.782693 51.132455 -3.243572
-25.057315 50.664663 -3.163696
-25.249208 52.134973 -2.198058
-24.403937 51.444033 -2.203279
-23.767740 51.891804 -1.077332
-23.191905 51.990816 0.125012
-22.713312 51.751833 1.314038
-23.886015 43.335528 5.389365
-24.422794 42.353866 4.325890
-24.982216 41.722886 3.039751
-25.515216 41.485604 1.627123
-25.861952 41.700949 0.161440
-25.975588 41.652327 0.193655
-25.197385 41.635682 1.479149
-24.497526 41.954782 2.712694
-23.810947 42.620395 3.772417
-23.184087 43.569544 4.586604
-22.656731 44.720759 5.105901
-22.260961 45.981630 5.306419
-22.017061 47.257201 5.189602
-26.957140 45.470438 -3.996145
-26.831156 45.470934 -3.975392
-26.917558 46.940631 -4.358740
-26.547594 46.887508 -4.283551
-26.713008 48.455273 -4.347670
-26.122782 48.276525 -4.224127
-26.362847 49.900412 -3.954968
-25.588831 49.535685 -3.815746
-25.899341 51.166844 -3.203965
-24.985819 50.577719 -3.103540
-24.357580 51.336026 -2.153302
-23.748925 51.769553 -1.044886
-23.201367 51.863783 0.134739
-24.535999 42.367477 4.383355
-25.095506 41.720027 3.098538
-25.630218 41.465575 1.679065
-26.093142 41.618255 0.230486
-26.444101 42.158599 -1.140471
-26.324460 42.200716 -1.155734
-25.753808 41.763284 0.134698
-25.105956 41.713164 1.435176
-24.427504 42.039587 2.647800
-23.765723 42.703136 3.686250
-23.165382 43.640610 4.482193
-22.664909 44.771691 4.989112
-22.293863 46.006198 5.185450
-26.826140 44.152181 -3.297178
-26.952158 44.134986 -3.309169
-27.084691 45.475546 -4.002094
-26.708526 45.476908 -3.940264
-27.043307 46.962573 -4.352694
-26.432971 46.874724 -4.228650
-26.834995 48.486090 -4.326046
-26.021458 48.239624 -4.155532
-26.480704 49.931759 -3.917161
-25.505945 49.472430 -3.741842
-24.925943 50.489335 -3.033035
-24.324553 51.227316 -2.094895
-23.744323 51.648275 -1.005522
-25.210439 41.732046 3.153045
-25.746695 41.461446 1.731140
-26.212413 41.599287 0.271773
-26.566371 42.129698 -1.117097
-26.777204 43.005283 -2.335190
-26.653328 43.036854 -2.335364
-26.209597 42.255743 -1.162839
-25.652781 41.838651 0.113571
-25.024095 41.802631 1.394734
-24.369221 42.134642 2.585370
-23.733831 42.793861 3.602292
-23.161110 43.717702 4.380301
-22.687532 44.826907 4.876141
-27.079616 44.126306 -3.308114
-26.703672 44.178062 -3.272048
-27.211697 45.486086 -3.993332
-26.590990 45.488479 -3.891302
-27.167049 46.985849 -4.331045
-26.325650 46.864921 -4.160198
-26.953972 48.514048 -4.289042
-25.929509 48.203800 -4.074442
-25.434542 49.409435 -3.656856
-24.879196 50.401068 -2.953563
-24.305301 51.119638 -2.028892
-25.863147 41.472868 1.782241
-26.331924 41.595532 0.316724
-26.689333 42.114620 -1.086118
-26.902897 42.985055 -2.324137
-26.533407 43.079234 -2.324768
-26.100616 42.322621 -1.161553
-25.560570 41.925677 0.098705
-24.953321 41.902596 1.358647
-24.323682 42.238313 2.526480
-23.715816 42.891434 3.521904
-23.171366 43.799515 4.282814
-27.206610 44.126537 -3.293966
-26.586276 44.211952 -3.234615
-27.336211 45.502035 -3.969693
-26.480741 45.505268 -3.829332
-27.286858 47.010401 -4.294061
-26.227207 46.858070 -4.078994
-25.848409 48.169519 -3.981883
-25.375459 49.347059 -3.562103
-24.845979 50.314236 -2.865834
-26.449727 41.607370 0.364676
-26.811192 42.113671 -1.048092
-27.028439 42.976588 -2.302428
-26.418954 43.132012 -2.303644
-25.999698 42.400337 -1.152029
-25.478353 42.023015 0.090010
-24.894424 42.011524 1.327615
-24.291444 42.349197 2.471894
-23.712043 42.994113 3.445873
-27.331062 44.135698 -3.267099
-26.475931 44.253165 -3.185251
-27.456316 45.523067 -3.932040
-26.379176 45.527131 -3.754979
-26.139437 46.854446 -3.986296
-25.779408 48.137120 -3.879410
-25.329813 49.286844 -3.459160
-26.930253 42.126653 -1.003355
-27.152083 42.979937 -2.270510
-26.311967 43.194061 -2.271971
-25.908265 42.487640 -1.134267
-25.407434 42.129279 0.087934
-24.848464 42.127934 1.301996
-24.273022 42.465475 2.422503
-27.451248 44.153401 -3.227568
-26.374514 44.301517 -3.124550
-26.287640 45.553680 -3.669731
-26.063386 46.853814 -3.883799
-25.723481 48.107553 -3.768470
-27.271904 42.995040 -2.228655
-26.213820 43.264782 -2.230688
-25.827531 42.583374 -1.108635
-25.349067 42.242835 0.092064
-24.815978 42.249968 1.282242
-26.283292 44.356005 -3.053601
-26.208116 45.584632 -3.574789
-26.000369 46.856492 -3.772789
-26.126257 43.342727 -2.180024
-25.759139 42.685920 -1.075353
-25.304033 42.361918 0.102943
-26.203861 44.415665 -2.973565
-26.141425 45.619221 -3.471549
-26.050641 43.427067 -2.121077
-25.703654 42.793787 -1.035239
-26.137204 44.479879 -2.885576
-25.987831 43.516153 -2.054457
-27.286858 47.010401 -4.294061
-27.451248 44.153401 -3.227568
-27.456316 45.523067 -3.932040
-26.953972 48.514048 -4.289042
-27.271904 42.995040 -2.228655
-26.480704 49.931759 -3.917161
-26.930253 42.126653 -1.003355
-25.899341 51.166844 -3.203965
-26.449727 41.607370 0.364676
-25.249208 52.134973 -2.198058
-25.863147 41.472868 1.782241
-24.574916 52.770327 -0.967645
-25.210439 41.732046 3.153045
-23.922059 53.029583 0.403056
-24.535999 42.367477 4.383355
-23.886015 43.335528 5.389365
-23.335628 52.895002 1.820724
-22.855102 52.375720 3.188755
-23.304651 44.570614 6.102561
-22.831383 45.988324 6.474442
-22.513451 51.507333 4.414055
-22.334107 50.348971 5.412968
-22.498497 47.491972 6.479462
-22.328891 48.979383 6.117338
-24.648424 46.282476 -0.371653
-24.607193 46.996574 -0.638292
-24.649600 46.624836 -0.547682
-24.603426 45.992925 -0.121848
-24.524006 47.372533 -0.636862
-24.517978 45.775681 0.184510
-24.405724 47.727109 -0.543925
-24.397879 45.645951 0.526446
-24.260245 48.035839 -0.365740
-24.251287 45.612300 0.880930
-24.097802 48.277827 -0.114145
-24.087996 45.677096 1.223515
-23.929200 48.436733 0.193363
-23.919542 45.835924 1.531125
-23.766058 48.501450 0.536050
-23.756951 46.077990 1.782618
-23.619317 48.467878 0.890432
-23.611620 46.386642 1.960906
-23.499366 48.338070 1.232470
-23.493338 46.741217 2.053843
-23.413919 48.120826 1.538828
-23.410237 47.117119 2.055105
-23.369006 47.831217 1.788466
-23.367744 47.488915 1.964663
-26.137204 44.479879 -2.885576
-26.000369 46.856492 -3.772789
-26.141425 45.619221 -3.471549
-25.987831 43.516153 -2.054457
-25.723481 48.107553 -3.768470
-25.703654 42.793787 -1.035239
-25.329813 49.286844 -3.459160
-24.845979 50.314236 -2.865834
-25.304033 42.361918 0.102943
-24.815978 42.249968 1.282242
-24.649600 46.624836 -0.547682
-24.648424 46.282476 -0.371653
-24.603426 45.992925 -0.121848
-24.517978 45.775681 0.184510
-24.273022 42.465475 2.422503
-24.397879 45.645951 0.526446
-24.251287 45.612300 0.880930
-24.087996 45.677096 1.223515
-23.712043 42.994113 3.445873
-23.919542 45.835924 1.531125
-23.756951 46.077990 1.782618
-23.611620 46.386642 1.960906
-23.493338 46.741217 2.053843
-23.171366 43.799515 4.282814
-23.410237 47.117119 2.055105
-23.367744 47.488915 1.964663
-24.305301 51.119638 -2.028892
-24.607193 46.996574 -0.638292
-24.524006 47.372533 -0.636862
-24.405724 47.727109 -0.543925
-23.744323 51.648275 -1.005522
-24.260245 48.035839 -0.365740
-24.097802 48.277827 -0.114145
-23.929200 48.436733 0.193363
-23.766058 48.501450 0.536050
-23.201367 51.863783 0.134739
-23.619317 48.467878 0.890432
-23.499366 48.338070 1.232470
-23.413919 48.120826 1.538828
-22.713312 51.751833 1.314038
-23.369006 47.831217 1.788466
-22.687532 44.826907 4.876141
-22.313690 51.319964 2.452219
-22.293863 46.006198 5.185450
-22.029513 50.597598 3.471438
-22.017061 47.257201 5.189602
-21.880226 49.633814 4.302389
-21.875920 48.494530 4.888529
-38.389089 62.049576 1.557598
-24.961321 75.157032 5.575645
-27.710268 67.184243 -5.054768
-35.640473 70.022400 12.187937
-35.640473 70.022400 12.187937
-38.389089 62.049576 1.557598
-24.961321 75.157032 5.575645
-27.710268 67.184243 -5.054768
-40.196968 59.093606 2.233630
-36.810727 68.915213 15.329167
-36.810727 68.915213 15.329167
-40.196968 59.093606 2.233630
-35.335535 70.134745 15.995974
-22.180470 76.460102 7.850350
-35.335535 70.134745 15.995974
-22.180470 76.460102 7.850350
-21.098199 76.091811 5.883763
-24.484355 66.270260 -7.211606
-21.098199 76.091811 5.883763
-24.484355 66.270260 -7.211606
-39.423273 58.770653 0.569602
-26.268209 65.096009 -7.576021
-39.423273 58.770653 0.569602
-26.268209 65.096009 -7.576021
-36.688357 69.727791 16.650924
-36.688357 69.727791 16.650924
-40.580067 58.478904 1.137557
-40.580067 58.478904 1.137557
-40.973024 54.652384 5.765323
-37.586964 64.474106 18.860683
-37.586964 64.474106 18.860683
-40.973024 54.652384 5.765323
-32.332537 69.603063 20.432866
-19.177387 75.928477 12.287411
-32.332537 69.603063 20.432866
-19.177387 75.928477 12.287411
-20.914641 77.263602 7.090008
-20.914641 77.263602 7.090008
-16.074214 74.817928 5.540198
-19.460456 64.996320 -7.555339
-16.074214 74.817928 5.540198
-19.460456 64.996320 -7.555339
-25.340197 65.753935 -8.309278
-25.340197 65.753935 -8.309278
-37.869850 53.541835 -0.981889
-24.714786 59.867191 -9.127513
-37.869850 53.541835 -0.981889
-24.714786 59.867191 -9.127513
-37.085969 67.799512 24.270017
-37.085969 67.799512 24.270017
-43.021698 50.582701 1.314350
-43.021698 50.582701 1.314350
-14.025774 78.887476 9.991106
-14.025774 78.887476 9.991106
-19.961418 61.670721 -12.964394
-19.961418 61.670721 -12.964394
-32.085917 54.313280 5.729876
-21.406861 59.448083 -0.882426
-29.337067 62.286240 16.360280
-18.658149 67.420736 9.747923
-21.406861 59.448083 -0.882426
-29.337067 62.286240 16.360280
-18.658149 67.420736 9.747923
-32.085917 54.313280 5.729876
-35.433780 53.247751 5.386475
-32.047720 63.069472 18.481835
-32.047720 63.069472 18.481835
-35.433780 53.247751 5.386475
-30.857840 64.638972 18.960031
-17.702530 70.964236 10.814315
-30.857840 64.638972 18.960031
-17.702530 70.964236 10.814315
-16.778189 70.789670 8.743456
-20.164431 60.968063 -4.352081
-16.778189 70.789670 8.743456
-20.164431 60.968063 -4.352081
-34.706888 52.981886 3.691595
-21.551738 59.307300 -4.453861
-34.706888 52.981886 3.691595
-21.551738 59.307300 -4.453861
-31.925351 63.882050 19.803591
-31.925351 63.882050 19.803591
-35.576378 52.337757 4.449590
-35.576378 52.337757 4.449590
-37.586964 64.474106 18.860683
-40.973024 54.652384 5.765323
-40.973024 54.652384 5.765323
-37.586964 64.474106 18.860683
-32.332537 69.603063 20.432866
-19.177387 75.928477 12.287411
-32.332537 69.603063 20.432866
-19.177387 75.928477 12.287411
-16.284936 71.581188 10.154765
-16.284936 71.581188 10.154765
-16.074214 74.817928 5.540198
-19.460456 64.996320 -7.555339
-16.074214 74.817928 5.540198
-19.460456 64.996320 -7.555339
-20.375774 59.660834 -5.023291
-20.375774 59.660834 -5.023291
-24.714786 59.867191 -9.127513
-37.869850 53.541835 -0.981889
-24.714786 59.867191 -9.127513
-37.869850 53.541835 -0.981889
-37.085969 67.799512 24.270017
-37.085969 67.799512 24.270017
-43.021698 50.582701 1.314350
-43.021698 50.582701 1.314350
-14.025774 78.887476 9.991106
-14.025774 78.887476 9.991106
-19.961418 61.670721 -12.964394
-19.961418 61.670721 -12.964394
3 0 1 2
3 1 0 3
3 8 9 10
3 9 8 11
3 16 17 18
3 17 16 19
3 19 16 20
3 19 20 21
3 19 21 22
3 30 31 32
3 31 30 33
3 33 30 34
3 34 30 35
3 35 30 36
3 44 45 46
3 45 44 47
3 52 53 54
3 55 56 57
3 56 55 58
3 56 58 59
3 59 58 53
3 59 53 52
3 68 69 70
3 69 68 71
3 76 77 78
3 77 76 79
3 77 79 80
3 80 79 81
3 81 79 82
3 82 79 83
3 83 79 84
3 84 79 85
3 85 79 86
3 86 79 87
3 87 79 88
3 88 79 89
3 89 79 90
3 90 79 91
3 91 79 92
3 93 94 95
3 94 93 96
3 96 93 97
3 96 97 80
3 80 97 77
3 120 121 122
3 121 120 123
3 123 120 124
3 124 120 125
3 125 120 126
3 122 127 128
3 127 122 121
3 138 139 140
3 141 142 143
3 142 141 144
3 142 144 145
3 143 142 139
3 143 139 138
3 143 138 146
3 156 157 158
3 157 156 159
3 157 159 160
3 157 160 161
3 157 161 162
3 157 162 163
3 157 163 164
3 157 164 165
3 157 165 166
3 157 166 167
3 157 167 168
3 157 168 169
3 184 185 186
3 185 184 187
3 192 193 194
3 193 192 195
3 143 200 141
3 200 143 201
3 186 204 205
3 204 186 185
3 201 208 200
3 208 201 209
3 212 208 209
3 208 212 213
3 216 213 212
3 213 216 217
3 220 217 216
3 217 220 221
3 224 221 220
3 221 224 225
3 228 225 224
3 225 228 229
3 232 229 228
3 229 232 233
3 236 233 232
3 233 236 237
3 240 237 236
3 237 240 241
3 205 241 240
3 241 205 204
3 244 245 246
3 245 244 247
3 247 244 248
3 248 244 249
3 249 244 250
3 250 244 251
3 251 244 252
3 252 244 253
3 253 244 254
3 254 244 255
3 255 244 256
3 256 244 257
3 4 5 6
3 7 6 5
3 12 13 14
3 15 14 13
3 23 24 25
3 24 26 25
3 26 27 25
3 25 27 28
3 29 28 27
3 37 38 39
3 39 38 40
3 40 38 41
3 41 38 42
3 43 42 38
3 48 49 50
3 51 50 49
3 60 61 62
3 61 63 62
3 62 63 64
3 63 65 64
3 66 64 65
3 67 61 60
3 72 73 74
3 75 74 73
3 98 99 100
3 100 99 101
3 99 102 101
3 101 102 103
3 104 103 102
3 105 106 107
3 107 106 108
3 108 106 109
3 109 106 110
3 110 106 111
3 111 106 112
3 112 106 113
3 113 106 114
3 114 106 115
3 115 106 116
3 116 106 117
3 117 106 100
3 100 106 98
3 106 118 98
3 119 98 118
3 129 130 131
3 132 131 130
3 133 134 135
3 135 134 136
3 136 134 137
3 137 134 129
3 130 129 134
3 147 148 149
3 148 150 149
3 150 151 149
3 152 153 151
3 153 154 151
3 149 151 154
3 155 150 148
3 170 171 172
3 171 173 172
3 173 174 172
3 174 175 172
3 175 176 172
3 176 177 172
3 177 178 172
3 178 179 172
3 179 180 172
3 180 181 172
3 181 182 172
3 183 172 182
3 188 189 190
3 191 190 189
3 196 197 198
3 199 198 197
3 202 149 203
3 154 203 149
3 190 191 206
3 207 206 191
3 210 202 211
3 203 211 202
3 214 215 211
3 210 211 215
3 218 219 214
3 215 214 219
3 222 223 218
3 219 218 223
3 226 227 222
3 223 222 227
3 230 231 226
3 227 226 231
3 234 235 230
3 231 230 235
3 238 239 234
3 235 234 239
3 242 243 238
3 239 238 243
3 206 207 242
3 243 242 207
3 258 259 260
3 260 259 261
3 261 259 262
3 262 259 263
3 263 259 264
3 264 259 265
3 265 259 266
3 266 259 267
3 267 259 268
3 268 259 269
3 269 259 270
3 271 270 259
3 272 273 274
3 273 272 275
3 275 272 276
3 276 272 277
3 277 272 278
3 278 272 279
3 279 272 280
3 280 272 281
3 281 272 282
3 282 272 283
3 283 272 284
3 284 272 285
3 285 272 286
3 286 272 287
3 288 289 290
3 289 288 291
3 291 288 292
3 291 292 275
3 275 292 293
3 275 293 273
3 294 295 296
3 295 297 296
3 296 297 298
3 297 299 298
3 298 299 300
3 301 300 299
3 302 303 304
3 304 303 305
3 305 303 306
3 306 303 307
3 307 303 308
3 308 303 309
3 309 303 310
3 310 303 311
3 311 303 312
3 312 303 313
3 313 303 314
3 314 303 296
3 296 303 294
3 315 294 303
3 316 317 318
3 317 316 319
3 319 316 320
3 319 320 321
3 328 329 330
3 334 335 336
3 335 334 337
3 337 334 338
3 338 334 339
3 336 340 341
3 340 336 335
3 350 351 352
3 351 350 353
3 358 359 360
3 364 365 366
3 365 364 367
3 372 373 374
3 373 372 375
3 380 381 382
3 381 380 383
3 388 389 390
3 389 388 391
3 389 391 392
3 389 392 393
3 400 401 402
3 401 400 403
3 408 409 410
3 409 408 411
3 416 417 418
3 417 416 419
3 424 425 426
3 425 424 427
3 432 433 434
3 433 432 435
3 440 427 424
3 427 440 441
3 322 323 324
3 323 325 324
3 324 325 326
3 327 326 325
3 331 332 333
3 342 343 344
3 345 344 343
3 346 347 348
3 348 347 349
3 349 347 342
3 343 342 347
3 354 355 356
3 357 356 355
3 361 362 363
3 368 369 370
3 371 370 369
3 376 377 378
3 379 378 377
3 384 385 386
3 387 386 385
3 394 395 396
3 395 397 396
3 397 398 396
3 399 396 398
3 404 405 406
3 407 406 405
3 412 413 414
3 415 414 413
3 420 421 422
3 423 422 421
3 428 429 430
3 431 430 429
3 436 437 438
3 439 438 437
3 442 443 428
3 429 428 443
3 444 445 446
3 445 444 447
3 448 449 450
3 451 450 449
3 444 452 453
3 452 444 446
3 451 449 454
3 455 454 449
3 456 447 444
3 447 456 457
3 458 459 448
3 449 448 459
3 460 447 461
3 447 460 445
3 450 462 448
3 463 448 462
3 446 464 465
3 464 446 445
3 450 451 466
3 467 466 451
3 452 461 453
3 461 452 460
3 462 454 463
3 455 463 454
3 456 453 468
3 453 456 444
3 449 459 455
3 469 455 459
3 446 470 452
3 470 446 465
3 467 451 471
3 454 471 451
3 472 457 456
3 457 472 473
3 474 475 458
3 459 458 475
3 461 457 476
3 457 461 447
3 448 463 458
3 477 458 463
3 478 445 460
3 445 478 464
3 466 479 450
3 462 450 479
3 465 478 470
3 478 465 464
3 466 467 479
3 471 479 467
3 453 476 468
3 476 453 461
3 463 455 477
3 469 477 455
3 470 460 452
3 460 470 478
3 479 471 462
3 454 462 471
3 472 468 480
3 468 472 456
3 459 475 469
3 481 469 475
3 482 473 472
3 473 482 483
3 484 485 474
3 475 474 485
3 476 473 486
3 473 476 457
3 458 477 474
3 487 474 477
3 468 486 480
3 486 468 476
3 477 469 487
3 481 487 469
3 482 480 488
3 480 482 472
3 475 485 481
3 489 481 485
3 490 483 482
3 483 490 491
3 492 493 484
3 485 484 493
3 486 483 494
3 483 486 473
3 474 487 484
3 495 484 487
3 480 494 488
3 494 480 486
3 487 481 495
3 489 495 481
3 490 488 496
3 488 490 482
3 485 493 489
3 497 489 493
3 498 490 499
3 490 498 491
3 492 500 493
3 501 493 500
3 494 491 502
3 491 494 483
3 484 495 492
3 503 492 495
3 488 502 496
3 502 488 494
3 495 489 503
3 497 503 489
3 490 504 499
3 504 490 496
3 497 493 505
3 501 505 493
3 506 499 507
3 499 506 498
3 500 508 501
3 509 501 508
3 502 498 510
3 498 502 491
3 492 503 500
3 511 500 503
3 496 510 504
3 510 496 502
3 503 497 511
3 505 511 497
3 499 512 507
3 512 499 504
3 505 501 513
3 509 513 501
3 514 507 515
3 507 514 506
3 508 516 509
3 517 509 516
3 510 506 518
3 506 510 498
3 500 511 508
3 519 508 511
3 504 518 512
3 518 504 510
3 511 505 519
3 513 519 505
3 507 520 515
3 520 507 512
3 513 509 521
3 517 521 509
3 522 515 523
3 515 522 514
3 516 524 517
3 525 517 524
3 518 514 526
3 514 518 506
3 508 519 516
3 527 516 519
3 512 526 520
3 526 512 518
3 519 513 527
3 521 527 513
3 515 528 523
3 528 515 520
3 521 517 529
3 525 529 517
3 530 523 531
3 523 530 522
3 524 532 525
3 533 525 532
3 526 522 534
3 522 526 514
3 516 527 524
3 535 524 527
3 520 534 528
3 534 520 526
3 527 521 535
3 529 535 521
3 523 536 531
3 536 523 528
3 529 525 537
3 533 537 525
3 538 531 539
3 531 538 530
3 532 540 533
3 541 533 540
3 534 530 542
3 530 534 522
3 524 535 532
3 543 532 535
3 528 542 536
3 542 528 534
3 535 529 543
3 537 543 529
3 531 544 539
3 544 531 536
3 537 533 545
3 541 545 533
3 546 539 547
3 539 546 538
3 538 546 548
3 549 550 540
3 540 550 541
3 551 541 550
3 542 538 552
3 538 542 530
3 532 543 540
3 553 540 543
3 536 552 544
3 552 536 542
3 543 537 553
3 545 553 537
3 539 554 547
3 554 539 544
3 545 541 555
3 551 555 541
3 552 554 544
3 554 552 556
3 556 552 557
3 558 553 559
3 559 553 555
3 545 555 553
3 560 561 562
3 561 560 563
3 568 563 560
3 563 568 569
3 572 573 574
3 573 572 575
3 562 580 581
3 580 562 561
3 584 585 586
3 585 587 588
3 587 585 589
3 589 585 584
3 589 584 590
3 584 591 592
3 593 592 594
3 592 593 595
3 592 595 584
3 584 595 596
3 584 596 590
3 596 595 597
3 598 599 596
3 599 598 600
3 590 599 601
3 599 590 596
3 620 569 568
3 569 620 621
3 624 575 572
3 575 624 625
3 574 628 629
3 628 574 573
3 632 633 634
3 633 632 635
3 581 640 641
3 640 581 580
3 644 645 646
3 645 644 647
3 644 652 653
3 652 644 646
3 656 657 658
3 657 656 659
3 659 656 660
3 659 660 661
3 659 661 662
3 659 662 663
3 663 664 665
3 664 663 666
3 666 663 667
3 667 663 668
3 668 663 669
3 669 663 662
3 669 662 670
3 669 670 671
3 671 670 672
3 672 670 673
3 672 673 674
3 674 673 675
3 674 675 676
3 674 676 677
3 677 676 678
3 677 678 679
3 679 678 680
3 679 680 681
3 681 680 682
3 710 711 712
3 711 710 713
3 718 713 710
3 713 718 719
3 722 719 718
3 719 722 723
3 726 723 722
3 723 726 727
3 730 727 726
3 727 730 731
3 734 731 730
3 731 734 735
3 738 739 735
3 739 738 740
3 744 745 739
3 745 744 746
3 750 751 752
3 751 750 753
3 753 750 754
3 753 754 755
3 753 755 756
3 753 756 757
3 757 756 758
3 758 756 759
3 759 756 760
3 759 760 761
3 759 761 762
3 762 761 763
3 762 763 764
3 764 763 765
3 764 765 766
3 766 765 767
3 766 767 768
3 768 767 769
3 768 769 770
3 770 769 771
3 757 772 773
3 772 757 774
3 774 757 775
3 775 757 776
3 776 757 758
3 641 645 647
3 645 641 640
3 621 625 624
3 625 621 804
3 806 632 634
3 632 806 807
3 629 810 811
3 810 629 628
3 635 814 633
3 814 635 815
3 818 635 632
3 820 821 822
3 821 820 823
3 822 828 829
3 828 822 821
3 832 833 834
3 833 832 657
3 657 832 835
3 657 835 836
3 657 836 837
3 657 837 838
3 658 846 656
3 656 848 660
3 850 661 660
3 852 662 661
3 662 854 670
3 670 856 673
3 673 858 675
3 675 860 676
3 676 862 678
3 678 864 680
3 864 678 865
3 865 678 862
3 865 862 866
3 865 866 867
3 865 867 868
3 865 868 869
3 865 869 870
3 865 870 871
3 680 880 682
3 880 680 864
3 682 882 681
3 882 682 880
3 681 884 679
3 884 681 885
3 885 681 886
3 886 681 887
3 887 681 888
3 888 681 889
3 889 681 890
3 890 681 891
3 891 681 882
3 679 900 677
3 900 679 884
3 677 902 674
3 902 677 900
3 674 904 672
3 904 674 902
3 672 906 671
3 906 672 904
3 906 669 671
3 669 906 908
3 908 668 669
3 668 908 910
3 910 667 668
3 667 910 912
3 667 914 666
3 914 667 912
3 666 916 664
3 916 666 914
3 665 918 919
3 918 665 920
3 920 665 921
3 921 665 922
3 922 665 923
3 923 665 924
3 932 933 934
3 933 932 935
3 940 935 932
3 935 940 941
3 944 941 940
3 941 944 945
3 948 945 944
3 945 948 949
3 952 949 948
3 949 952 953
3 956 953 952
3 953 956 957
3 738 735 734
3 960 961 962
3 744 739 740
3 966 967 968
3 972 973 974
3 973 972 975
3 975 972 976
3 975 976 977
3 975 977 978
3 975 978 979
3 988 989 990
3 989 988 991
3 996 991 988
3 991 996 997
3 1000 996 1001
3 996 1000 997
3 1004 1001 1005
3 1001 1004 1000
3 1008 1005 1009
3 1005 1008 1004
3 1012 1008 1009
3 1008 1012 1013
3 1016 1013 1012
3 1013 1016 1017
3 1020 1017 1016
3 1017 1020 1021
3 890 1021 1020
3 1021 890 891
3 1024 865 871
3 865 1024 1025
3 1028 1025 1024
3 1025 1028 1029
3 1032 1029 1028
3 1029 1032 1033
3 1036 1033 1032
3 1033 1036 1037
3 1040 1037 1036
3 1037 1040 1041
3 1044 1040 1045
3 1040 1044 1041
3 1048 1045 1049
3 1045 1048 1044
3 1052 1048 1049
3 1048 1052 1053
3 1056 1053 1052
3 1053 1056 1057
3 1060 1061 1062
3 1061 1060 1063
3 1063 1060 1064
3 1064 1060 1065
3 1065 1060 1066
3 1066 1060 1067
3 811 823 820
3 823 811 810
3 1076 806 1077
3 806 1076 807
3 1080 632 807
3 814 1082 1083
3 1082 814 815
3 1086 815 635
3 815 1086 1087
3 1080 818 632
3 1086 635 818
3 1090 1091 1092
3 1091 1090 1093
3 1091 833 1092
3 833 1091 834
3 837 836 1098
3 1100 837 1101
3 837 1100 838
3 832 834 1104
3 835 832 1106
3 836 835 1098
3 656 1108 848
3 1108 656 846
3 850 660 848
3 852 661 850
3 854 662 852
3 856 670 854
3 856 1110 673
3 673 1110 858
3 675 858 860
3 676 860 862
3 1112 870 869
3 1114 871 870
3 860 866 862
3 1116 867 866
3 1118 868 867
3 1120 869 868
3 869 1120 1112
3 890 1020 889
3 889 1122 888
3 888 1124 887
3 887 1126 886
3 886 1128 885
3 885 1130 884
3 884 1130 900
3 900 1132 902
3 1132 904 902
3 1134 906 904
3 1136 908 906
3 1138 910 908
3 1140 912 910
3 1142 914 912
3 914 1144 916
3 1144 914 1145
3 924 1148 923
3 1148 924 1149
3 1152 923 1148
3 923 1152 922
3 1154 922 1152
3 922 1154 921
3 1156 921 1154
3 921 1156 920
3 1158 920 1156
3 920 1158 918
3 1160 918 1158
3 918 1160 919
3 1162 1160 1158
3 1160 1162 1163
3 1166 1162 1167
3 1162 1166 1163
3 1170 1166 1167
3 1166 1170 1171
3 1174 1170 1175
3 1170 1174 1171
3 962 957 956
3 957 962 961
3 1178 1174 1175
3 1174 1178 1179
3 968 960 962
3 960 968 967
3 1182 1183 1184
3 1183 1182 1185
3 1190 1184 1183
3 1184 1190 1191
3 1194 1195 1196
3 1195 1194 1197
3 1195 1202 1196
3 1202 1204 1205
3 1204 1202 1206
3 1205 1185 1182
3 1185 1205 1204
3 988 990 1210
3 996 988 1212
3 996 1214 1001
3 1001 1216 1005
3 1005 1218 1009
3 1012 1009 1220
3 1016 1012 1222
3 1122 1020 1016
3 1024 871 1114
3 1028 1024 1224
3 1032 1028 1226
3 1036 1032 1226
3 1040 1036 1228
3 1040 1230 1045
3 1045 1232 1049
3 1052 1049 1234
3 1236 1052 1237
3 1052 1236 1056
3 1240 1241 1242
3 1241 1240 1243
3 1243 1248 1249
3 1248 1243 1240
3 1249 1252 1253
3 1252 1249 1248
3 1253 1080 1256
3 1080 1253 1252
3 1256 807 1076
3 807 1256 1080
3 1082 1090 1083
3 1090 1082 1093
3 1087 1082 815
3 1258 1087 1086
3 1087 1258 1259
3 1252 818 1080
3 1262 1086 818
3 1264 1091 1093
3 1104 834 1091
3 837 1098 1101
3 1100 1101 1266
3 1106 832 1104
3 835 1106 1098
3 848 1108 1268
3 850 848 1270
3 852 850 1272
3 854 852 1274
3 856 854 1276
3 1278 1110 856
3 1110 1280 858
3 858 1116 860
3 1112 1114 870
3 1116 866 860
3 1116 1118 867
3 1120 868 1118
3 1282 1112 1120
3 1112 1282 1283
3 889 1020 1122
3 888 1122 1124
3 887 1124 1126
3 886 1126 1128
3 885 1128 1130
3 1130 1132 900
3 1132 1134 904
3 1134 1136 906
3 1138 908 1136
3 1140 910 1138
3 1142 912 1140
3 1145 914 1142
3 1145 1286 1144
3 1288 1148 1149
3 1152 1148 1290
3 1292 1154 1152
3 1294 1156 1154
3 1162 1158 1156
3 1162 1294 1167
3 1170 1167 1296
3 1170 1298 1175
3 1197 1178 1195
3 1178 1197 1179
3 1178 1175 1300
3 1302 1183 1185
3 1304 1190 1183
3 1190 1304 1305
3 1195 1206 1202
3 1206 1308 1204
3 1302 1185 1204
3 1310 988 1210
3 988 1310 1212
3 996 1212 1214
3 1001 1214 1216
3 1005 1216 1218
3 1009 1218 1220
3 1222 1012 1220
3 1312 1016 1222
3 1122 1016 1312
3 1224 1024 1114
3 1226 1028 1224
3 1036 1226 1228
3 1040 1228 1230
3 1045 1230 1232
3 1049 1232 1234
3 1052 1234 1237
3 1236 1237 1314
3 1240 1242 1316
3 1240 1318 1248
3 1248 1262 1252
3 1320 1093 1082
3 1087 1320 1082
3 1322 1259 1258
3 1259 1322 1323
3 1259 1320 1087
3 1258 1086 1262
3 1252 1262 818
3 1264 1093 1320
3 1264 1104 1091
3 1101 1098 1326
3 1328 1101 1329
3 1101 1328 1266
3 1332 1106 1104
3 1326 1098 1106
3 1270 1268 1334
3 1268 1270 848
3 850 1270 1272
3 852 1272 1274
3 854 1274 1276
3 1276 1278 856
3 1278 1336 1110
3 1336 1280 1110
3 1280 1116 858
3 1283 1114 1112
3 1280 1118 1116
3 1338 1120 1118
3 1282 1120 1338
3 1340 1283 1282
3 1283 1340 1341
3 1122 1312 1124
3 1126 1124 1344
3 1126 1346 1128
3 1130 1128 1348
3 1130 1348 1132
3 1132 1348 1134
3 1134 1350 1136
3 1352 1138 1136
3 1354 1140 1138
3 1356 1142 1140
3 1358 1145 1142
3 1286 1360 1361
3 1360 1286 1145
3 1288 1290 1148
3 1290 1288 1364
3 1366 1152 1290
3 1292 1152 1366
3 1294 1154 1292
3 1162 1156 1294
3 1167 1294 1296
3 1170 1296 1298
3 1175 1298 1300
3 1178 1368 1195
3 1178 1300 1368
3 1183 1302 1304
3 1370 1305 1304
3 1195 1368 1206
3 1368 1308 1206
3 1308 1302 1204
3 1212 1310 1372
3 1212 1374 1214
3 1214 1376 1216
3 1216 1378 1218
3 1218 1380 1220
3 1222 1220 1382
3 1312 1222 1384
3 1283 1224 1114
3 1341 1226 1224
3 1228 1226 1341
3 1230 1228 1386
3 1230 1388 1232
3 1232 1390 1234
3 1234 1392 1237
3 1394 1314 1237
3 1314 1394 1395
3 1318 1316 1398
3 1316 1318 1240
3 1318 1400 1248
3 1248 1400 1262
3 1402 1323 1322
3 1323 1402 1403
3 1323 1406 1259
3 1322 1258 1400
3 1259 1406 1320
3 1400 1258 1262
3 1406 1264 1320
3 1332 1104 1264
3 1329 1101 1326
3 1328 1329 1408
3 1326 1106 1332
3 1334 1410 1270
3 1270 1412 1272
3 1414 1274 1272
3 1416 1276 1274
3 1276 1418 1278
3 1278 1420 1336
3 1336 1338 1280
3 1280 1338 1118
3 1422 1282 1338
3 1340 1282 1422
3 1424 1341 1340
3 1341 1424 1386
3 1341 1224 1283
3 1124 1312 1344
3 1126 1344 1346
3 1128 1346 1348
3 1348 1350 1134
3 1350 1352 1136
3 1354 1138 1352
3 1356 1140 1354
3 1358 1142 1356
3 1358 1360 1145
3 1360 1426 1361
3 1364 1428 1290
3 1366 1290 1430
3 1292 1366 1432
3 1294 1292 1296
3 1298 1296 1432
3 1298 1434 1300
3 1368 1300 1436
3 1302 1438 1304
3 1440 1304 1441
3 1304 1440 1370
3 1368 1436 1308
3 1308 1438 1302
3 1374 1372 1444
3 1372 1374 1212
3 1214 1374 1376
3 1216 1376 1378
3 1218 1378 1380
3 1220 1380 1382
3 1222 1382 1384
3 1312 1384 1344
3 1386 1228 1341
3 1388 1230 1386
3 1232 1388 1390
3 1234 1390 1392
3 1394 1237 1392
3 1446 1395 1394
3 1318 1398 1448
3 1402 1400 1318
3 1402 1322 1400
3 1403 1450 1451
3 1450 1403 1402
3 1403 1454 1323
3 1323 1456 1406
3 1332 1264 1406
3 1329 1326 1456
3 1408 1454 1458
3 1454 1408 1329
3 1326 1332 1456
3 1270 1460 1412
3 1460 1270 1410
3 1414 1272 1412
3 1416 1274 1414
3 1418 1276 1416
3 1418 1420 1278
3 1420 1422 1336
3 1336 1422 1338
3 1424 1340 1422
3 1462 1386 1424
3 1386 1462 1388
3 1346 1344 1464
3 1346 1350 1348
3 1464 1352 1350
3 1466 1354 1352
3 1468 1356 1354
3 1470 1358 1356
3 1472 1360 1358
3 1360 1474 1426
3 1474 1360 1475
3 1290 1478 1430
3 1478 1290 1428
3 1366 1430 1480
3 1432 1366 1480
3 1296 1292 1432
3 1298 1432 1434
3 1434 1436 1300
3 1304 1438 1441
3 1440 1441 1482
3 1308 1436 1438
3 1484 1374 1444
3 1475 1376 1374
3 1376 1472 1378
3 1378 1470 1380
3 1380 1468 1382
3 1384 1382 1466
3 1344 1384 1464
3 1390 1462 1486
3 1462 1390 1388
3 1392 1486 1488
3 1486 1392 1390
3 1490 1392 1488
3 1392 1490 1394
3 1492 1394 1490
3 1394 1492 1446
3 1450 1318 1448
3 1318 1450 1402
3 1403 1451 1494
3 1454 1494 1496
3 1494 1454 1403
3 1454 1456 1323
3 1456 1332 1406
3 1329 1456 1454
3 1454 1496 1458
3 1498 1412 1460
3 1490 1414 1412
3 1488 1416 1414
3 1486 1418 1416
3 1462 1420 1418
3 1424 1422 1420
3 1462 1424 1420
3 1346 1464 1350
3 1466 1352 1464
3 1468 1354 1466
3 1470 1356 1468
3 1472 1358 1470
3 1475 1360 1472
3 1475 1500 1474
3 1502 1430 1478
3 1504 1480 1430
3 1434 1432 1480
3 1434 1506 1436
3 1506 1441 1438
3 1504 1482 1441
3 1482 1504 1508
3 1506 1438 1436
3 1484 1475 1374
3 1475 1484 1500
3 1376 1475 1472
3 1378 1472 1470
3 1380 1470 1468
3 1382 1468 1466
3 1384 1466 1464
3 1462 1418 1486
3 1486 1416 1488
3 1490 1488 1414
3 1498 1490 1412
3 1490 1498 1492
3 1502 1504 1430
3 1504 1502 1510
3 1506 1480 1504
3 1434 1480 1506
3 1441 1506 1504
3 1510 1508 1504
3 564 565 566
3 567 566 565
3 570 571 564
3 565 564 571
3 576 577 578
3 579 578 577
3 566 567 582
3 583 582 567
3 602 603 604
3 605 604 603
3 606 607 604
3 602 604 607
3 608 609 602
3 603 602 610
3 602 609 610
3 610 609 611
3 609 612 611
3 613 611 612
3 611 614 610
3 603 610 615
3 610 616 615
3 615 616 617
3 618 617 616
3 619 616 610
3 622 623 570
3 571 570 623
3 626 627 576
3 577 576 627
3 578 579 630
3 631 630 579
3 636 637 638
3 639 638 637
3 582 583 642
3 643 642 583
3 648 649 650
3 651 650 649
3 651 649 654
3 655 654 649
3 683 684 685
3 685 684 686
3 684 687 686
3 686 687 688
3 687 689 688
3 688 689 690
3 689 691 690
3 691 692 690
3 690 692 693
3 692 694 693
3 693 694 695
3 695 694 696
3 694 697 696
3 697 698 696
3 696 698 699
3 699 698 700
3 700 698 701
3 701 698 702
3 703 702 698
3 698 697 704
3 697 705 704
3 705 706 704
3 706 707 704
3 704 707 708
3 709 708 707
3 714 715 716
3 717 716 715
3 720 721 714
3 715 714 721
3 724 725 720
3 721 720 725
3 728 729 724
3 725 724 729
3 732 733 728
3 729 728 733
3 736 737 732
3 733 732 737
3 741 742 743
3 736 743 742
3 747 748 749
3 743 749 748
3 777 778 779
3 779 778 780
3 780 778 781
3 781 778 782
3 783 782 778
3 784 785 786
3 786 785 787
3 785 788 787
3 787 788 789
3 788 790 789
3 789 790 791
3 790 792 791
3 791 792 793
3 792 794 793
3 793 794 795
3 794 796 795
3 796 797 795
3 795 797 777
3 777 797 778
3 778 797 798
3 797 799 798
3 799 800 798
3 800 801 798
3 798 801 802
3 803 802 801
3 642 643 650
3 648 650 643
3 805 622 626
3 627 626 622
3 808 809 637
3 639 637 809
3 630 631 812
3 813 812 631
3 816 636 817
3 638 817 636
3 637 636 819
3 824 825 826
3 827 826 825
3 826 827 830
3 831 830 827
3 839 840 708
3 840 841 708
3 841 842 708
3 842 843 708
3 708 843 844
3 845 844 843
3 707 847 709
3 706 849 707
3 706 705 851
3 705 697 853
3 694 855 697
3 692 857 694
3 691 859 692
3 689 861 691
3 687 863 689
3 872 873 874
3 873 875 874
3 875 876 874
3 876 877 874
3 877 878 874
3 878 863 874
3 863 687 874
3 874 687 879
3 684 879 687
3 879 684 881
3 683 881 684
3 881 683 883
3 685 883 683
3 883 685 892
3 892 685 893
3 893 685 894
3 894 685 895
3 895 685 896
3 896 685 897
3 897 685 898
3 898 685 899
3 686 899 685
3 899 686 901
3 688 901 686
3 901 688 903
3 690 903 688
3 903 690 905
3 693 905 690
3 905 693 907
3 695 907 693
3 909 907 696
3 695 696 907
3 911 909 699
3 696 699 909
3 913 911 700
3 699 700 911
3 913 700 915
3 701 915 700
3 915 701 917
3 702 917 701
3 925 703 926
3 926 703 927
3 927 703 928
3 928 703 929
3 929 703 930
3 931 930 703
3 936 937 938
3 939 938 937
3 942 943 936
3 937 936 943
3 946 947 942
3 943 942 947
3 950 951 946
3 947 946 951
3 954 955 950
3 951 950 955
3 958 959 954
3 955 954 959
3 737 736 742
3 963 964 965
3 741 743 748
3 969 970 971
3 980 981 982
3 981 983 982
3 983 984 982
3 984 985 982
3 982 985 986
3 987 986 985
3 992 993 994
3 995 994 993
3 998 999 992
3 993 992 999
3 998 1002 999
3 1003 999 1002
3 1002 1006 1003
3 1007 1003 1006
3 1006 1010 1007
3 1011 1007 1010
3 1014 1015 1010
3 1011 1010 1015
3 1018 1019 1014
3 1015 1014 1019
3 1022 1023 1018
3 1019 1018 1023
3 892 893 1022
3 1023 1022 893
3 1026 1027 874
3 872 874 1027
3 1030 1031 1026
3 1027 1026 1031
3 1034 1035 1030
3 1031 1030 1035
3 1038 1039 1034
3 1035 1034 1039
3 1042 1043 1038
3 1039 1038 1043
3 1042 1046 1043
3 1047 1043 1046
3 1046 1050 1047
3 1051 1047 1050
3 1054 1055 1050
3 1051 1050 1055
3 1058 1059 1054
3 1055 1054 1059
3 1068 1069 1070
3 1070 1069 1071
3 1071 1069 1072
3 1072 1069 1073
3 1073 1069 1074
3 1075 1074 1069
3 812 813 824
3 825 824 813
3 808 1078 809
3 1079 809 1078
3 808 637 1081
3 816 817 1084
3 1085 1084 817
3 1088 1089 816
3 636 816 1089
3 637 819 1081
3 819 636 1089
3 1094 1095 1096
3 1097 1096 1095
3 845 1096 844
3 1097 844 1096
3 1099 841 840
3 839 1102 840
3 1103 840 1102
3 1105 845 843
3 1107 843 842
3 1099 842 841
3 847 707 1109
3 849 1109 707
3 849 706 851
3 851 705 853
3 853 697 855
3 855 694 857
3 692 1111 857
3 859 1111 692
3 861 859 691
3 863 861 689
3 875 873 1113
3 873 872 1115
3 863 878 861
3 878 877 1117
3 877 876 1119
3 1113 1121 875
3 876 875 1121
3 894 1023 893
3 895 1123 894
3 896 1125 895
3 897 1127 896
3 898 1129 897
3 899 1131 898
3 901 1131 899
3 903 1133 901
3 903 905 1133
3 905 907 1135
3 907 909 1137
3 909 911 1139
3 911 913 1141
3 913 915 1143
3 1146 915 1147
3 917 1147 915
3 1150 925 1151
3 926 1151 925
3 927 1153 926
3 1151 926 1153
3 928 1155 927
3 1153 927 1155
3 929 1157 928
3 1155 928 1157
3 930 1159 929
3 1157 929 1159
3 931 1161 930
3 1159 930 1161
3 1164 1165 1161
3 1159 1161 1165
3 1164 1168 1165
3 1169 1165 1168
3 1172 1173 1168
3 1169 1168 1173
3 1172 1176 1173
3 1177 1173 1176
3 964 963 958
3 959 958 963
3 1180 1181 1176
3 1177 1176 1181
3 970 969 965
3 963 965 969
3 1186 1187 1188
3 1189 1188 1187
3 1192 1193 1189
3 1188 1189 1193
3 1198 1199 1200
3 1201 1200 1199
3 1201 1203 1200
3 1207 1203 1208
3 1209 1208 1203
3 1208 1209 1186
3 1187 1186 1209
3 1211 995 993
3 1213 993 999
3 1003 1215 999
3 1007 1217 1003
3 1011 1219 1007
3 1221 1011 1015
3 1223 1015 1019
3 1019 1023 1123
3 1115 872 1027
3 1225 1027 1031
3 1227 1031 1035
3 1227 1035 1039
3 1229 1039 1043
3 1047 1231 1043
3 1051 1233 1047
3 1235 1051 1055
3 1059 1238 1055
3 1239 1055 1238
3 1244 1245 1246
3 1247 1246 1245
3 1245 1244 1250
3 1251 1250 1244
3 1250 1251 1254
3 1255 1254 1251
3 1254 1255 1081
3 1257 1081 1255
3 1081 1257 808
3 1078 808 1257
3 1094 1084 1095
3 1085 1095 1084
3 816 1084 1088
3 1260 1261 1088
3 1089 1088 1261
3 1081 819 1254
3 819 1089 1263
3 1094 1096 1265
3 1096 845 1105
3 1103 1099 840
3 1267 1103 1102
3 1105 843 1107
3 1099 1107 842
3 1269 1109 849
3 1271 849 851
3 1273 851 853
3 1275 853 855
3 1277 855 857
3 857 1111 1279
3 859 1281 1111
3 861 1117 859
3 873 1115 1113
3 861 878 1117
3 877 1119 1117
3 1119 876 1121
3 1284 1285 1113
3 1121 1113 1285
3 1123 1023 894
3 1125 1123 895
3 1127 1125 896
3 1129 1127 897
3 1131 1129 898
3 901 1133 1131
3 905 1135 1133
3 907 1137 1135
3 1137 909 1139
3 1139 911 1141
3 1141 913 1143
3 1143 915 1146
3 1147 1287 1146
3 1150 1151 1289
3 1291 1151 1153
3 1153 1155 1293
3 1155 1157 1295
3 1157 1159 1165
3 1169 1295 1165
3 1297 1169 1173
3 1177 1299 1173
3 1180 1198 1181
3 1200 1181 1198
3 1301 1177 1181
3 1186 1188 1303
3 1306 1307 1193
3 1188 1193 1307
3 1203 1207 1200
3 1208 1309 1207
3 1208 1186 1303
3 1213 1311 993
3 1211 993 1311
3 1215 1213 999
3 1217 1215 1003
3 1219 1217 1007
3 1221 1219 1011
3 1221 1015 1223
3 1223 1019 1313
3 1313 1019 1123
3 1115 1027 1225
3 1225 1031 1227
3 1229 1227 1039
3 1231 1229 1043
3 1233 1231 1047
3 1235 1233 1051
3 1239 1235 1055
3 1315 1239 1238
3 1317 1247 1245
3 1250 1319 1245
3 1254 1263 1250
3 1084 1094 1321
3 1084 1321 1088
3 1324 1325 1260
3 1261 1260 1325
3 1088 1321 1260
3 1263 1089 1261
3 819 1263 1254
3 1321 1094 1265
3 1096 1105 1265
3 1327 1099 1103
3 1267 1330 1103
3 1331 1103 1330
3 1105 1107 1333
3 1107 1099 1327
3 849 1271 1269
3 1335 1269 1271
3 1273 1271 851
3 1275 1273 853
3 1277 1275 855
3 857 1279 1277
3 1111 1337 1279
3 1111 1281 1337
3 859 1117 1281
3 1113 1115 1284
3 1117 1119 1281
3 1119 1121 1339
3 1339 1121 1285
3 1342 1343 1284
3 1285 1284 1343
3 1125 1313 1123
3 1345 1125 1127
3 1129 1347 1127
3 1349 1129 1131
3 1133 1349 1131
3 1135 1349 1133
3 1137 1351 1135
3 1137 1139 1353
3 1139 1141 1355
3 1141 1143 1357
3 1143 1146 1359
3 1146 1287 1362
3 1363 1362 1287
3 1365 1289 1291
3 1151 1291 1289
3 1291 1153 1367
3 1367 1153 1293
3 1293 1155 1295
3 1295 1157 1165
3 1297 1295 1169
3 1299 1297 1173
3 1301 1299 1177
3 1200 1369 1181
3 1369 1301 1181
3 1307 1303 1188
3 1307 1306 1371
3 1207 1369 1200
3 1207 1309 1369
3 1208 1303 1309
3 1373 1311 1213
3 1215 1375 1213
3 1217 1377 1215
3 1219 1379 1217
3 1221 1381 1219
3 1383 1221 1223
3 1385 1223 1313
3 1115 1225 1284
3 1225 1227 1342
3 1342 1227 1229
3 1387 1229 1231
3 1233 1389 1231
3 1235 1391 1233
3 1239 1393 1235
3 1396 1397 1315
3 1239 1315 1397
3 1245 1319 1317
3 1399 1317 1319
3 1250 1401 1319
3 1263 1401 1250
3 1404 1405 1324
3 1325 1324 1405
3 1260 1407 1324
3 1401 1261 1325
3 1321 1407 1260
3 1263 1261 1401
3 1321 1265 1407
3 1265 1105 1333
3 1327 1103 1331
3 1409 1331 1330
3 1333 1107 1327
3 1271 1411 1335
3 1273 1413 1271
3 1273 1275 1415
3 1275 1277 1417
3 1279 1419 1277
3 1337 1421 1279
3 1281 1339 1337
3 1119 1339 1281
3 1339 1285 1423
3 1423 1285 1343
3 1387 1425 1342
3 1343 1342 1425
3 1284 1225 1342
3 1345 1313 1125
3 1347 1345 1127
3 1349 1347 1129
3 1135 1351 1349
3 1137 1353 1351
3 1353 1139 1355
3 1355 1141 1357
3 1357 1143 1359
3 1146 1362 1359
3 1363 1427 1362
3 1291 1429 1365
3 1431 1291 1367
3 1433 1367 1293
3 1297 1293 1295
3 1433 1297 1299
3 1301 1435 1299
3 1437 1301 1369
3 1307 1439 1303
3 1371 1442 1307
3 1443 1307 1442
3 1309 1437 1369
3 1303 1439 1309
3 1213 1375 1373
3 1445 1373 1375
3 1377 1375 1215
3 1379 1377 1217
3 1381 1379 1219
3 1383 1381 1221
3 1385 1383 1223
3 1345 1385 1313
3 1342 1229 1387
3 1387 1231 1389
3 1391 1389 1233
3 1393 1391 1235
3 1393 1239 1397
3 1397 1396 1447
3 1449 1399 1319
3 1319 1401 1405
3 1401 1325 1405
3 1405 1404 1452
3 1453 1452 1404
3 1324 1455 1404
3 1407 1457 1324
3 1407 1265 1333
3 1457 1327 1331
3 1331 1409 1455
3 1459 1455 1409
3 1457 1333 1327
3 1411 1271 1461
3 1413 1461 1271
3 1413 1273 1415
3 1415 1275 1417
3 1417 1277 1419
3 1279 1421 1419
3 1337 1423 1421
3 1339 1423 1337
3 1423 1343 1425
3 1389 1463 1387
3 1425 1387 1463
3 1465 1345 1347
3 1349 1351 1347
3 1351 1353 1465
3 1353 1355 1467
3 1355 1357 1469
3 1357 1359 1471
3 1359 1362 1473
3 1476 1362 1477
3 1427 1477 1362
3 1429 1291 1479
3 1431 1479 1291
3 1481 1431 1367
3 1481 1367 1433
3 1433 1293 1297
3 1435 1433 1299
3 1301 1437 1435
3 1443 1439 1307
3 1483 1443 1442
3 1439 1437 1309
3 1445 1375 1485
3 1375 1377 1476
3 1379 1473 1377
3 1381 1471 1379
3 1383 1469 1381
3 1467 1383 1385
3 1465 1385 1345
3 1389 1391 1463
3 1487 1463 1391
3 1391 1393 1487
3 1489 1487 1393
3 1397 1491 1393
3 1489 1393 1491
3 1447 1493 1397
3 1491 1397 1493
3 1405 1452 1319
3 1449 1319 1452
3 1495 1453 1404
3 1404 1455 1495
3 1497 1495 1455
3 1324 1457 1455
3 1407 1333 1457
3 1455 1457 1331
3 1459 1497 1455
3 1461 1413 1499
3 1413 1415 1491
3 1415 1417 1489
3 1417 1419 1487
3 1419 1421 1463
3 1421 1423 1425
3 1421 1425 1463
3 1351 1465 1347
3 1465 1353 1467
3 1467 1355 1469
3 1469 1357 1471
3 1471 1359 1473
3 1473 1362 1476
3 1477 1501 1476
3 1479 1431 1503
3 1431 1481 1505
3 1481 1433 1435
3 1437 1507 1435
3 1439 1443 1507
3 1509 1505 1483
3 1443 1483 1505
3 1437 1439 1507
3 1501 1485 1476
3 1375 1476 1485
3 1473 1476 1377
3 1471 1473 1379
3 1469 1471 1381
3 1467 1469 1383
3 1465 1467 1385
3 1487 1419 1463
3 1489 1417 1487
3 1415 1489 1491
3 1493 1499 1491
3 1413 1491 1499
3 1511 1503 1505
3 1431 1505 1503
3 1505 1481 1507
3 1507 1481 1435
3 1505 1507 1443
3 1505 1509 1511
3 1512 1513 1514
3 1513 1515 1514
3 1513 1512 1516
3 1517 1516 1512
3 1518 1512 1514
3 1515 1519 1514
3 1513 1520 1515
3 1516 1521 1513
3 1522 1513 1521
3 1517 1512 1518
3 1523 1524 1514
3 1518 1514 1524
3 1525 1514 1526
3 1519 1526 1514
3 1515 1520 1519
3 1513 1527 1520
3 1528 1520 1527
3 1513 1522 1527
3 1528 1527 1522
3 1529 1530 1531
3 1517 1518 1532
3 1533 1534 1524
3 1518 1524 1534
3 1535 1523 1536
3 1514 1536 1523
3 1537 1536 1525
3 1514 1525 1536
3 1526 1538 1539
3 1526 1519 1538
3 1540 1538 1519
3 1519 1520 1540
3 1541 1540 1520
3 1528 1542 1520
3 1543 1530 1529
3 1529 1544 1545
3 1546 1518 1534
3 1547 1548 1549
3 1547 1550 1551
3 1550 1552 1551
3 1538 1551 1552
3 1550 1539 1552
3 1538 1552 1539
3 1540 1553 1538
3 1540 1554 1553
3 1542 1541 1520
3 1553 1555 1556
3 1543 1556 1555
3 1553 1556 1529
3 1543 1529 1556
3 1557 1529 1558
3 1545 1558 1529
3 1548 1545 1549
3 1547 1551 1548
3 1538 1548 1551
3 1538 1553 1548
3 1554 1555 1553
3 1553 1529 1557
3 1545 1548 1558
3 1557 1558 1548
3 1553 1557 1548
3 1559 1560 1561
3 1559 1562 1560
3 1561 1563 1564
3 1563 1561 1560
3 1559 1561 1565
3 1559 1566 1562
3 1562 1567 1560
3 1568 1560 1569
3 1560 1568 1563
3 1565 1561 1564
3 1570 1559 1565
3 1559 1570 1571
3 1559 1572 1566
3 1572 1559 1573
3 1566 1567 1562
3 1574 1567 1575
3 1567 1574 1560
3 1569 1574 1575
3 1574 1569 1560
3 1576 1577 1578
3 1579 1565 1564
3 1580 1570 1565
3 1570 1580 1581
3 1571 1582 1559
3 1582 1571 1583
3 1582 1573 1559
3 1573 1582 1584
3 1585 1586 1572
3 1566 1586 1587
3 1586 1566 1572
3 1567 1587 1588
3 1587 1567 1566
3 1567 1589 1575
3 1578 1577 1590
3 1591 1592 1578
3 1580 1565 1593
3 1594 1595 1596
3 1597 1598 1586
3 1598 1597 1599
3 1598 1599 1596
3 1585 1597 1586
3 1597 1585 1599
3 1586 1600 1587
3 1600 1601 1587
3 1567 1588 1589
3 1602 1603 1590
3 1603 1602 1600
3 1603 1578 1590
3 1578 1603 1600
3 1578 1604 1591
3 1604 1578 1605
3 1594 1591 1595
3 1598 1595 1586
3 1595 1598 1596
3 1595 1600 1586
3 1600 1602 1601
3 1605 1578 1600
3 1595 1604 1605
3 1604 1595 1591
3 1595 1605 1600
3 1606 1607 1608
3 1607 1606 1609
3 1614 1609 1606
3 1609 1614 1615
3 1607 1618 1619
3 1618 1607 1609
3 1608 1622 1623
3 1622 1608 1607
3 1626 1608 1627
3 1608 1626 1606
3 1630 1609 1615
3 1632 1614 1606
3 1634 1615 1614
3 1615 1634 1635
3 1630 1618 1609
3 1619 1638 1639
3 1638 1619 1618
3 1607 1619 1642
3 1607 1642 1622
3 1623 1644 1645
3 1644 1623 1622
3 1608 1623 1648
3 1608 1648 1627
3 1650 1627 1651
3 1627 1650 1626
3 1632 1606 1626
3 1635 1630 1615
3 1630 1635 1654
3 1634 1632 1656
3 1632 1634 1614
3 1638 1630 1654
3 1630 1638 1618
3 1642 1639 1658
3 1639 1642 1619
3 1642 1644 1622
3 1644 1642 1658
3 1648 1645 1660
3 1645 1648 1623
3 1627 1660 1651
3 1660 1627 1648
3 1632 1650 1656
3 1650 1632 1626
3 1610 1611 1612
3 1613 1612 1611
3 1616 1617 1610
3 1611 1610 1617
3 1610 1612 1620
3 1621 1620 1612
3 1612 1613 1624
3 1625 1624 1613
3 1611 1628 1613
3 1629 1613 1628
3 1616 1610 1631
3 1611 1617 1633
3 1636 1637 1616
3 1617 1616 1637
3 1610 1620 1631
3 1620 1621 1640
3 1641 1640 1621
3 1643 1621 1612
3 1624 1643 1612
3 1624 1625 1646
3 1647 1646 1625
3 1649 1625 1613
3 1629 1649 1613
3 1628 1652 1629
3 1653 1629 1652
3 1628 1611 1633
3 1655 1636 1631
3 1616 1631 1636
3 1617 1637 1633
3 1657 1633 1637
3 1620 1640 1631
3 1655 1631 1640
3 1621 1643 1641
3 1659 1641 1643
3 1659 1643 1646
3 1624 1646 1643
3 1625 1649 1647
3 1661 1647 1649
3 1649 1629 1661
3 1653 1661 1629
3 1628 1633 1652
3 1657 1652 1633
3 1662 1663 1664
3 1665 1664 1663
3 1670 1662 1671
3 1664 1671 1662
3 1664 1665 1674
3 1675 1674 1665
3 1665 1663 1678
3 1679 1678 1663
3 1662 1682 1663
3 1683 1663 1682
3 1671 1664 1686
3 1688 1662 1670
3 1690 1691 1671
3 1670 1671 1691
3 1664 1674 1686
3 1674 1675 1694
3 1695 1694 1675
3 1698 1675 1665
3 1678 1698 1665
3 1678 1679 1700
3 1701 1700 1679
3 1704 1679 1663
3 1683 1704 1663
3 1683 1682 1706
3 1707 1706 1682
3 1682 1662 1688
3 1686 1710 1671
3 1690 1671 1710
3 1670 1691 1688
3 1712 1688 1691
3 1674 1694 1686
3 1710 1686 1694
3 1698 1714 1675
3 1695 1675 1714
3 1714 1698 1700
3 1678 1700 1698
3 1679 1704 1701
3 1716 1701 1704
3 1704 1683 1716
3 1706 1716 1683
3 1682 1688 1707
3 1712 1707 1688
3 1666 1667 1668
3 1667 1666 1669
3 1669 1672 1667
3 1672 1669 1673
3 1668 1676 1677
3 1676 1668 1667
3 1666 1680 1681
3 1680 1666 1668
3 1684 1666 1685
3 1666 1684 1669
3 1687 1667 1672
3 1673 1669 1689
3 1692 1672 1673
3 1672 1692 1693
3 1687 1676 1667
3 1677 1696 1697
3 1696 1677 1676
3 1668 1677 1699
3 1668 1699 1680
3 1681 1702 1703
3 1702 1681 1680
3 1666 1681 1705
3 1666 1705 1685
3 1684 1708 1709
3 1708 1684 1685
3 1689 1669 1684
3 1711 1672 1693
3 1672 1711 1687
3 1692 1689 1713
3 1689 1692 1673
3 1696 1687 1711
3 1687 1696 1676
3 1715 1677 1697
3 1677 1715 1699
3 1699 1702 1680
3 1702 1699 1715
3 1705 1703 1717
3 1703 1705 1681
3 1685 1717 1708
3 1717 1685 1705
3 1689 1709 1713
3 1709 1689 1684
3 1718 1719 1720
3 1719 1718 1721
3 1726 1721 1718
3 1721 1726 1727
3 1719 1730 1731
3 1730 1719 1721
3 1720 1734 1735
3 1734 1720 1719
3 1738 1720 1739
3 1720 1738 1718
3 1742 1721 1727
3 1744 1726 1718
3 1746 1727 1726
3 1727 1746 1747
3 1742 1730 1721
3 1731 1750 1751
3 1750 1731 1730
3 1719 1731 1754
3 1719 1754 1734
3 1735 1756 1757
3 1756 1735 1734
3 1720 1735 1760
3 1720 1760 1739
3 1762 1739 1763
3 1739 1762 1738
3 1744 1718 1738
3 1747 1742 1727
3 1742 1747 1766
3 1746 1744 1768
3 1744 1746 1726
3 1750 1742 1766
3 1742 1750 1730
3 1754 1751 1770
3 1751 1754 1731
3 1754 1756 1734
3 1756 1754 1770
3 1760 1757 1772
3 1757 1760 1735
3 1739 1772 1763
3 1772 1739 1760
3 1744 1762 1768
3 1762 1744 1738
3 1722 1723 1724
3 1725 1724 1723
3 1728 1729 1722
3 1723 1722 1729
3 1722 1724 1732
3 1733 1732 1724
3 1724 1725 1736
3 1737 1736 1725
3 1723 1740 1725
3 1741 1725 1740
3 1728 1722 1743
3 1723 1729 1745
3 1748 1749 1728
3 1729 1728 1749
3 1722 1732 1743
3 1732 1733 1752
3 1753 1752 1733
3 1755 1733 1724
3 1736 1755 1724
3 1736 1737 1758
3 1759 1758 1737
3 1761 1737 1725
3 1741 1761 1725
3 1740 1764 1741
3 1765 1741 1764
3 1740 1723 1745
3 1767 1748 1743
3 1728 1743 1748
3 1729 1749 1745
3 1769 1745 1749
3 1732 1752 1743
3 1767 1743 1752
3 1733 1755 1753
3 1771 1753 1755
3 1771 1755 1758
3 1736 1758 1755
3 1737 1761 1759
3 1773 1759 1761
3 1761 1741 1773
3 1765 1773 1741
3 1740 1745 1764
3 1769 1764 1745
3 1774 1775 1776
3 1777 1776 1775
3 1782 1774 1783
3 1776 1783 1774
3 1776 1777 1786
3 1787 1786 1777
3 1777 1775 1790
3 1791 1790 1775
3 1774 1794 1775
3 1795 1775 1794
3 1783 1776 1798
3 1800 1774 1782
3 1802 1803 1783
3 1782 1783 1803
3 1776 1786 1798
3 1786 1787 1806
3 1807 1806 1787
3 1810 1787 1777
3 1790 1810 1777
3 1790 1791 1812
3 1813 1812 1791
3 1816 1791 1775
3 1795 1816 1775
3 1795 1794 1818
3 1819 1818 1794
3 1794 1774 1800
3 1798 1822 1783
3 1802 1783 1822
3 1782 1803 1800
3 1824 1800 1803
3 1786 1806 1798
3 1822 1798 1806
3 1810 1826 1787
3 1807 1787 1826
3 1826 1810 1812
3 1790 1812 1810
3 1791 1816 1813
3 1828 1813 1816
3 1816 1795 1828
3 1818 1828 1795
3 1794 1800 1819
3 1824 1819 1800
3 1778 1779 1780
3 1779 1778 1781
3 1781 1784 1779
3 1784 1781 1785
3 1780 1788 1789
3 1788 1780 1779
3 1778 1792 1793
3 1792 1778 1780
3 1796 1778 1797
3 1778 1796 1781
3 1799 1779 1784
3 1785 1781 1801
3 1804 1784 1785
3 1784 1804 1805
3 1799 1788 1779
3 1789 1808 1809
3 1808 1789 1788
3 1780 1789 1811
3 1780 1811 1792
3 1793 1814 1815
3 1814 1793 1792
3 1778 1793 1817
3 1778 1817 1797
3 1796 1820 1821
3 1820 1796 1797
3 1801 1781 1796
3 1823 1784 1805
3 1784 1823 1799
3 1804 1801 1825
3 1801 1804 1785
3 1808 1799 1823
3 1799 1808 1788
3 1827 1789 1809
3 1789 1827 1811
3 1811 1814 1792
3 1814 1811 1827
3 1817 1815 1829
3 1815 1817 1793
3 1797 1829 1820
3 1829 1797 1817
3 1801 1821 1825
3 1821 1801 1796
3 1830 1831 1832
3 1831 1830 1833
3 1834 1830 1835
3 1830 1834 1833
3 1836 1837 1838
3 1837 1836 1839
3 1831 1840 1832
3 1840 1831 1841
3 1842 1835 1843
3 1835 1842 1834
3 1844 1836 1845
3 1836 1844 1839
3 1837 1846 1838
3 1846 1837 1847
3 1840 1848 1849
3 1848 1840 1841
3 1842 1850 1851
3 1850 1842 1843
3 1852 1845 1853
3 1845 1852 1844
3 1846 1854 1855
3 1854 1846 1847
3 1849 1856 1857
3 1856 1849 1848
3 1858 1850 1859
3 1850 1858 1851
3 1860 1853 1861
3 1853 1860 1852
3 1854 1862 1855
3 1862 1854 1863
3 1864 1856 1865
3 1856 1864 1857
3 1858 1866 1867
3 1866 1858 1859
3 1860 1868 1869
3 1868 1860 1861
3 1862 1870 1871
3 1870 1862 1863
3 1864 1872 1873
3 1872 1864 1865
3 1867 1874 1875
3 1874 1867 1866
3 1869 1876 1877
3 1876 1869 1868
3 1878 1870 1879
3 1870 1878 1871
3 1873 1880 1881
3 1880 1873 1872
3 1875 1882 1883
3 1882 1875 1874
3 1877 1884 1885
3 1884 1877 1876
3 1878 1886 1887
3 1886 1878 1879
3 1881 1888 1889
3 1888 1881 1880
3 1883 1890 1891
3 1890 1883 1882
3 1885 1892 1893
3 1892 1885 1884
3 1887 1894 1895
3 1894 1887 1886
3 1889 1896 1897
3 1896 1889 1888
3 1898 1890 1899
3 1890 1898 1891
3 1893 1900 1901
3 1900 1893 1892
3 1895 1902 1903
3 1902 1895 1894
3 1897 1904 1905
3 1904 1897 1896
3 1906 1898 1899
3 1898 1906 1907
3 1908 1901 1900
3 1901 1908 1909
3 1903 1910 1911
3 1910 1903 1902
3 1905 1912 1913
3 1912 1905 1904
3 1914 1906 1915
3 1906 1914 1907
3 1916 1909 1908
3 1909 1916 1917
3 1910 1918 1911
3 1918 1910 1919
3 1912 1920 1913
3 1920 1912 1921
3 1920 1914 1915
3 1914 1920 1921
3 1922 1916 1923
3 1916 1922 1917
3 1919 1924 1918
3 1924 1919 1925
3 1924 1922 1923
3 1922 1924 1925
3 1926 1927 1928
3 1927 1926 1929
3 1930 1929 1926
3 1929 1930 1931
3 1932 1927 1933
3 1927 1932 1928
3 1934 1928 1935
3 1928 1934 1926
3 1936 1931 1930
3 1931 1936 1937
3 1938 1926 1934
3 1926 1938 1930
3 1939 1933 1940
3 1933 1939 1932
3 1941 1928 1932
3 1928 1941 1935
3 1942 1935 1943
3 1935 1942 1934
3 1944 1937 1936
3 1937 1944 1945
3 1946 1930 1938
3 1930 1946 1936
3 1947 1934 1942
3 1934 1947 1938
3 1948 1940 1949
3 1940 1948 1939
3 1950 1932 1939
3 1932 1950 1941
3 1951 1935 1941
3 1935 1951 1943
3 1952 1943 1953
3 1943 1952 1942
3 1954 1945 1944
3 1945 1954 1955
3 1956 1936 1946
3 1936 1956 1944
3 1957 1938 1947
3 1938 1957 1946
3 1958 1942 1952
3 1942 1958 1947
3 1948 1959 1960
3 1959 1948 1949
3 1961 1939 1948
3 1939 1961 1950
3 1962 1941 1950
3 1941 1962 1951
3 1963 1943 1951
3 1943 1963 1953
3 1964 1953 1965
3 1953 1964 1952
3 1966 1954 1967
3 1954 1966 1955
3 1968 1944 1956
3 1944 1968 1954
3 1969 1946 1957
3 1946 1969 1956
3 1970 1947 1958
3 1947 1970 1957
3 1971 1952 1964
3 1952 1971 1958
3 1960 1972 1973
3 1972 1960 1959
3 1961 1960 1974
3 1960 1961 1948
3 1975 1950 1961
3 1950 1975 1962
3 1976 1951 1962
3 1951 1976 1963
3 1977 1953 1963
3 1953 1977 1965
3 1978 1965 1979
3 1965 1978 1964
3 1980 1966 1967
3 1966 1980 1981
3 1967 1968 1982
3 1968 1967 1954
3 1968 1969 1983
3 1969 1968 1956
3 1969 1970 1984
3 1970 1969 1957
3 1985 1958 1971
3 1958 1985 1970
3 1986 1964 1978
3 1964 1986 1971
3 1972 1987 1973
3 1987 1972 1988
3 1960 1989 1974
3 1989 1960 1973
3 1961 1990 1975
3 1990 1961 1974
3 1991 1962 1975
3 1962 1991 1976
3 1992 1963 1976
3 1963 1992 1977
3 1993 1965 1977
3 1965 1993 1979
3 1978 1994 1995
3 1994 1978 1979
3 1996 1980 1997
3 1980 1996 1981
3 1998 1967 1982
3 1967 1998 1980
3 1982 1983 1999
3 1983 1982 1968
3 1983 1984 2000
3 1984 1983 1969
3 2001 1970 1985
3 1970 2001 1984
3 1985 1986 2002
3 1986 1985 1971
3 1986 1995 2003
3 1995 1986 1978
3 1988 2004 1987
3 2004 1988 2005
3 1973 2006 1989
3 2006 1973 1987
3 1974 2007 1990
3 2007 1974 1989
3 1991 1990 2008
3 1990 1991 1975
3 2009 1976 1991
3 1976 2009 1992
3 2010 1977 1992
3 1977 2010 1993
3 1994 1993 2011
3 1993 1994 1979
3 1995 2012 2013
3 2012 1995 1994
3 2014 1997 2015
3 1997 2014 1996
3 1997 1998 2016
3 1998 1997 1980
3 2017 1982 1999
3 1982 2017 1998
3 1999 2000 2018
3 2000 1999 1983
3 2000 2001 2019
3 2001 2000 1984
3 2001 2002 2020
3 2002 2001 1985
3 2002 2003 2021
3 2003 2002 1986
3 2003 2013 2022
3 2013 2003 1995
3 2005 2023 2004
3 2023 2005 2024
3 1987 2025 2006
3 2025 1987 2004
3 1989 2026 2007
3 2026 1989 2006
3 1990 2027 2008
3 2027 1990 2007
3 1991 2028 2009
3 2028 1991 2008
3 2010 2009 2029
3 2009 2010 1992
3 2011 2010 2030
3 2010 2011 1993
3 2012 2011 2031
3 2011 2012 1994
3 2013 2032 2033
3 2032 2013 2012
3 2034 2015 2035
3 2015 2034 2014
3 2015 2016 2036
3 2016 2015 1997
3 2037 1998 2017
3 1998 2037 2016
3 2038 1999 2018
3 1999 2038 2017
3 2018 2019 2039
3 2019 2018 2000
3 2019 2020 2040
3 2020 2019 2001
3 2020 2021 2041
3 2021 2020 2002
3 2021 2022 2042
3 2022 2021 2003
3 2022 2033 2043
3 2033 2022 2013
3 2024 2044 2023
3 2044 2024 2045
3 2004 2046 2025
3 2046 2004 2023
3 2006 2047 2026
3 2047 2006 2025
3 2007 2048 2027
3 2048 2007 2026
3 2008 2049 2028
3 2049 2008 2027
3 2029 2028 2050
3 2028 2029 2009
3 2030 2029 2051
3 2029 2030 2010
3 2031 2030 2052
3 2030 2031 2011
3 2032 2031 2053
3 2031 2032 2012
3 2033 2054 2055
3 2054 2033 2032
3 2056 2035 2057
3 2035 2056 2034
3 2035 2036 2058
3 2036 2035 2015
3 2036 2037 2059
3 2037 2036 2016
3 2037 2038 2060
3 2038 2037 2017
3 2061 2018 2039
3 2018 2061 2038
3 2039 2040 2062
3 2040 2039 2019
3 2040 2041 2063
3 2041 2040 2020
3 2041 2042 2064
3 2042 2041 2021
3 2042 2043 2065
3 2043 2042 2022
3 2043 2055 2066
3 2055 2043 2033
3 2067 2044 2045
3 2044 2067 2068
3 2023 2069 2046
3 2069 2023 2044
3 2025 2070 2047
3 2070 2025 2046
3 2026 2071 2048
3 2071 2026 2047
3 2049 2048 2072
3 2048 2049 2027
3 2028 2073 2050
3 2073 2028 2049
3 2051 2050 2074
3 2050 2051 2029
3 2052 2051 2075
3 2051 2052 2030
3 2053 2052 2076
3 2052 2053 2031
3 2054 2053 2077
3 2053 2054 2032
3 2055 2078 2079
3 2078 2055 2054
3 2056 2080 2081
3 2080 2056 2057
3 2057 2058 2082
3 2058 2057 2035
3 2058 2059 2083
3 2059 2058 2036
3 2059 2060 2084
3 2060 2059 2037
3 2085 2038 2061
3 2038 2085 2060
3 2086 2039 2062
3 2039 2086 2061
3 2040 2087 2062
3 2087 2040 2063
3 2063 2064 2088
3 2064 2063 2041
3 2064 2065 2089
3 2065 2064 2042
3 2065 2066 2090
3 2066 2065 2043
3 2066 2079 2091
3 2079 2066 2055
3 2092 2068 2067
3 2068 2092 2093
3 2068 2069 2044
3 2069 2068 2094
3 2046 2095 2070
3 2095 2046 2069
3 2047 2096 2071
3 2096 2047 2070
3 2048 2097 2072
3 2097 2048 2071
3 2073 2072 2098
3 2072 2073 2049
3 2074 2073 2099
3 2073 2074 2050
3 2075 2074 2100
3 2074 2075 2051
3 2076 2075 2101
3 2075 2076 2052
3 2077 2076 2102
3 2076 2077 2053
3 2078 2077 2103
3 2077 2078 2054
3 2079 2104 2105
3 2104 2079 2078
3 2081 2093 2092
3 2093 2081 2080
3 2057 2106 2080
3 2106 2057 2082
3 2082 2083 2107
3 2083 2082 2058
3 2083 2084 2108
3 2084 2083 2059
3 2084 2085 2109
3 2085 2084 2060
3 2110 2061 2086
3 2061 2110 2085
3 2062 2111 2086
3 2111 2062 2087
3 2063 2112 2087
3 2112 2063 2088
3 2088 2089 2113
3 2089 2088 2064
3 2089 2090 2114
3 2090 2089 2065
3 2090 2091 2115
3 2091 2090 2066
3 2091 2105 2116
3 2105 2091 2079
3 2093 2094 2068
3 2094 2093 2117
3 2094 2095 2069
3 2095 2094 2118
3 2070 2119 2096
3 2119 2070 2095
3 2097 2096 2120
3 2096 2097 2071
3 2072 2121 2098
3 2121 2072 2097
3 2099 2098 2122
3 2098 2099 2073
3 2100 2099 2123
3 2099 2100 2074
3 2101 2100 2124
3 2100 2101 2075
3 2102 2101 2125
3 2101 2102 2076
3 2103 2102 2126
3 2102 2103 2077
3 2104 2103 2127
3 2103 2104 2078
3 2128 2129 2130
3 2129 2128 2131
3 2132 2133 2134
3 2133 2132 2135
3 2133 2135 2136
3 2136 2135 2137
3 2137 2135 2138
3 2137 2138 2139
3 2137 2139 2140
3 2140 2139 2141
3 2140 2141 2142
3 2142 2141 2143
3 2143 2141 2144
3 2144 2141 2145
3 2145 2141 2146
3 2145 2146 2147
3 2147 2146 2148
3 2148 2146 2149
3 2149 2146 2150
3 2149 2150 2151
3 2151 2150 2152
3 2152 2150 2153
3 2153 2150 2154
3 2154 2150 2155
3 2154 2155 2156
3 2156 2155 2157
3 2142 2158 2140
3 2158 2142 2159
3 2158 2159 2160
3 2158 2160 2161
3 2158 2161 2162
3 2162 2161 2163
3 2162 2163 2164
3 2162 2164 2165
3 2162 2165 2166
3 2162 2166 2167
3 2167 2166 2168
3 2167 2168 2169
3 2167 2169 2170
3 2167 2170 2171
3 2171 2170 2172
3 2171 2172 2157
3 2171 2157 2155
3 2171 2155 2173
3 2171 2173 2174
3 2174 2173 2175
3 2175 2173 2176
3 2175 2176 2177
3 2175 2177 2178
3 2178 2177 2179
3 2080 2117 2093
3 2117 2080 2106
3 2082 2180 2106
3 2180 2082 2107
3 2107 2108 2181
3 2108 2107 2083
3 2108 2109 2182
3 2109 2108 2084
3 2085 2183 2109
3 2183 2085 2110
3 2086 2184 2110
3 2184 2086 2111
3 2087 2185 2111
3 2185 2087 2112
3 2088 2186 2112
3 2186 2088 2113
3 2113 2114 2187
3 2114 2113 2089
3 2114 2115 2188
3 2115 2114 2090
3 2115 2116 2189
3 2116 2115 2091
3 2190 2130 2191
3 2130 2190 2128
3 2117 2118 2094
3 2118 2117 2192
3 2118 2119 2095
3 2119 2118 2193
3 2096 2194 2120
3 2194 2096 2119
3 2121 2120 2195
3 2120 2121 2097
3 2196 2098 2121
3 2098 2196 2122
3 2123 2122 2197
3 2122 2123 2099
3 2124 2123 2198
3 2123 2124 2100
3 2125 2124 2199
3 2124 2125 2101
3 2126 2125 2200
3 2125 2126 2102
3 2127 2126 2201
3 2126 2127 2103
3 2129 2202 2203
3 2202 2129 2131
3 2130 2204 2205
3 2204 2130 2129
3 2201 2200 2206
3 2200 2201 2126
3 2206 2207 2208
3 2207 2206 2200
3 2208 2209 2210
3 2209 2208 2207
3 2210 2211 2212
3 2211 2210 2209
3 2213 2211 2214
3 2211 2213 2212
3 2215 2214 2216
3 2214 2215 2213
3 2217 2216 2218
3 2216 2217 2215
3 2219 2218 2220
3 2218 2219 2217
3 2221 2220 2222
3 2220 2221 2219
3 2223 2222 2224
3 2222 2223 2221
3 2225 2223 2224
3 2223 2225 2226
3 2227 2226 2225
3 2226 2227 2228
3 2229 2228 2227
3 2228 2229 2230
3 2231 2230 2229
3 2230 2231 2232
3 2233 2232 2231
3 2232 2233 2234
3 2235 2234 2233
3 2234 2235 2236
3 2237 2236 2235
3 2236 2237 2238
3 2237 2239 2238
3 2239 2237 2188
3 2188 2189 2239
3 2189 2188 2115
3 2106 2192 2117
3 2192 2106 2180
3 2107 2240 2180
3 2240 2107 2181
3 2181 2182 2241
3 2182 2181 2108
3 2109 2242 2182
3 2242 2109 2183
3 2110 2243 2183
3 2243 2110 2184
3 2111 2244 2184
3 2244 2111 2185
3 2112 2245 2185
3 2245 2112 2186
3 2113 2246 2186
3 2246 2113 2187
3 2187 2188 2237
3 2188 2187 2114
3 2247 2191 2248
3 2191 2247 2190
3 2191 2205 2249
3 2205 2191 2130
3 2192 2193 2118
3 2193 2192 2250
3 2193 2194 2119
3 2194 2193 2251
3 2252 2120 2194
3 2120 2252 2195
3 2253 2121 2195
3 2121 2253 2196
3 2254 2122 2196
3 2122 2254 2197
3 2198 2197 2255
3 2197 2198 2123
3 2199 2198 2256
3 2198 2199 2124
3 2200 2199 2207
3 2199 2200 2125
3 2203 2257 2258
3 2257 2203 2202
3 2204 2203 2259
3 2203 2204 2129
3 2205 2260 2261
3 2260 2205 2204
3 2258 2262 2263
3 2262 2258 2257
3 2263 2264 2265
3 2264 2263 2262
3 2207 2256 2209
3 2256 2207 2199
3 2265 2266 2267
3 2266 2265 2264
3 2209 2268 2211
3 2268 2209 2256
3 2267 2269 2270
3 2269 2267 2266
3 2214 2268 2271
3 2268 2214 2211
3 2272 2269 2273
3 2269 2272 2270
3 2216 2271 2274
3 2271 2216 2214
3 2275 2273 2276
3 2273 2275 2272
3 2218 2274 2277
3 2274 2218 2216
3 2278 2276 2279
3 2276 2278 2275
3 2220 2277 2280
3 2277 2220 2218
3 2281 2279 2282
3 2279 2281 2278
3 2222 2280 2283
3 2280 2222 2220
3 2284 2282 2285
3 2282 2284 2281
3 2224 2283 2286
3 2283 2224 2222
3 2287 2285 2288
3 2285 2287 2284
3 2289 2224 2286
3 2224 2289 2225
3 2290 2287 2288
3 2287 2290 2291
3 2292 2225 2289
3 2225 2292 2227
3 2293 2291 2290
3 2291 2293 2294
3 2295 2227 2292
3 2227 2295 2229
3 2296 2294 2293
3 2294 2296 2297
3 2298 2229 2295
3 2229 2298 2231
3 2299 2297 2296
3 2297 2299 2300
3 2301 2231 2298
3 2231 2301 2233
3 2302 2300 2299
3 2300 2302 2303
3 2246 2233 2301
3 2233 2246 2235
3 2304 2303 2302
3 2303 2304 2305
3 2187 2235 2246
3 2235 2187 2237
3 2306 2305 2304
3 2305 2306 2307
3 2306 2308 2307
3 2308 2306 2309
3 2309 2248 2308
3 2248 2309 2247
3 2180 2250 2192
3 2250 2180 2240
3 2181 2310 2240
3 2310 2181 2241
3 2241 2242 2311
3 2242 2241 2182
3 2183 2312 2242
3 2312 2183 2243
3 2184 2313 2243
3 2313 2184 2244
3 2185 2314 2244
3 2314 2185 2245
3 2186 2301 2245
3 2301 2186 2246
3 2248 2249 2315
3 2249 2248 2191
3 2249 2261 2316
3 2261 2249 2205
3 2250 2251 2193
3 2251 2250 2317
3 2318 2194 2251
3 2194 2318 2252
3 2319 2195 2252
3 2195 2319 2253
3 2320 2196 2253
3 2196 2320 2254
3 2321 2197 2254
3 2197 2321 2255
3 2256 2255 2268
3 2255 2256 2198
3 2259 2258 2322
3 2258 2259 2203
3 2260 2259 2323
3 2259 2260 2204
3 2261 2324 2325
3 2324 2261 2260
3 2322 2263 2326
3 2263 2322 2258
3 2326 2265 2327
3 2265 2326 2263
3 2327 2267 2328
3 2267 2327 2265
3 2328 2270 2329
3 2270 2328 2267
3 2271 2255 2321
3 2255 2271 2268
3 2330 2270 2272
3 2270 2330 2329
3 2274 2321 2331
3 2321 2274 2271
3 2332 2272 2275
3 2272 2332 2330
3 2277 2331 2333
3 2331 2277 2274
3 2334 2275 2278
3 2275 2334 2332
3 2280 2333 2335
3 2333 2280 2277
3 2336 2278 2281
3 2278 2336 2334
3 2283 2335 2337
3 2335 2283 2280
3 2338 2281 2284
3 2281 2338 2336
3 2286 2337 2339
3 2337 2286 2283
3 2340 2284 2287
3 2284 2340 2338
3 2341 2286 2339
3 2286 2341 2289
3 2291 2340 2287
3 2340 2291 2342
3 2343 2289 2341
3 2289 2343 2292
3 2294 2342 2291
3 2342 2294 2344
3 2345 2292 2343
3 2292 2345 2295
3 2297 2344 2294
3 2344 2297 2346
3 2314 2295 2345
3 2295 2314 2298
3 2300 2346 2297
3 2346 2300 2347
3 2245 2298 2314
3 2298 2245 2301
3 2303 2347 2300
3 2347 2303 2348
3 2305 2348 2303
3 2348 2305 2349
3 2307 2349 2305
3 2349 2307 2350
3 2307 2351 2350
3 2351 2307 2308
3 2308 2315 2351
3 2315 2308 2248
3 2240 2317 2250
3 2317 2240 2310
3 2310 2311 2352
3 2311 2310 2241
3 2242 2353 2311
3 2353 2242 2312
3 2243 2354 2312
3 2354 2243 2313
3 2244 2345 2313
3 2345 2244 2314
3 2315 2316 2355
3 2316 2315 2249
3 2316 2325 2356
3 2325 2316 2261
3 2317 2318 2251
3 2318 2317 2357
3 2358 2252 2318
3 2252 2358 2319
3 2359 2253 2319
3 2253 2359 2320
3 2331 2254 2320
3 2254 2331 2321
3 2323 2322 2360
3 2322 2323 2259
3 2324 2323 2361
3 2323 2324 2260
3 2325 2362 2363
3 2362 2325 2324
3 2360 2326 2364
3 2326 2360 2322
3 2364 2327 2365
3 2327 2364 2326
3 2365 2328 2366
3 2328 2365 2327
3 2366 2329 2367
3 2329 2366 2328
3 2368 2329 2330
3 2329 2368 2367
3 2369 2330 2332
3 2330 2369 2368
3 2333 2320 2359
3 2320 2333 2331
3 2370 2332 2334
3 2332 2370 2369
3 2335 2359 2371
3 2359 2335 2333
3 2372 2334 2336
3 2334 2372 2370
3 2337 2371 2373
3 2371 2337 2335
3 2374 2336 2338
3 2336 2374 2372
3 2339 2373 2375
3 2373 2339 2337
3 2376 2338 2340
3 2338 2376 2374
3 2377 2339 2375
3 2339 2377 2341
3 2342 2376 2340
3 2376 2342 2378
3 2354 2341 2377
3 2341 2354 2343
3 2344 2378 2342
3 2378 2344 2379
3 2313 2343 2354
3 2343 2313 2345
3 2346 2379 2344
3 2379 2346 2380
3 2347 2380 2346
3 2380 2347 2381
3 2348 2381 2347
3 2381 2348 2382
3 2349 2382 2348
3 2382 2349 2383
3 2350 2383 2349
3 2383 2350 2384
3 2350 2385 2384
3 2385 2350 2351
3 2351 2355 2385
3 2355 2351 2315
3 2310 2357 2317
3 2357 2310 2352
3 2311 2386 2352
3 2386 2311 2353
3 2312 2377 2353
3 2377 2312 2354
3 2355 2356 2387
3 2356 2355 2316
3 2356 2363 2388
3 2363 2356 2325
3 2389 2318 2357
3 2318 2389 2358
3 2371 2319 2358
3 2319 2371 2359
3 2361 2360 2390
3 2360 2361 2323
3 2362 2361 2391
3 2361 2362 2324
3 2363 2392 2393
3 2392 2363 2362
3 2390 2364 2394
3 2364 2390 2360
3 2394 2365 2395
3 2365 2394 2364
3 2395 2366 2396
3 2366 2395 2365
3 2396 2367 2397
3 2367 2396 2366
3 2398 2367 2368
3 2367 2398 2397
3 2399 2368 2369
3 2368 2399 2398
3 2400 2369 2370
3 2369 2400 2399
3 2401 2370 2372
3 2370 2401 2400
3 2373 2358 2389
3 2358 2373 2371
3 2402 2372 2374
3 2372 2402 2401
3 2375 2389 2386
3 2389 2375 2373
3 2403 2374 2376
3 2374 2403 2402
3 2353 2375 2386
3 2375 2353 2377
3 2378 2403 2376
3 2403 2378 2404
3 2379 2404 2378
3 2404 2379 2405
3 2380 2405 2379
3 2405 2380 2406
3 2381 2406 2380
3 2406 2381 2407
3 2382 2407 2381
3 2407 2382 2408
3 2383 2408 2382
3 2408 2383 2409
3 2384 2409 2383
3 2409 2384 2410
3 2384 2411 2410
3 2411 2384 2385
3 2385 2387 2411
3 2387 2385 2355
3 2386 2357 2352
3 2357 2386 2389
3 2387 2388 2412
3 2388 2387 2356
3 2388 2393 2413
3 2393 2388 2363
3 2391 2390 2414
3 2390 2391 2361
3 2392 2391 2415
3 2391 2392 2362
3 2393 2416 2417
3 2416 2393 2392
3 2414 2394 2418
3 2394 2414 2390
3 2418 2395 2419
3 2395 2418 2394
3 2419 2396 2420
3 2396 2419 2395
3 2420 2397 2421
3 2397 2420 2396
3 2422 2397 2398
3 2397 2422 2421
3 2423 2398 2399
3 2398 2423 2422
3 2424 2399 2400
3 2399 2424 2423
3 2425 2400 2401
3 2400 2425 2424
3 2426 2401 2402
3 2401 2426 2425
3 2427 2402 2403
3 2402 2427 2426
3 2404 2427 2403
3 2427 2404 2428
3 2405 2428 2404
3 2428 2405 2429
3 2406 2429 2405
3 2429 2406 2430
3 2407 2430 2406
3 2430 2407 2431
3 2408 2431 2407
3 2431 2408 2432
3 2409 2432 2408
3 2432 2409 2433
3 2410 2433 2409
3 2433 2410 2434
3 2410 2435 2434
3 2435 2410 2411
3 2411 2412 2435
3 2412 2411 2387
3 2412 2413 2436
3 2413 2412 2388
3 2413 2417 2437
3 2417 2413 2393
3 2415 2414 2438
3 2414 2415 2391
3 2416 2415 2439
3 2415 2416 2392
3 2417 2440 2441
3 2440 2417 2416
3 2438 2418 2442
3 2418 2438 2414
3 2442 2419 2443
3 2419 2442 2418
3 2443 2420 2444
3 2420 2443 2419
3 2444 2421 2445
3 2421 2444 2420
3 2446 2421 2422
3 2421 2446 2445
3 2447 2422 2423
3 2422 2447 2446
3 2448 2423 2424
3 2423 2448 2447
3 2449 2424 2425
3 2424 2449 2448
3 2450 2425 2426
3 2425 2450 2449
3 2451 2426 2427
3 2426 2451 2450
3 2428 2451 2427
3 2451 2428 2452
3 2429 2452 2428
3 2452 2429 2453
3 2430 2453 2429
3 2453 2430 2454
3 2431 2454 2430
3 2454 2431 2455
3 2432 2455 2431
3 2455 2432 2456
3 2433 2456 2432
3 2456 2433 2457
3 2434 2457 2433
3 2457 2434 2458
3 2434 2459 2458
3 2459 2434 2435
3 2435 2436 2459
3 2436 2435 2412
3 2436 2437 2460
3 2437 2436 2413
3 2437 2441 2461
3 2441 2437 2417
3 2439 2438 2462
3 2438 2439 2415
3 2440 2439 2463
3 2439 2440 2416
3 2441 2464 2465
3 2464 2441 2440
3 2462 2442 2466
3 2442 2462 2438
3 2466 2443 2467
3 2443 2466 2442
3 2467 2444 2468
3 2444 2467 2443
3 2468 2445 2469
3 2445 2468 2444
3 2470 2445 2446
3 2445 2470 2469
3 2471 2446 2447
3 2446 2471 2470
3 2472 2447 2448
3 2447 2472 2471
3 2473 2448 2449
3 2448 2473 2472
3 2474 2449 2450
3 2449 2474 2473
3 2475 2450 2451
3 2450 2475 2474
3 2452 2475 2451
3 2475 2452 2476
3 2453 2476 2452
3 2476 2453 2477
3 2454 2477 2453
3 2477 2454 2478
3 2455 2478 2454
3 2478 2455 2479
3 2456 2479 2455
3 2479 2456 2480
3 2457 2480 2456
3 2480 2457 2481
3 2458 2481 2457
3 2481 2458 2482
3 2458 2483 2482
3 2483 2458 2459
3 2459 2460 2483
3 2460 2459 2436
3 2460 2461 2484
3 2461 2460 2437
3 2461 2465 2485
3 2465 2461 2441
3 2463 2462 2486
3 2462 2463 2439
3 2464 2463 2487
3 2463 2464 2440
3 2465 2488 2489
3 2488 2465 2464
3 2486 2466 2490
3 2466 2486 2462
3 2490 2467 2491
3 2467 2490 2466
3 2491 2468 2492
3 2468 2491 2467
3 2492 2469 2493
3 2469 2492 2468
3 2494 2469 2470
3 2469 2494 2493
3 2495 2470 2471
3 2470 2495 2494
3 2496 2471 2472
3 2471 2496 2495
3 2497 2472 2473
3 2472 2497 2496
3 2498 2473 2474
3 2473 2498 2497
3 2499 2474 2475
3 2474 2499 2498
3 2476 2499 2475
3 2499 2476 2500
3 2477 2500 2476
3 2500 2477 2501
3 2478 2501 2477
3 2501 2478 2502
3 2479 2502 2478
3 2502 2479 2503
3 2480 2503 2479
3 2503 2480 2504
3 2481 2504 2480
3 2504 2481 2505
3 2482 2505 2481
3 2505 2482 2506
3 2482 2507 2506
3 2507 2482 2483
3 2483 2484 2507
3 2484 2483 2460
3 2484 2485 2508
3 2485 2484 2461
3 2485 2489 2509
3 2489 2485 2465
3 2487 2486 2510
3 2486 2487 2463
3 2488 2487 2511
3 2487 2488 2464
3 2489 2512 2513
3 2512 2489 2488
3 2510 2490 2514
3 2490 2510 2486
3 2514 2491 2515
3 2491 2514 2490
3 2515 2492 2516
3 2492 2515 2491
3 2516 2493 2517
3 2493 2516 2492
3 2518 2493 2494
3 2493 2518 2517
3 2519 2494 2495
3 2494 2519 2518
3 2520 2495 2496
3 2495 2520 2519
3 2521 2496 2497
3 2496 2521 2520
3 2522 2497 2498
3 2497 2522 2521
3 2523 2498 2499
3 2498 2523 2522
3 2500 2523 2499
3 2523 2500 2524
3 2501 2524 2500
3 2524 2501 2525
3 2502 2525 2501
3 2525 2502 2526
3 2503 2526 2502
3 2526 2503 2527
3 2504 2527 2503
3 2527 2504 2528
3 2505 2528 2504
3 2528 2505 2529
3 2506 2529 2505
3 2529 2506 2530
3 2506 2531 2530
3 2531 2506 2507
3 2507 2508 2531
3 2508 2507 2484
3 2508 2509 2532
3 2509 2508 2485
3 2509 2513 2533
3 2513 2509 2489
3 2511 2510 2534
3 2510 2511 2487
3 2512 2511 2535
3 2511 2512 2488
3 2536 2537 2538
3 2537 2536 2539
3 2537 2539 2540
3 2540 2539 2541
3 2540 2541 2542
3 2542 2541 2543
3 2542 2543 2544
3 2544 2543 2545
3 2544 2545 2546
3 2546 2545 2547
3 2546 2547 2548
3 2548 2547 2549
3 2548 2549 2550
3 2550 2549 2551
3 2550 2551 2552
3 2552 2551 2553
3 2552 2553 2554
3 2554 2553 2533
3 2554 2533 2555
3 2555 2533 2513
3 2555 2513 2535
3 2535 2513 2512
3 2534 2514 2556
3 2514 2534 2510
3 2556 2515 2557
3 2515 2556 2514
3 2557 2516 2558
3 2516 2557 2515
3 2558 2517 2559
3 2517 2558 2516
3 2560 2517 2518
3 2517 2560 2559
3 2561 2518 2519
3 2518 2561 2560
3 2562 2519 2520
3 2519 2562 2561
3 2563 2520 2521
3 2520 2563 2562
3 2564 2521 2522
3 2521 2564 2563
3 2565 2522 2523
3 2522 2565 2564
3 2524 2565 2523
3 2565 2524 2566
3 2525 2566 2524
3 2566 2525 2567
3 2526 2567 2525
3 2567 2526 2568
3 2527 2568 2526
3 2568 2527 2569
3 2528 2569 2527
3 2569 2528 2570
3 2529 2570 2528
3 2570 2529 2571
3 2530 2571 2529
3 2571 2530 2572
3 2530 2573 2572
3 2573 2530 2531
3 2531 2532 2573
3 2532 2531 2508
3 2532 2533 2553
3 2533 2532 2509
3 2535 2534 2555
3 2534 2535 2511
3 2550 2559 2548
3 2559 2550 2558
3 2546 2559 2560
3 2559 2546 2548
3 2544 2560 2561
3 2560 2544 2546
3 2542 2561 2562
3 2561 2542 2544
3 2540 2562 2563
3 2562 2540 2542
3 2537 2563 2564
3 2563 2537 2540
3 2538 2564 2565
3 2564 2538 2537
3 2566 2538 2565
3 2538 2566 2536
3 2567 2536 2566
3 2536 2567 2539
3 2568 2539 2567
3 2539 2568 2541
3 2569 2541 2568
3 2541 2569 2543
3 2570 2543 2569
3 2543 2570 2545
3 2571 2545 2570
3 2545 2571 2547
3 2572 2547 2571
3 2547 2572 2549
3 2572 2551 2549
3 2551 2572 2573
3 2573 2553 2551
3 2553 2573 2532
3 2555 2556 2554
3 2556 2555 2534
3 2554 2557 2552
3 2557 2554 2556
3 2552 2558 2550
3 2558 2552 2557
3 2574 2575 2576
3 2575 2574 2577
3 2575 2577 2578
3 2578 2577 2579
3 2578 2579 2580
3 2580 2579 2581
3 2580 2581 2582
3 2582 2581 2583
3 2582 2583 2584
3 2584 2583 2585
3 2584 2585 2586
3 2586 2585 2587
3 2586 2587 2588
3 2588 2587 2589
3 2589 2587 2590
3 2589 2590 2591
3 2589 2591 2592
3 2592 2591 2593
3 2592 2593 2594
3 2594 2593 2595
3 2594 2595 2596
3 2596 2595 2597
3 2598 2599 2600
3 2599 2598 2601
3 2599 2601 2602
3 2602 2601 2603
3 2602 2603 2604
3 2604 2603 2605
3 2604 2605 2606
3 2606 2605 2607
3 2606 2607 2608
3 2608 2607 2609
3 2608 2609 2610
3 2610 2609 2611
3 2610 2611 2612
3 2612 2611 2613
3 2612 2613 2614
3 2614 2613 2615
3 2614 2615 2616
3 2616 2615 2617
3 2616 2617 2618
3 2618 2617 2619
3 2618 2619 2620
3 2620 2619 2621
3 2622 2623 2624
3 2623 2622 2625
3 2626 2625 2622
3 2625 2626 2627
3 2625 2628 2623
3 2628 2625 2629
3 2624 2630 2631
3 2630 2624 2623
3 2632 2624 2633
3 2624 2632 2622
3 2634 2627 2626
3 2627 2634 2635
3 2627 2629 2625
3 2629 2627 2636
3 2637 2622 2632
3 2622 2637 2626
3 2629 2638 2628
3 2638 2629 2639
3 2623 2640 2630
3 2640 2623 2628
3 2630 2641 2631
3 2641 2630 2642
3 2633 2631 2643
3 2631 2633 2624
3 2644 2633 2645
3 2633 2644 2632
3 2646 2635 2634
3 2635 2646 2647
3 2635 2636 2627
3 2636 2635 2648
3 2649 2626 2637
3 2626 2649 2634
3 2636 2639 2629
3 2639 2636 2650
3 2651 2632 2644
3 2632 2651 2637
3 2639 2652 2638
3 2652 2639 2653
3 2628 2654 2640
3 2654 2628 2638
3 2640 2642 2630
3 2642 2640 2655
3 2642 2656 2641
3 2656 2642 2657
3 2631 2658 2643
3 2658 2631 2641
3 2645 2643 2659
3 2643 2645 2633
3 2660 2645 2661
3 2645 2660 2644
3 2662 2647 2646
3 2647 2662 2663
3 2647 2648 2635
3 2648 2647 2664
3 2665 2634 2649
3 2634 2665 2646
3 2648 2650 2636
3 2650 2648 2666
3 2667 2637 2651
3 2637 2667 2649
3 2650 2653 2639
3 2653 2650 2668
3 2669 2644 2660
3 2644 2669 2651
3 2653 2670 2652
3 2670 2653 2671
3 2638 2672 2654
3 2672 2638 2652
3 2654 2655 2640
3 2655 2654 2673
3 2655 2657 2642
3 2657 2655 2674
3 2657 2675 2656
3 2675 2657 2676
3 2641 2677 2658
3 2677 2641 2656
3 2643 2678 2659
3 2678 2643 2658
3 2661 2659 2679
3 2659 2661 2645
3 2680 2661 2681
3 2661 2680 2660
3 2682 2663 2662
3 2663 2682 2683
3 2663 2664 2647
3 2664 2663 2684
3 2685 2646 2665
3 2646 2685 2662
3 2664 2666 2648
3 2666 2664 2686
3 2687 2649 2667
3 2649 2687 2665
3 2666 2668 2650
3 2668 2666 2688
3 2689 2651 2669
3 2651 2689 2667
3 2668 2671 2653
3 2671 2668 2690
3 2691 2660 2680
3 2660 2691 2669
3 2671 2692 2670
3 2692 2671 2693
3 2652 2694 2672
3 2694 2652 2670
3 2672 2673 2654
3 2673 2672 2695
3 2673 2674 2655
3 2674 2673 2696
3 2674 2676 2657
3 2676 2674 2697
3 2676 2698 2675
3 2698 2676 2699
3 2656 2700 2677
3 2700 2656 2675
3 2658 2701 2678
3 2701 2658 2677
3 2659 2702 2679
3 2702 2659 2678
3 2681 2679 2703
3 2679 2681 2661
3 2704 2681 2705
3 2681 2704 2680
3 2682 2706 2683
3 2706 2682 2707
3 2683 2684 2663
3 2684 2683 2708
3 2709 2662 2685
3 2662 2709 2682
3 2684 2686 2664
3 2686 2684 2710
3 2711 2665 2687
3 2665 2711 2685
3 2686 2688 2666
3 2688 2686 2712
3 2713 2667 2689
3 2667 2713 2687
3 2688 2690 2668
3 2690 2688 2714
3 2715 2669 2691
3 2669 2715 2689
3 2690 2693 2671
3 2693 2690 2716
3 2717 2680 2704
3 2680 2717 2691
3 2692 2718 2719
3 2718 2692 2693
3 2718 2693 2720
3 2720 2693 2716
3 2720 2716 2721
3 2721 2716 2722
3 2721 2722 2723
3 2723 2722 2724
3 2723 2724 2725
3 2725 2724 2726
3 2725 2726 2727
3 2727 2726 2728
3 2727 2728 2729
3 2729 2728 2730
3 2729 2730 2731
3 2731 2730 2732
3 2731 2732 2733
3 2733 2732 2734
3 2733 2734 2735
3 2735 2734 2736
3 2735 2736 2737
3 2737 2736 2738
3 2670 2719 2694
3 2719 2670 2692
3 2694 2695 2672
3 2695 2694 2739
3 2695 2696 2673
3 2696 2695 2740
3 2696 2697 2674
3 2697 2696 2741
3 2697 2699 2676
3 2699 2697 2742
3 2699 2743 2698
3 2743 2699 2744
3 2675 2745 2700
3 2745 2675 2698
3 2677 2746 2701
3 2746 2677 2700
3 2678 2747 2702
3 2747 2678 2701
3 2679 2748 2703
3 2748 2679 2702
3 2705 2703 2749
3 2703 2705 2681
3 2707 2750 2706
3 2750 2707 2751
3 2683 2752 2708
3 2752 2683 2706
3 2709 2707 2682
3 2707 2709 2753
3 2708 2710 2684
3 2710 2708 2754
3 2755 2685 2711
3 2685 2755 2709
3 2710 2712 2686
3 2712 2710 2756
3 2757 2687 2713
3 2687 2757 2711
3 2712 2714 2688
3 2714 2712 2758
3 2759 2689 2715
3 2689 2759 2713
3 2714 2716 2690
3 2716 2714 2722
3 2760 2691 2717
3 2691 2760 2715
3 2729 2761 2727
3 2761 2729 2762
3 2725 2761 2763
3 2761 2725 2727
3 2723 2763 2764
3 2763 2723 2725
3 2721 2764 2765
3 2764 2721 2723
3 2720 2765 2766
3 2765 2720 2721
3 2718 2766 2739
3 2766 2718 2720
3 2719 2739 2694
3 2739 2719 2718
3 2758 2722 2714
3 2722 2758 2724
3 2767 2724 2758
3 2724 2767 2726
3 2768 2726 2767
3 2726 2768 2728
3 2768 2730 2728
3 2730 2768 2769
3 2769 2732 2730
3 2732 2769 2770
3 2770 2734 2732
3 2734 2770 2771
3 2771 2736 2734
3 2736 2771 2772
3 2772 2738 2736
3 2738 2772 2773
3 2738 2774 2737
3 2774 2738 2773
3 2737 2775 2735
3 2775 2737 2774
3 2735 2776 2733
3 2776 2735 2775
3 2733 2777 2731
3 2777 2733 2776
3 2731 2762 2729
3 2762 2731 2777
3 2739 2740 2695
3 2740 2739 2766
3 2740 2741 2696
3 2741 2740 2778
3 2741 2742 2697
3 2742 2741 2779
3 2742 2744 2699
3 2744 2742 2780
3 2744 2781 2743
3 2781 2744 2782
3 2698 2783 2745
3 2783 2698 2743
3 2700 2784 2746
3 2784 2700 2745
3 2701 2785 2747
3 2785 2701 2746
3 2702 2786 2748
3 2786 2702 2747
3 2703 2787 2749
3 2787 2703 2748
3 2751 2788 2750
3 2788 2751 2789
3 2706 2790 2752
3 2790 2706 2750
3 2753 2751 2707
3 2751 2753 2791
3 2708 2792 2754
3 2792 2708 2752
3 2755 2753 2709
3 2753 2755 2793
3 2754 2756 2710
3 2756 2754 2794
3 2795 2711 2757
3 2711 2795 2755
3 2756 2758 2712
3 2758 2756 2767
3 2796 2713 2759
3 2713 2796 2757
3 2797 2715 2760
3 2715 2797 2759
3 2762 2798 2761
3 2798 2762 2799
3 2763 2798 2800
3 2798 2763 2761
3 2764 2800 2801
3 2800 2764 2763
3 2765 2801 2778
3 2801 2765 2764
3 2766 2778 2740
3 2778 2766 2765
3 2794 2767 2756
3 2767 2794 2768
3 2794 2769 2768
3 2769 2794 2802
3 2802 2770 2769
3 2770 2802 2803
3 2803 2771 2770
3 2771 2803 2804
3 2804 2772 2771
3 2772 2804 2805
3 2805 2773 2772
3 2773 2805 2806
3 2773 2807 2774
3 2807 2773 2806
3 2774 2808 2775
3 2808 2774 2807
3 2775 2809 2776
3 2809 2775 2808
3 2776 2810 2777
3 2810 2776 2809
3 2777 2799 2762
3 2799 2777 2810
3 2778 2779 2741
3 2779 2778 2801
3 2779 2780 2742
3 2780 2779 2811
3 2780 2782 2744
3 2782 2780 2812
3 2813 2781 2782
3 2781 2813 2814
3 2743 2815 2783
3 2815 2743 2781
3 2745 2816 2784
3 2816 2745 2783
3 2746 2817 2785
3 2817 2746 2784
3 2747 2818 2786
3 2818 2747 2785
3 2748 2819 2787
3 2819 2748 2786
3 2789 2820 2788
3 2820 2789 2821
3 2750 2822 2790
3 2822 2750 2788
3 2791 2789 2751
3 2789 2791 2823
3 2752 2824 2792
3 2824 2752 2790
3 2793 2791 2753
3 2791 2793 2825
3 2754 2802 2794
3 2802 2754 2792
3 2795 2793 2755
3 2793 2795 2826
3 2827 2757 2796
3 2757 2827 2795
3 2828 2759 2797
3 2759 2828 2796
3 2799 2829 2798
3 2829 2799 2830
3 2800 2829 2811
3 2829 2800 2798
3 2801 2811 2779
3 2811 2801 2800
3 2792 2803 2802
3 2803 2792 2824
3 2824 2804 2803
3 2804 2824 2831
3 2831 2805 2804
3 2805 2831 2832
3 2832 2806 2805
3 2806 2832 2833
3 2806 2834 2807
3 2834 2806 2833
3 2807 2835 2808
3 2835 2807 2834
3 2808 2836 2809
3 2836 2808 2835
3 2809 2837 2810
3 2837 2809 2836
3 2810 2830 2799
3 2830 2810 2837
3 2811 2812 2780
3 2812 2811 2829
3 2838 2782 2812
3 2782 2838 2813
3 2839 2814 2813
3 2814 2839 2840
3 2814 2815 2781
3 2815 2814 2841
3 2783 2842 2816
3 2842 2783 2815
3 2784 2843 2817
3 2843 2784 2816
3 2785 2844 2818
3 2844 2785 2817
3 2786 2845 2819
3 2845 2786 2818
3 2821 2846 2820
3 2846 2821 2847
3 2788 2848 2822
3 2848 2788 2820
3 2823 2821 2789
3 2821 2823 2849
3 2790 2831 2824
3 2831 2790 2822
3 2825 2823 2791
3 2823 2825 2850
3 2826 2825 2793
3 2825 2826 2851
3 2827 2826 2795
3 2826 2827 2852
3 2853 2796 2828
3 2796 2853 2827
3 2830 2812 2829
3 2812 2830 2838
3 2822 2832 2831
3 2832 2822 2848
3 2848 2833 2832
3 2833 2848 2854
3 2833 2855 2834
3 2855 2833 2854
3 2834 2856 2835
3 2856 2834 2855
3 2835 2857 2836
3 2857 2835 2856
3 2836 2858 2837
3 2858 2836 2857
3 2837 2838 2830
3 2838 2837 2858
3 2858 2813 2838
3 2813 2858 2839
3 2859 2840 2839
3 2840 2859 2860
3 2840 2841 2814
3 2841 2840 2861
3 2841 2842 2815
3 2842 2841 2862
3 2816 2863 2843
3 2863 2816 2842
3 2817 2864 2844
3 2864 2817 2843
3 2818 2865 2845
3 2865 2818 2844
3 2846 2866 2867
3 2866 2846 2847
3 2820 2854 2848
3 2854 2820 2846
3 2849 2847 2821
3 2847 2849 2868
3 2850 2849 2823
3 2849 2850 2869
3 2851 2850 2825
3 2850 2851 2870
3 2852 2851 2826
3 2851 2852 2871
3 2853 2852 2827
3 2852 2853 2872
3 2854 2867 2855
3 2867 2854 2846
3 2855 2873 2856
3 2873 2855 2867
3 2856 2859 2857
3 2859 2856 2873
3 2857 2839 2858
3 2839 2857 2859
3 2873 2860 2859
3 2860 2873 2874
3 2860 2861 2840
3 2861 2860 2875
3 2861 2862 2841
3 2862 2861 2876
3 2862 2863 2842
3 2863 2862 2877
3 2843 2878 2864
3 2878 2843 2863
3 2844 2879 2865
3 2879 2844 2864
3 2867 2874 2873
3 2874 2867 2866
3 2847 2880 2866
3 2880 2847 2868
3 2869 2868 2849
3 2868 2869 2881
3 2870 2869 2850
3 2869 2870 2882
3 2871 2870 2851
3 2870 2871 2883
3 2872 2871 2852
3 2871 2872 2884
3 2874 2875 2860
3 2875 2874 2885
3 2875 2876 2861
3 2876 2875 2886
3 2876 2877 2862
3 2877 2876 2887
3 2877 2878 2863
3 2878 2877 2888
3 2864 2889 2879
3 2889 2864 2878
3 2866 2885 2874
3 2885 2866 2880
3 2868 2890 2880
3 2890 2868 2881
3 2882 2881 2869
3 2881 2882 2891
3 2883 2882 2870
3 2882 2883 2892
3 2884 2883 2871
3 2883 2884 2893
3 2885 2886 2875
3 2886 2885 2894
3 2886 2887 2876
3 2887 2886 2895
3 2887 2888 2877
3 2888 2887 2896
3 2888 2889 2878
3 2889 2888 2897
3 2880 2894 2885
3 2894 2880 2890
3 2881 2898 2890
3 2898 2881 2891
3 2892 2891 2882
3 2891 2892 2899
3 2893 2892 2883
3 2892 2893 2900
3 2894 2895 2886
3 2895 2894 2901
3 2895 2896 2887
3 2896 2895 2902
3 2896 2897 2888
3 2897 2896 2903
3 2890 2901 2894
3 2901 2890 2898
3 2891 2904 2898
3 2904 2891 2899
3 2900 2899 2892
3 2899 2900 2905
3 2901 2902 2895
3 2902 2901 2906
3 2902 2903 2896
3 2903 2902 2907
3 2898 2906 2901
3 2906 2898 2904
3 2899 2908 2904
3 2908 2899 2905
3 2906 2907 2902
3 2907 2906 2909
3 2904 2909 2906
3 2909 2904 2908
3 2910 2911 2912
3 2911 2910 2913
3 2912 2914 2915
3 2914 2912 2911
3 2916 2912 2917
3 2912 2916 2910
3 2918 2913 2910
3 2913 2918 2919
3 2913 2920 2911
3 2920 2913 2921
3 2915 2922 2923
3 2922 2915 2914
3 2917 2915 2924
3 2915 2917 2912
3 2914 2920 2925
3 2920 2914 2911
3 2926 2917 2927
3 2917 2926 2916
3 2928 2910 2916
3 2910 2928 2918
3 2929 2919 2918
3 2919 2929 2930
3 2919 2921 2913
3 2921 2919 2931
3 2920 2932 2933
3 2932 2920 2921
3 2923 2934 2935
3 2934 2923 2922
3 2915 2936 2924
3 2936 2915 2923
3 2922 2925 2937
3 2925 2922 2914
3 2927 2924 2938
3 2924 2927 2917
3 2925 2933 2939
3 2933 2925 2920
3 2940 2927 2941
3 2927 2940 2926
3 2942 2916 2926
3 2916 2942 2928
3 2943 2918 2928
3 2918 2943 2929
3 2929 2944 2930
3 2944 2929 2945
3 2930 2931 2919
3 2931 2930 2946
3 2921 2947 2932
3 2947 2921 2931
3 2933 2948 2949
3 2948 2933 2932
3 2934 2950 2935
3 2950 2934 2951
3 2936 2935 2952
3 2935 2936 2923
3 2937 2934 2922
3 2934 2937 2953
3 2924 2954 2938
3 2954 2924 2936
3 2937 2939 2955
3 2939 2937 2925
3 2941 2938 2956
3 2938 2941 2927
3 2939 2949 2957
3 2949 2939 2933
3 2958 2941 2959
3 2941 2958 2940
3 2960 2926 2940
3 2926 2960 2942
3 2942 2943 2928
3 2943 2942 2961
3 2943 2945 2929
3 2945 2943 2962
3 2945 2963 2944
3 2963 2945 2964
3 2930 2965 2946
3 2965 2930 2944
3 2947 2946 2966
3 2946 2947 2931
3 2932 2967 2948
3 2967 2932 2947
3 2949 2968 2969
3 2968 2949 2948
3 2951 2970 2950
3 2970 2951 2971
3 2952 2950 2972
3 2950 2952 2935
3 2934 2973 2951
3 2973 2934 2953
3 2954 2952 2974
3 2952 2954 2936
3 2953 2955 2975
3 2955 2953 2937
3 2938 2976 2956
3 2976 2938 2954
3 2955 2957 2977
3 2957 2955 2939
3 2959 2956 2978
3 2956 2959 2941
3 2957 2969 2979
3 2969 2957 2949
3 2980 2940 2958
3 2940 2980 2960
3 2981 2942 2960
3 2942 2981 2961
3 2961 2962 2943
3 2962 2961 2982
3 2962 2964 2945
3 2964 2962 2983
3 2984 2964 2985
3 2964 2984 2963
3 2965 2963 2986
3 2963 2965 2944
3 2966 2965 2987
3 2965 2966 2946
3 2967 2966 2988
3 2966 2967 2947
3 2948 2989 2968
3 2989 2948 2967
3 2969 2990 2991
3 2990 2969 2968
3 2971 2992 2970
3 2992 2971 2993
3 2950 2994 2972
3 2994 2950 2970
3 2973 2971 2951
3 2971 2973 2995
3 2952 2996 2974
3 2996 2952 2972
3 2953 2997 2973
3 2997 2953 2975
3 2976 2974 2998
3 2974 2976 2954
3 2975 2977 2999
3 2977 2975 2955
3 2956 3000 2978
3 3000 2956 2976
3 2977 2979 3001
3 2979 2977 2957
3 2979 2991 3002
3 2991 2979 2969
3 3003 2960 2980
3 2960 3003 2981
3 2981 2982 2961
3 2982 2981 3004
3 2982 2983 2962
3 2983 2982 3005
3 3006 2964 2983
3 2964 3006 2985
3 3007 2984 2985
3 2984 3007 3008
3 2986 2984 3009
3 2984 2986 2963
3 2987 2986 3010
3 2986 2987 2965
3 2988 2987 3011
3 2987 2988 2966
3 2989 2988 3012
3 2988 2989 2967
3 2968 3013 2990
3 3013 2968 2989
3 2991 3014 3015
3 3014 2991 2990
3 2993 3016 2992
3 3016 2993 3017
3 2970 3018 2994
3 3018 2970 2992
3 2971 3019 2993
3 3019 2971 2995
3 2996 2994 3020
3 2994 2996 2972
3 2973 3021 2995
3 3021 2973 2997
3 2974 3022 2998
3 3022 2974 2996
3 2975 3023 2997
3 3023 2975 2999
3 3000 2998 3024
3 2998 3000 2976
3 2999 3001 3025
3 3001 2999 2977
3 3001 3002 3026
3 3002 3001 2979
3 3002 3015 3027
3 3015 3002 2991
3 3003 3004 2981
3 3004 3003 3028
3 3004 3005 2982
3 3005 3004 3029
3 3006 3005 3030
3 3005 3006 2983
3 3007 3006 3031
3 3006 3007 2985
3 3032 3007 3033
3 3007 3032 3008
3 3034 2984 3008
3 2984 3034 3009
3 3010 3009 3035
3 3009 3010 2986
3 3011 3010 3036
3 3010 3011 2987
3 3012 3011 3037
3 3011 3012 2988
3 3013 3012 3038
3 3012 3013 2989
3 2990 3039 3014
3 3039 2990 3013
3 3015 3040 3041
3 3040 3015 3014
3 3017 3042 3016
3 3042 3017 3043
3 3018 3016 3044
3 3016 3018 2992
3 2993 3045 3017
3 3045 2993 3019
3 2994 3046 3020
3 3046 2994 3018
3 2995 3047 3019
3 3047 2995 3021
3 3022 3020 3048
3 3020 3022 2996
3 2997 3049 3021
3 3049 2997 3023
3 3024 3022 3050
3 3022 3024 2998
3 2999 3051 3023
3 3051 2999 3025
3 3025 3026 3052
3 3026 3025 3001
3 3026 3027 3053
3 3027 3026 3002
3 3027 3041 3054
3 3041 3027 3015
3 3028 3029 3004
3 3029 3028 3055
3 3030 3029 3056
3 3029 3030 3005
3 3057 3006 3030
3 3006 3057 3031
3 3058 3007 3031
3 3007 3058 3033
3 3059 3032 3033
3 3032 3059 3060
3 3032 3034 3008
3 3034 3032 3061
3 3035 3034 3062
3 3034 3035 3009
3 3036 3035 3063
3 3035 3036 3010
3 3037 3036 3064
3 3036 3037 3011
3 3038 3037 3065
3 3037 3038 3012
3 3039 3038 3066
3 3038 3039 3013
3 3014 3067 3040
3 3067 3014 3039
3 3043 3068 3042
3 3068 3043 3069
3 3016 3070 3044
3 3070 3016 3042
3 3017 3071 3043
3 3071 3017 3045
3 3018 3072 3046
3 3072 3018 3044
3 3019 3073 3045
3 3073 3019 3047
3 3020 3074 3048
3 3074 3020 3046
3 3021 3075 3047
3 3075 3021 3049
3 3022 3076 3050
3 3076 3022 3048
3 3023 3077 3049
3 3077 3023 3051
3 3025 3078 3051
3 3078 3025 3052
3 3052 3053 3079
3 3053 3052 3026
3 3053 3054 3080
3 3054 3053 3027
3 3056 3055 3081
3 3055 3056 3029
3 3082 3030 3056
3 3030 3082 3057
3 3058 3057 3083
3 3057 3058 3031
3 3059 3058 3084
3 3058 3059 3033
3 3085 3059 3086
3 3059 3085 3060
3 3087 3032 3060
3 3032 3087 3061
3 3062 3061 3088
3 3061 3062 3034
3 3063 3062 3089
3 3062 3063 3035
3 3064 3063 3090
3 3063 3064 3036
3 3065 3064 3091
3 3064 3065 3037
3 3066 3065 3092
3 3065 3066 3038
3 3067 3066 3093
3 3066 3067 3039
3 3069 3094 3068
3 3094 3069 3095
3 3042 3096 3070
3 3096 3042 3068
3 3071 3069 3043
3 3069 3071 3097
3 3044 3098 3072
3 3098 3044 3070
3 3045 3099 3071
3 3099 3045 3073
3 3074 3072 3100
3 3072 3074 3046
3 3047 3101 3073
3 3101 3047 3075
3 3048 3102 3076
3 3102 3048 3074
3 3049 3103 3075
3 3103 3049 3077
3 3051 3104 3077
3 3104 3051 3078
3 3052 3105 3078
3 3105 3052 3079
3 3079 3080 3106
3 3080 3079 3053
3 3082 3081 3107
3 3081 3082 3056
3 3108 3057 3082
3 3057 3108 3083
3 3109 3058 3083
3 3058 3109 3084
3 3110 3059 3084
3 3059 3110 3086
3 3111 3085 3086
3 3085 3111 3112
3 3113 3060 3085
3 3060 3113 3087
3 3114 3061 3087
3 3061 3114 3088
3 3089 3088 3115
3 3088 3089 3062
3 3090 3089 3116
3 3089 3090 3063
3 3091 3090 3117
3 3090 3091 3064
3 3092 3091 3118
3 3091 3092 3065
3 3093 3092 3119
3 3092 3093 3066
3 3120 3094 3095
3 3094 3120 3121
3 3068 3122 3096
3 3122 3068 3094
3 3097 3095 3069
3 3095 3097 3123
3 3070 3124 3098
3 3124 3070 3096
3 3071 3125 3097
3 3125 3071 3099
3 3072 3126 3100
3 3126 3072 3098
3 3073 3127 3099
3 3127 3073 3101
3 3074 3128 3102
3 3128 3074 3100
3 3075 3129 3101
3 3129 3075 3103
3 3077 3130 3103
3 3130 3077 3104
3 3078 3131 3104
3 3131 3078 3105
3 3079 3132 3105
3 3132 3079 3106
3 3133 3082 3107
3 3082 3133 3108
3 3109 3108 3134
3 3108 3109 3083
3 3110 3109 3135
3 3109 3110 3084
3 3111 3110 3136
3 3110 3111 3086
3 3112 3137 3138
3 3137 3112 3111
3 3139 3085 3112
3 3085 3139 3113
3 3140 3087 3113
3 3087 3140 3114
3 3141 3088 3114
3 3088 3141 3115
3 3116 3115 3142
3 3115 3116 3089
3 3117 3116 3143
3 3116 3117 3090
3 3118 3117 3144
3 3117 3118 3091
3 3119 3118 3145
3 3118 3119 3092
3 3138 3121 3120
3 3121 3138 3137
3 3094 3146 3122
3 3146 3094 3121
3 3147 3095 3123
3 3095 3147 3120
3 3096 3148 3124
3 3148 3096 3122
3 3097 3149 3123
3 3149 3097 3125
3 3098 3150 3126
3 3150 3098 3124
3 3099 3151 3125
3 3151 3099 3127
3 3100 3152 3128
3 3152 3100 3126
3 3101 3153 3127
3 3153 3101 3129
3 3103 3154 3129
3 3154 3103 3130
3 3104 3155 3130
3 3155 3104 3131
3 3105 3156 3131
3 3156 3105 3132
3 3134 3133 3157
3 3133 3134 3108
3 3135 3134 3158
3 3134 3135 3109
3 3159 3110 3135
3 3110 3159 3136
3 3111 3160 3137
3 3160 3111 3136
3 3161 3112 3138
3 3112 3161 3139
3 3162 3113 3139
3 3113 3162 3140
3 3163 3114 3140
3 3114 3163 3141
3 3164 3115 3141
3 3115 3164 3142
3 3143 3142 3165
3 3142 3143 3116
3 3144 3143 3166
3 3143 3144 3117
3 3145 3144 3167
3 3144 3145 3118
3 3137 3146 3121
3 3146 3137 3160
3 3161 3120 3147
3 3120 3161 3138
3 3146 3148 3122
3 3148 3146 3168
3 3149 3147 3123
3 3147 3149 3169
3 3124 3170 3150
3 3170 3124 3148
3 3125 3171 3149
3 3171 3125 3151
3 3126 3172 3152
3 3172 3126 3150
3 3127 3173 3151
3 3173 3127 3153
3 3129 3174 3153
3 3174 3129 3154
3 3130 3175 3154
3 3175 3130 3155
3 3131 3176 3155
3 3176 3131 3156
3 3158 3157 3177
3 3157 3158 3134
3 3178 3135 3158
3 3135 3178 3159
3 3136 3179 3160
3 3179 3136 3159
3 3180 3139 3161
3 3139 3180 3162
3 3181 3140 3162
3 3140 3181 3163
3 3182 3141 3163
3 3141 3182 3164
3 3183 3142 3164
3 3142 3183 3165
3 3166 3165 3184
3 3165 3166 3143
3 3167 3166 3185
3 3166 3167 3144
3 3160 3168 3146
3 3168 3160 3179
3 3169 3161 3147
3 3161 3169 3180
3 3168 3170 3148
3 3170 3168 3186
3 3171 3169 3149
3 3169 3171 3187
3 3150 3188 3172
3 3188 3150 3170
3 3151 3189 3171
3 3189 3151 3173
3 3153 3190 3173
3 3190 3153 3174
3 3154 3191 3174
3 3191 3154 3175
3 3155 3192 3175
3 3192 3155 3176
3 3178 3177 3193
3 3177 3178 3158
3 3159 3194 3179
3 3194 3159 3178
3 3195 3162 3180
3 3162 3195 3181
3 3196 3163 3181
3 3163 3196 3182
3 3197 3164 3182
3 3164 3197 3183
3 3198 3165 3183
3 3165 3198 3184
3 3185 3184 3199
3 3184 3185 3166
3 3179 3186 3168
3 3186 3179 3194
3 3187 3180 3169
3 3180 3187 3195
3 3186 3188 3170
3 3188 3186 3200
3 3189 3187 3171
3 3187 3189 3201
3 3173 3202 3189
3 3202 3173 3190
3 3174 3203 3190
3 3203 3174 3191
3 3175 3204 3191
3 3204 3175 3192
3 3178 3205 3194
3 3205 3178 3193
3 3206 3181 3195
3 3181 3206 3196
3 3207 3182 3196
3 3182 3207 3197
3 3208 3183 3197
3 3183 3208 3198
3 3209 3184 3198
3 3184 3209 3199
3 3194 3200 3186
3 3200 3194 3205
3 3201 3195 3187
3 3195 3201 3206
3 3202 3201 3189
3 3201 3202 3210
3 3190 3211 3202
3 3211 3190 3203
3 3191 3212 3203
3 3212 3191 3204
3 3213 3196 3206
3 3196 3213 3207
3 3214 3197 3207
3 3197 3214 3208
3 3215 3198 3208
3 3198 3215 3209
3 3210 3206 3201
3 3206 3210 3213
3 3211 3210 3202
3 3210 3211 3216
3 3203 3217 3211
3 3217 3203 3212
3 3218 3207 3213
3 3207 3218 3214
3 3219 3208 3214
3 3208 3219 3215
3 3216 3213 3210
3 3213 3216 3218
3 3217 3216 3211
3 3216 3217 3220
3 3221 3214 3218
3 3214 3221 3219
3 3220 3218 3216
3 3218 3220 3221
3 3222 3223 3224
3 3223 3222 3225
3 3223 3225 3226
3 3226 3225 3227
3 3226 3227 3228
3 3228 3227 3229
3 3228 3229 3230
3 3230 3229 3231
3 3230 3231 3232
3 3232 3231 3233
3 3232 3233 3234
3 3234 3233 3235
3 3234 3235 3236
3 3236 3235 3237
3 3237 3235 3238
3 3237 3238 3239
3 3237 3239 3240
3 3240 3239 3241
3 3241 3239 3242
3 3241 3242 3243
3 3241 3243 3244
3 3244 3243 3245
3 3246 3247 3248
3 3247 3246 3249
3 3247 3249 3250
3 3250 3249 3251
3 3250 3251 3252
3 3252 3251 3253
3 3252 3253 3254
3 3254 3253 3255
3 3254 3255 3256
3 3256 3255 3257
3 3256 3257 3258
3 3258 3257 3259
3 3258 3259 3260
3 3260 3259 3261
3 3260 3261 3262
3 3262 3261 3263
3 3262 3263 3264
3 3264 3263 3265
3 3264 3265 3266
3 3266 3265 3267
3 3266 3267 3268
3 3268 3267 3269
3 3270 3271 3272
3 3271 3270 3273
3 3271 3273 3274
3 3274 3273 3275
3 3274 3275 3276
3 3276 3275 3277
3 3277 3275 3278
3 3277 3278 3279
3 3277 3279 3280
3 3280 3279 3281
3 3281 3279 3282
3 3282 3279 3283
3 3283 3279 3284
3 3283 3284 3285
3 3285 3284 3286
3 3286 3284 3287
3 3287 3284 3288
3 3287 3288 3289
3 3289 3288 3290
3 3290 3288 3291
3 3291 3288 3292
3 3292 3288 3293
3 3292 3293 3294
3 3294 3293 3295
3 3280 3296 3277
3 3296 3280 3297
3 3296 3297 3298
3 3296 3298 3299
3 3296 3299 3300
3 3300 3299 3301
3 3300 3301 3302
3 3300 3302 3303
3 3300 3303 3304
3 3300 3304 3305
3 3305 3304 3306
3 3305 3306 3307
3 3305 3307 3308
3 3305 3308 3309
3 3309 3308 3310
3 3309 3310 3295
3 3309 3295 3293
3 3309 3293 3311
3 3309 3311 3312
3 3312 3311 3313
3 3312 3313 3314
3 3314 3313 3315
3 3314 3315 3316
3 3316 3315 3317
3 3318 3319 3320
3 3319 3318 3321
3 3326 3321 3318
3 3321 3326 3327
3 3319 3330 3331
3 3330 3319 3321
3 3320 3334 3335
3 3334 3320 3319
3 3338 3320 3339
3 3320 3338 3318
3 3342 3321 3327
3 3344 3326 3318
3 3346 3327 3326
3 3327 3346 3347
3 3342 3330 3321
3 3331 3350 3351
3 3350 3331 3330
3 3319 3331 3354
3 3319 3354 3334
3 3335 3356 3357
3 3356 3335 3334
3 3320 3335 3360
3 3320 3360 3339
3 3362 3339 3363
3 3339 3362 3338
3 3344 3318 3338
3 3347 3342 3327
3 3342 3347 3366
3 3346 3344 3368
3 3344 3346 3326
3 3350 3342 3366
3 3342 3350 3330
3 3354 3351 3370
3 3351 3354 3331
3 3354 3356 3334
3 3356 3354 3370
3 3360 3357 3372
3 3357 3360 3335
3 3339 3372 3363
3 3372 3339 3360
3 3344 3362 3368
3 3362 3344 3338
3 3322 3323 3324
3 3325 3324 3323
3 3328 3329 3322
3 3323 3322 3329
3 3322 3324 3332
3 3333 3332 3324
3 3324 3325 3336
3 3337 3336 3325
3 3323 3340 3325
3 3341 3325 3340
3 3328 3322 3343
3 3323 3329 3345
3 3348 3349 3328
3 3329 3328 3349
3 3322 3332 3343
3 3332 3333 3352
3 3353 3352 3333
3 3355 3333 3324
3 3336 3355 3324
3 3336 3337 3358
3 3359 3358 3337
3 3361 3337 3325
3 3341 3361 3325
3 3340 3364 3341
3 3365 3341 3364
3 3340 3323 3345
3 3367 3348 3343
3 3328 3343 3348
3 3329 3349 3345
3 3369 3345 3349
3 3332 3352 3343
3 3367 3343 3352
3 3333 3355 3353
3 3371 3353 3355
3 3371 3355 3358
3 3336 3358 3355
3 3337 3361 3359
3 3373 3359 3361
3 3361 3341 3373
3 3365 3373 3341
3 3340 3345 3364
3 3369 3364 3345
3 3374 3375 3376
3 3377 3376 3375
3 3382 3374 3383
3 3376 3383 3374
3 3376 3377 3386
3 3387 3386 3377
3 3377 3375 3390
3 3391 3390 3375
3 3374 3394 3375
3 3395 3375 3394
3 3383 3376 3398
3 3400 3374 3382
3 3402 3403 3383
3 3382 3383 3403
3 3376 3386 3398
3 3386 3387 3406
3 3407 3406 3387
3 3410 3387 3377
3 3390 3410 3377
3 3390 3391 3412
3 3413 3412 3391
3 3416 3391 3375
3 3395 3416 3375
3 3395 3394 3418
3 3419 3418 3394
3 3394 3374 3400
3 3398 3422 3383
3 3402 3383 3422
3 3382 3403 3400
3 3424 3400 3403
3 3386 3406 3398
3 3422 3398 3406
3 3410 3426 3387
3 3407 3387 3426
3 3426 3410 3412
3 3390 3412 3410
3 3391 3416 3413
3 3428 3413 3416
3 3416 3395 3428
3 3418 3428 3395
3 3394 3400 3419
3 3424 3419 3400
3 3378 3379 3380
3 3379 3378 3381
3 3381 3384 3379
3 3384 3381 3385
3 3380 3388 3389
3 3388 3380 3379
3 3378 3392 3393
3 3392 3378 3380
3 3396 3378 3397
3 3378 3396 3381
3 3399 3379 3384
3 3385 3381 3401
3 3404 3384 3385
3 3384 3404 3405
3 3399 3388 3379
3 3389 3408 3409
3 3408 3389 3388
3 3380 3389 3411
3 3380 3411 3392
3 3393 3414 3415
3 3414 3393 3392
3 3378 3393 3417
3 3378 3417 3397
3 3396 3420 3421
3 3420 3396 3397
3 3401 3381 3396
3 3423 3384 3405
3 3384 3423 3399
3 3404 3401 3425
3 3401 3404 3385
3 3408 3399 3423
3 3399 3408 3388
3 3427 3389 3409
3 3389 3427 3411
3 3411 3414 3392
3 3414 3411 3427
3 3417 3415 3429
3 3415 3417 3393
3 3397 3429 3420
3 3429 3397 3417
3 3401 3421 3425
3 3421 3401 3396
