OFF
5100 5112 0
238.088456 -633.608331 828.270167
198.453752 -617.278100 685.683334
284.887025 -617.038526 801.361094
284.887025 -617.038526 801.361094
198.453752 -617.278100 685.683334
238.088456 -633.608331 828.270167
261.766744 -594.861092 649.278505
261.766744 -594.861092 649.278505
233.210042 -608.409826 835.428158
238.088456 -633.608331 828.270167
284.887025 -617.038526 801.361094
284.887025 -617.038526 801.361094
238.088456 -633.608331 828.270167
233.210042 -608.409826 835.428158
238.088456 -633.608331 828.270167
149.285462 -634.686944 713.954991
149.285462 -634.686944 713.954991
238.088456 -633.608331 828.270167
179.429957 -591.690810 554.114759
179.429957 -591.690810 554.114759
345.140269 -595.704871 766.715614
345.140269 -595.704871 766.715614
238.088456 -633.608331 828.270167
233.210042 -608.409826 835.428158
143.984892 -609.603291 720.230031
143.984892 -609.603291 720.230031
233.210042 -608.409826 835.428158
238.088456 -633.608331 828.270167
280.015461 -591.837596 808.515147
280.015461 -591.837596 808.515147
149.285462 -634.686944 713.954991
149.285462 -634.686944 713.954991
113.476712 -615.042644 592.037728
113.476712 -615.042644 592.037728
261.766744 -594.861092 649.278505
179.429957 -591.690810 554.114759
175.705343 -567.587135 562.002551
175.705343 -567.587135 562.002551
179.429957 -591.690810 554.114759
261.766744 -594.861092 649.278505
124.345924 -611.194220 585.787955
124.345924 -611.194220 585.787955
345.140269 -595.704871 766.715614
325.076312 -572.445295 612.875645
325.076312 -572.445295 612.875645
345.140269 -595.704871 766.715614
345.140269 -595.704871 766.715614
345.140269 -595.704871 766.715614
280.015461 -591.837596 808.515147
143.984892 -609.603291 720.230031
233.210042 -608.409826 835.428158
233.210042 -608.409826 835.428158
143.984892 -609.603291 720.230031
280.015461 -591.837596 808.515147
63.713757 -607.239602 626.397463
63.713757 -607.239602 626.397463
198.453752 -617.278100 685.683334
113.476712 -615.042644 592.037728
109.801753 -590.921388 599.896968
109.801753 -590.921388 599.896968
113.476712 -615.042644 592.037728
198.453752 -617.278100 685.683334
67.351047 -631.374196 618.559882
67.351047 -631.374196 618.559882
94.175805 -556.431529 462.958115
94.175805 -556.431529 462.958115
256.473024 -569.775014 655.549607
256.473024 -569.775014 655.549607
198.453752 -617.278100 685.683334
120.662404 -587.075995 593.652118
124.345924 -611.194220 585.787955
124.345924 -611.194220 585.787955
120.662404 -587.075995 593.652118
198.453752 -617.278100 685.683334
94.998223 -578.974221 451.942387
94.998223 -578.974221 451.942387
246.431084 -567.967957 515.589261
246.431084 -567.967957 515.589261
405.393513 -574.371217 732.070134
405.393513 -574.371217 732.070134
340.278978 -570.500304 773.863759
340.278978 -570.500304 773.863759
280.015461 -591.837596 808.515147
193.154895 -592.193841 691.957389
193.154895 -592.193841 691.957389
280.015461 -591.837596 808.515147
63.713757 -607.239602 626.397463
63.713757 -607.239602 626.397463
67.351047 -631.374196 618.559882
67.351047 -631.374196 618.559882
23.697146 -581.385660 503.483186
23.697146 -581.385660 503.483186
193.154895 -592.193841 691.957389
193.154895 -592.193841 691.957389
24.355190 -603.986551 492.561973
24.355190 -603.986551 492.561973
175.705343 -567.587135 562.002551
94.175805 -556.431529 462.958115
42.504240 -574.726699 492.669149
42.504240 -574.726699 492.669149
94.175805 -556.431529 462.958115
175.705343 -567.587135 562.002551
94.998223 -578.974221 451.942387
94.998223 -578.974221 451.942387
256.473024 -569.775014 655.549607
120.662404 -587.075995 593.652118
120.662404 -587.075995 593.652118
256.473024 -569.775014 655.549607
261.766744 -594.861092 649.278505
256.473024 -569.775014 655.549607
187.357043 -563.461658 555.302850
187.357043 -563.461658 555.302850
256.473024 -569.775014 655.549607
261.766744 -594.861092 649.278505
42.504240 -574.726699 492.669149
42.504240 -574.726699 492.669149
193.154895 -592.193841 691.957389
193.154895 -592.193841 691.957389
43.210227 -597.310615 481.720370
43.210227 -597.310615 481.720370
325.076312 -572.445295 612.875645
246.431084 -567.967957 515.589261
242.653392 -543.883074 523.507573
242.653392 -543.883074 523.507573
246.431084 -567.967957 515.589261
325.076312 -572.445295 612.875645
191.091930 -587.561696 547.409151
191.091930 -587.561696 547.409151
388.380743 -550.031318 576.475739
388.380743 -550.031318 576.475739
340.278978 -570.500304 773.863759
345.140269 -595.704871 766.715614
405.393513 -574.371217 732.070134
405.393513 -574.371217 732.070134
345.140269 -595.704871 766.715614
340.278978 -570.500304 773.863759
340.278978 -570.500304 773.863759
280.015461 -591.837596 808.515147
280.015461 -591.837596 808.515147
340.278978 -570.500304 773.863759
109.801753 -590.921388 599.896968
109.801753 -590.921388 599.896968
-21.276190 -597.309211 529.342754
-21.276190 -597.309211 529.342754
23.697146 -581.385660 503.483186
-21.276190 -597.309211 529.342754
-21.276190 -597.309211 529.342754
23.697146 -581.385660 503.483186
24.355190 -603.986551 492.561973
24.355190 -603.986551 492.561973
-20.777383 -619.966483 518.513102
-20.777383 -619.966483 518.513102
-41.732181 -555.446699 397.024142
-41.732181 -555.446699 397.024142
7.264887 -538.098479 368.850937
7.264887 -538.098479 368.850937
319.784304 -547.358611 619.145763
187.357043 -563.461658 555.302850
187.357043 -563.461658 555.302850
319.784304 -547.358611 619.145763
191.091930 -587.561696 547.409151
191.091930 -587.561696 547.409151
43.210227 -597.310615 481.720370
43.210227 -597.310615 481.720370
4.387983 -558.834378 354.257073
4.387983 -558.834378 354.257073
162.849778 -532.116377 423.470734
162.849778 -532.116377 423.470734
319.784304 -547.358611 619.145763
319.784304 -547.358611 619.145763
163.819448 -554.606932 412.370337
163.819448 -554.606932 412.370337
312.844918 -544.453044 477.401455
312.844918 -544.453044 477.401455
405.393513 -574.371217 732.070134
465.648469 -553.036956 697.423669
465.648469 -553.036956 697.423669
405.393513 -574.371217 732.070134
405.393513 -574.371217 732.070134
400.542495 -549.163013 739.212372
400.542495 -549.163013 739.212372
405.393513 -574.371217 732.070134
340.278978 -570.500304 773.863759
340.278978 -570.500304 773.863759
-20.777383 -619.966483 518.513102
-20.777383 -619.966483 518.513102
-111.378698 -580.106196 437.070733
-111.378698 -580.106196 437.070733
-66.124557 -564.083221 411.049703
-66.124557 -564.083221 411.049703
-69.318223 -584.931275 396.637977
-69.318223 -584.931275 396.637977
-41.732181 -555.446699 397.024142
-41.732181 -555.446699 397.024142
7.264887 -538.098479 368.850937
7.264887 -538.098479 368.850937
4.387983 -558.834378 354.257073
4.387983 -558.834378 354.257073
400.542495 -549.163013 739.212372
400.542495 -549.163013 739.212372
242.653392 -543.883074 523.507573
242.653392 -543.883074 523.507573
111.945290 -550.139950 452.740701
111.945290 -550.139950 452.740701
-44.804279 -576.251709 382.542514
-44.804279 -576.251709 382.542514
162.849778 -532.116377 423.470734
111.945290 -550.139950 452.740701
111.945290 -550.139950 452.740701
162.849778 -532.116377 423.470734
163.819448 -554.606932 412.370337
163.819448 -554.606932 412.370337
325.076312 -572.445295 612.875645
319.784304 -547.358611 619.145763
254.558501 -539.667874 516.662162
254.558501 -539.667874 516.662162
319.784304 -547.358611 619.145763
325.076312 -572.445295 612.875645
112.808801 -572.668092 441.701345
112.808801 -572.668092 441.701345
388.380743 -550.031318 576.475739
312.844918 -544.453044 477.401455
309.015859 -520.386349 485.349303
309.015859 -520.386349 485.349303
312.844918 -544.453044 477.401455
388.380743 -550.031318 576.475739
258.344755 -563.749725 508.738927
258.344755 -563.749725 508.738927
465.648469 -553.036956 697.423669
451.683462 -527.617947 540.076817
451.683462 -527.617947 540.076817
465.648469 -553.036956 697.423669
400.542495 -549.163013 739.212372
465.648469 -553.036956 697.423669
465.648469 -553.036956 697.423669
400.542495 -549.163013 739.212372
400.542495 -549.163013 739.212372
340.278978 -570.500304 773.863759
340.278978 -570.500304 773.863759
400.542495 -549.163013 739.212372
-111.378698 -580.106196 437.070733
-111.378698 -580.106196 437.070733
-66.124557 -564.083221 411.049703
-66.124557 -564.083221 411.049703
-69.318223 -584.931275 396.637977
-69.318223 -584.931275 396.637977
-114.943917 -601.085805 422.872649
-114.943917 -601.085805 422.872649
-44.804279 -576.251709 382.542514
-44.804279 -576.251709 382.542514
-125.448574 -526.990103 310.704674
-125.448574 -526.990103 310.704674
-77.463432 -510.000172 283.113324
-77.463432 -510.000172 283.113324
400.542495 -549.163013 739.212372
460.804300 -527.826327 704.561969
460.804300 -527.826327 704.561969
400.542495 -549.163013 739.212372
112.808801 -572.668092 441.701345
112.808801 -572.668092 441.701345
-83.910955 -528.918610 265.314801
-83.910955 -528.918610 265.314801
32.905476 -529.020006 354.107656
32.905476 -529.020006 354.107656
82.159378 -511.580850 325.786772
82.159378 -511.580850 325.786772
383.093871 -524.942815 582.742903
254.558501 -539.667874 516.662162
254.558501 -539.667874 516.662162
383.093871 -524.942815 582.742903
258.344755 -563.749725 508.738927
258.344755 -563.749725 508.738927
79.643754 -532.188832 310.985173
79.643754 -532.188832 310.985173
233.403775 -507.135571 382.902343
233.403775 -507.135571 382.902343
383.093871 -524.942815 582.742903
383.093871 -524.942815 582.742903
234.532682 -529.569745 371.710386
234.532682 -529.569745 371.710386
380.549771 -520.481024 438.471316
380.549771 -520.481024 438.471316
525.901713 -531.703302 662.778188
525.901713 -531.703302 662.778188
400.542495 -549.163013 739.212372
460.804300 -527.826327 704.561969
460.804300 -527.826327 704.561969
400.542495 -549.163013 739.212372
-114.943917 -601.085805 422.872649
-114.943917 -601.085805 422.872649
-201.940572 -554.073356 354.687401
-201.940572 -554.073356 354.687401
-156.549453 -538.001882 328.587609
-156.549453 -538.001882 328.587609
-163.577420 -557.125835 311.122841
-163.577420 -557.125835 311.122841
-125.448574 -526.990103 310.704674
-125.448574 -526.990103 310.704674
-77.463432 -510.000172 283.113324
-77.463432 -510.000172 283.113324
-83.910955 -528.918610 265.314801
-83.910955 -528.918610 265.314801
460.804300 -527.826327 704.561969
460.804300 -527.826327 704.561969
32.905476 -529.020006 354.107656
32.905476 -529.020006 354.107656
-132.255664 -546.035851 293.112901
-132.255664 -546.035851 293.112901
82.159378 -511.580850 325.786772
82.159378 -511.580850 325.786772
79.643754 -532.188832 310.985173
79.643754 -532.188832 310.985173
309.015859 -520.386349 485.349303
309.015859 -520.386349 485.349303
183.194451 -524.913010 411.772592
183.194451 -524.913010 411.772592
30.156989 -549.710437 339.439952
30.156989 -549.710437 339.439952
233.403775 -507.135571 382.902343
183.194451 -524.913010 411.772592
183.194451 -524.913010 411.772592
233.403775 -507.135571 382.902343
234.532682 -529.569745 371.710386
234.532682 -529.569745 371.710386
388.380743 -550.031318 576.475739
383.093871 -524.942815 582.742903
320.802825 -516.212979 478.571824
320.802825 -516.212979 478.571824
383.093871 -524.942815 582.742903
388.380743 -550.031318 576.475739
184.210351 -547.387196 400.645614
184.210351 -547.387196 400.645614
451.683462 -527.617947 540.076817
380.549771 -520.481024 438.471316
376.667633 -496.433123 446.449684
376.667633 -496.433123 446.449684
380.549771 -520.481024 438.471316
451.683462 -527.617947 540.076817
324.642158 -540.276037 470.618068
324.642158 -540.276037 470.618068
525.901713 -531.703302 662.778188
514.986181 -505.204576 503.677895
514.986181 -505.204576 503.677895
525.901713 -531.703302 662.778188
460.804300 -527.826327 704.561969
465.648469 -553.036956 697.423669
525.901713 -531.703302 662.778188
525.901713 -531.703302 662.778188
465.648469 -553.036956 697.423669
460.804300 -527.826327 704.561969
-201.940572 -554.073356 354.687401
-201.940572 -554.073356 354.687401
-156.549453 -538.001882 328.587609
-156.549453 -538.001882 328.587609
-163.577420 -557.125835 311.122841
-163.577420 -557.125835 311.122841
-209.435977 -573.362814 337.491409
-209.435977 -573.362814 337.491409
-132.255664 -546.035851 293.112901
-132.255664 -546.035851 293.112901
-203.469509 -487.700395 238.511466
-203.469509 -487.700395 238.511466
-157.574995 -471.450686 212.122223
-157.574995 -471.450686 212.122223
521.067817 -506.489035 669.910581
460.804300 -527.826327 704.561969
460.804300 -527.826327 704.561969
521.067817 -506.489035 669.910581
30.156989 -549.710437 339.439952
30.156989 -549.710437 339.439952
-166.411331 -488.669928 192.260428
-166.411331 -488.669928 192.260428
-47.770003 -499.486724 266.039669
-47.770003 -499.486724 266.039669
1.319525 -482.105767 237.813300
1.319525 -482.105767 237.813300
184.210351 -547.387196 400.645614
184.210351 -547.387196 400.645614
-4.571524 -500.827176 219.694806
-4.571524 -500.827176 219.694806
106.003842 -503.138324 312.076259
106.003842 -503.138324 312.076259
156.274806 -485.339060 283.170567
156.274806 -485.339060 283.170567
446.400014 -502.528231 546.342012
320.802825 -516.212979 478.571824
320.802825 -516.212979 478.571824
446.400014 -502.528231 546.342012
324.642158 -540.276037 470.618068
324.642158 -540.276037 470.618068
154.094778 -505.828219 268.176001
154.094778 -505.828219 268.176001
303.079400 -482.465767 342.839015
303.079400 -482.465767 342.839015
446.400014 -502.528231 546.342012
446.400014 -502.528231 546.342012
304.365832 -504.844167 331.556481
304.365832 -504.844167 331.556481
446.052701 -497.288632 400.807278
446.052701 -497.288632 400.807278
586.154956 -510.369648 628.132708
586.154956 -510.369648 628.132708
460.804300 -527.826327 704.561969
525.901713 -531.703302 662.778188
521.067817 -506.489035 669.910581
521.067817 -506.489035 669.910581
525.901713 -531.703302 662.778188
460.804300 -527.826327 704.561969
-209.435977 -573.362814 337.491409
-209.435977 -573.362814 337.491409
-286.026213 -516.930957 285.981386
-286.026213 -516.930957 285.981386
-239.951915 -500.617592 259.488768
-239.951915 -500.617592 259.488768
-249.435472 -518.065994 239.999123
-249.435472 -518.065994 239.999123
-203.469509 -487.700395 238.511466
-203.469509 -487.700395 238.511466
-157.574995 -471.450686 212.122223
-157.574995 -471.450686 212.122223
-166.411331 -488.669928 192.260428
-166.411331 -488.669928 192.260428
521.067817 -506.489035 669.910581
521.067817 -506.489035 669.910581
-47.770003 -499.486724 266.039669
-47.770003 -499.486724 266.039669
-212.593499 -505.021486 218.815071
-212.593499 -505.021486 218.815071
1.319525 -482.105767 237.813300
1.319525 -482.105767 237.813300
-4.571524 -500.827176 219.694806
-4.571524 -500.827176 219.694806
106.003842 -503.138324 312.076259
106.003842 -503.138324 312.076259
-54.000073 -518.328169 248.116112
-54.000073 -518.328169 248.116112
156.274806 -485.339060 283.170567
156.274806 -485.339060 283.170567
154.094778 -505.828219 268.176001
154.094778 -505.828219 268.176001
376.667633 -496.433123 446.449684
376.667633 -496.433123 446.449684
252.565300 -500.351117 371.884509
252.565300 -500.351117 371.884509
103.606361 -523.704476 297.206728
103.606361 -523.704476 297.206728
303.079400 -482.465767 342.839015
252.565300 -500.351117 371.884509
252.565300 -500.351117 371.884509
303.079400 -482.465767 342.839015
304.365832 -504.844167 331.556481
304.365832 -504.844167 331.556481
451.683462 -527.617947 540.076817
446.400014 -502.528231 546.342012
387.706356 -492.524681 440.102443
387.706356 -492.524681 440.102443
446.400014 -502.528231 546.342012
451.683462 -527.617947 540.076817
253.740437 -522.768923 360.665970
253.740437 -522.768923 360.665970
514.986181 -505.204576 503.677895
446.052701 -497.288632 400.807278
442.119196 -473.258918 408.815182
442.119196 -473.258918 408.815182
446.052701 -497.288632 400.807278
514.986181 -505.204576 503.677895
391.597055 -516.569551 432.119152
391.597055 -516.569551 432.119152
586.154956 -510.369648 628.132708
578.288899 -482.791204 467.278973
578.288899 -482.791204 467.278973
586.154956 -510.369648 628.132708
586.154956 -510.369648 628.132708
586.154956 -510.369648 628.132708
-286.026213 -516.930957 285.981386
-286.026213 -516.930957 285.981386
-239.951915 -500.617592 259.488768
-239.951915 -500.617592 259.488768
-249.435472 -518.065994 239.999123
-249.435472 -518.065994 239.999123
-295.792287 -534.479389 266.654188
-295.792287 -534.479389 266.654188
-212.593499 -505.021486 218.815071
-212.593499 -505.021486 218.815071
-272.137240 -436.373359 186.125277
-272.137240 -436.373359 186.125277
-223.804516 -419.260361 158.334068
-223.804516 -419.260361 158.334068
581.331334 -485.151744 635.259193
521.067817 -506.489035 669.910581
521.067817 -506.489035 669.910581
581.331334 -485.151744 635.259193
-54.000073 -518.328169 248.116112
-54.000073 -518.328169 248.116112
-232.774777 -435.081679 138.289396
-232.774777 -435.081679 138.289396
-121.006978 -458.503176 191.095695
-121.006978 -458.503176 191.095695
-75.078220 -442.241342 164.686762
-75.078220 -442.241342 164.686762
103.606361 -523.704476 297.206728
103.606361 -523.704476 297.206728
-83.284456 -459.237488 144.462661
-83.284456 -459.237488 144.462661
30.292106 -471.847547 221.154131
30.292106 -471.847547 221.154131
80.361028 -454.119820 192.364613
80.361028 -454.119820 192.364613
253.740437 -522.768923 360.665970
253.740437 -522.768923 360.665970
75.021316 -472.646019 173.929101
75.021316 -472.646019 173.929101
179.891544 -476.977165 269.590996
179.891544 -476.977165 269.590996
228.429735 -459.791418 241.681644
228.429735 -459.791418 241.681644
509.706158 -480.113648 509.941121
387.706356 -492.524681 440.102443
387.706356 -492.524681 440.102443
509.706158 -480.113648 509.941121
391.597055 -516.569551 432.119152
391.597055 -516.569551 432.119152
226.566469 -480.168422 226.504941
226.566469 -480.168422 226.504941
371.517086 -458.234276 303.487498
371.517086 -458.234276 303.487498
509.706158 -480.113648 509.941121
509.706158 -480.113648 509.941121
372.959330 -480.557508 292.115373
372.959330 -480.557508 292.115373
513.519554 -473.400881 362.013988
513.519554 -473.400881 362.013988
646.409912 -489.035387 593.486243
646.409912 -489.035387 593.486243
521.067817 -506.489035 669.910581
586.154956 -510.369648 628.132708
581.331334 -485.151744 635.259193
581.331334 -485.151744 635.259193
586.154956 -510.369648 628.132708
521.067817 -506.489035 669.910581
-295.792287 -534.479389 266.654188
-295.792287 -534.479389 266.654188
-357.899231 -466.738806 235.438230
-357.899231 -466.738806 235.438230
-309.415831 -449.572459 207.560383
-309.415831 -449.572459 207.560383
-318.930580 -465.586561 187.828790
-318.930580 -465.586561 187.828790
-272.137240 -436.373359 186.125277
-272.137240 -436.373359 186.125277
-223.804516 -419.260361 158.334068
-223.804516 -419.260361 158.334068
-232.774777 -435.081679 138.289396
-232.774777 -435.081679 138.289396
581.331334 -485.151744 635.259193
581.331334 -485.151744 635.259193
-121.006978 -458.503176 191.095695
-121.006978 -458.503176 191.095695
-281.230781 -452.238326 166.151490
-281.230781 -452.238326 166.151490
-75.078220 -442.241342 164.686762
-75.078220 -442.241342 164.686762
-83.284456 -459.237488 144.462661
-83.284456 -459.237488 144.462661
30.292106 -471.847547 221.154131
30.292106 -471.847547 221.154131
-129.488883 -475.596927 171.030103
-129.488883 -475.596927 171.030103
80.361028 -454.119820 192.364613
80.361028 -454.119820 192.364613
75.021316 -472.646019 173.929101
75.021316 -472.646019 173.929101
179.891544 -476.977165 269.590996
179.891544 -476.977165 269.590996
24.611661 -490.494389 202.914540
24.611661 -490.494389 202.914540
228.429735 -459.791418 241.681644
228.429735 -459.791418 241.681644
226.566469 -480.168422 226.504941
226.566469 -480.168422 226.504941
442.119196 -473.258918 408.815182
442.119196 -473.258918 408.815182
322.809384 -475.480041 331.494318
322.809384 -475.480041 331.494318
177.829659 -497.424493 254.528497
177.829659 -497.424493 254.528497
371.517086 -458.234276 303.487498
322.809384 -475.480041 331.494318
322.809384 -475.480041 331.494318
371.517086 -458.234276 303.487498
372.959330 -480.557508 292.115373
372.959330 -480.557508 292.115373
514.986181 -505.204576 503.677895
509.706158 -480.113648 509.941121
454.851310 -468.750903 401.494244
454.851310 -468.750903 401.494244
509.706158 -480.113648 509.941121
514.986181 -505.204576 503.677895
324.142046 -497.842073 320.185202
324.142046 -497.842073 320.185202
578.288899 -482.791204 467.278973
513.519554 -473.400881 362.013988
509.532970 -449.389960 370.052413
509.532970 -449.389960 370.052413
513.519554 -473.400881 362.013988
578.288899 -482.791204 467.278973
458.795089 -492.776980 393.480433
458.795089 -492.776980 393.480433
646.409912 -489.035387 593.486243
641.593330 -460.377227 430.879067
641.593330 -460.377227 430.879067
646.409912 -489.035387 593.486243
646.409912 -489.035387 593.486243
581.331334 -485.151744 635.259193
581.331334 -485.151744 635.259193
646.409912 -489.035387 593.486243
-357.899231 -466.738806 235.438230
-357.899231 -466.738806 235.438230
-309.415831 -449.572459 207.560383
-309.415831 -449.572459 207.560383
-318.930580 -465.586561 187.828790
-318.930580 -465.586561 187.828790
-367.526987 -482.792920 215.771616
-367.526987 -482.792920 215.771616
-281.230781 -452.238326 166.151490
-281.230781 -452.238326 166.151490
-330.360490 -353.821890 162.593696
-330.360490 -353.821890 162.593696
-288.398768 -349.887738 112.637394
-288.398768 -349.887738 112.637394
641.594851 -463.814452 600.607806
581.331334 -485.151744 635.259193
581.331334 -485.151744 635.259193
641.594851 -463.814452 600.607806
-129.488883 -475.596927 171.030103
-129.488883 -475.596927 171.030103
-288.398768 -349.887738 112.637394
-288.398768 -349.887738 112.637394
-186.469421 -406.041255 136.866472
-186.469421 -406.041255 136.866472
-138.153819 -388.934320 109.085109
-138.153819 -388.934320 109.085109
24.611661 -490.494389 202.914540
24.611661 -490.494389 202.914540
-146.586441 -404.565277 88.731296
-146.586441 -404.565277 88.731296
-38.549584 -429.307776 143.682878
-38.549584 -429.307776 143.682878
7.411707 -413.034424 117.255238
7.411707 -413.034424 117.255238
177.829659 -497.424493 254.528497
177.829659 -497.424493 254.528497
-0.154157 -429.803835 96.662924
-0.154157 -429.803835 96.662924
108.087109 -444.302944 176.422178
108.087109 -444.302944 176.422178
156.551674 -427.143266 148.555161
156.551674 -427.143266 148.555161
324.142046 -497.842073 320.185202
324.142046 -497.842073 320.185202
151.706795 -445.494261 129.835122
151.706795 -445.494261 129.835122
255.741457 -450.121253 225.977465
255.741457 -450.121253 225.977465
301.764388 -433.826076 199.514383
301.764388 -433.826076 199.514383
573.012301 -457.699064 473.540230
454.851310 -468.750903 401.494244
454.851310 -468.750903 401.494244
573.012301 -457.699064 473.540230
458.795089 -492.776980 393.480433
458.795089 -492.776980 393.480433
300.246991 -454.080619 184.138805
300.246991 -454.080619 184.138805
443.391210 -432.786058 262.160038
443.391210 -432.786058 262.160038
573.012301 -457.699064 473.540230
573.012301 -457.699064 473.540230
445.008101 -455.047453 250.687491
445.008101 -455.047453 250.687491
580.770667 -449.589515 323.344749
580.770667 -449.589515 323.344749
706.663156 -467.701733 558.840762
706.663156 -467.701733 558.840762
581.331334 -485.151744 635.259193
646.409912 -489.035387 593.486243
641.594851 -463.814452 600.607806
641.594851 -463.814452 600.607806
646.409912 -489.035387 593.486243
581.331334 -485.151744 635.259193
-367.526987 -482.792920 215.771616
-367.526987 -482.792920 215.771616
-418.410015 -384.997276 213.221976
-418.410015 -384.997276 213.221976
-376.751358 -381.170429 163.439935
-376.751358 -381.170429 163.439935
-376.751358 -381.170429 163.439935
-376.751358 -381.170429 163.439935
-339.522421 -367.988910 142.033380
-339.522421 -367.988910 142.033380
-330.360490 -353.821890 162.593696
-330.360490 -353.821890 162.593696
-279.182045 -335.701318 133.166205
-279.182045 -335.701318 133.166205
-279.182045 -335.701318 133.166205
-279.182045 -335.701318 133.166205
641.594851 -463.814452 600.607806
641.594851 -463.814452 600.607806
-186.469421 -406.041255 136.866472
-186.469421 -406.041255 136.866472
-339.522421 -367.988910 142.033380
-339.522421 -367.988910 142.033380
-138.153819 -388.934320 109.085109
-138.153819 -388.934320 109.085109
-146.586441 -404.565277 88.731296
-146.586441 -404.565277 88.731296
-38.549584 -429.307776 143.682878
-38.549584 -429.307776 143.682878
-195.021899 -421.714650 116.581576
-195.021899 -421.714650 116.581576
7.411707 -413.034424 117.255238
7.411707 -413.034424 117.255238
-0.154157 -429.803835 96.662924
-0.154157 -429.803835 96.662924
108.087109 -444.302944 176.422178
108.087109 -444.302944 176.422178
-46.389404 -446.174186 123.248088
-46.389404 -446.174186 123.248088
156.551674 -427.143266 148.555161
156.551674 -427.143266 148.555161
151.706795 -445.494261 129.835122
151.706795 -445.494261 129.835122
255.741457 -450.121253 225.977465
255.741457 -450.121253 225.977465
102.951151 -462.757001 157.869508
102.951151 -462.757001 157.869508
301.764388 -433.826076 199.514383
301.764388 -433.826076 199.514383
300.246991 -454.080619 184.138805
300.246991 -454.080619 184.138805
509.532970 -449.389960 370.052413
509.532970 -449.389960 370.052413
394.291408 -450.170652 290.392314
394.291408 -450.170652 290.392314
254.015169 -470.449758 210.722000
254.015169 -470.449758 210.722000
443.391210 -432.786058 262.160038
394.291408 -450.170652 290.392314
394.291408 -450.170652 290.392314
443.391210 -432.786058 262.160038
445.008101 -455.047453 250.687491
445.008101 -455.047453 250.687491
578.288899 -482.791204 467.278973
573.012301 -457.699064 473.540230
519.830299 -445.744021 364.131471
519.830299 -445.744021 364.131471
573.012301 -457.699064 473.540230
578.288899 -482.791204 467.278973
395.788443 -472.474485 278.988684
395.788443 -472.474485 278.988684
641.593330 -460.377227 430.879067
580.770667 -449.589515 323.344749
576.731003 -425.597388 331.413693
576.731003 -425.597388 331.413693
580.770667 -449.589515 323.344749
641.593330 -460.377227 430.879067
523.825444 -469.751910 356.088124
523.825444 -469.751910 356.088124
704.902898 -437.961431 394.476207
704.902898 -437.961431 394.476207
706.663156 -467.701733 558.840762
641.594851 -463.814452 600.607806
641.594851 -463.814452 600.607806
706.663156 -467.701733 558.840762
-427.974320 -399.306763 192.893024
-427.974320 -399.306763 192.893024
-418.410015 -384.997276 213.221976
-418.410015 -384.997276 213.221976
-367.116852 -366.836086 183.728522
-367.116852 -366.836086 183.728522
-367.116852 -366.836086 183.728522
-367.116852 -366.836086 183.728522
-427.974320 -399.306763 192.893024
-427.974320 -399.306763 192.893024
-394.164227 -244.546334 145.765084
-394.164227 -244.546334 145.765084
-384.478375 -231.479903 168.288776
-384.478375 -231.479903 168.288776
-338.861030 -224.965326 113.965869
-338.861030 -224.965326 113.965869
701.858368 -442.477160 565.956418
641.594851 -463.814452 600.607806
641.594851 -463.814452 600.607806
701.858368 -442.477160 565.956418
-195.021899 -421.714650 116.581576
-195.021899 -421.714650 116.581576
-338.861030 -224.965326 113.965869
-338.861030 -224.965326 113.965869
-242.389726 -322.674391 112.010704
-242.389726 -322.674391 112.010704
-200.035905 -318.601410 61.828945
-200.035905 -318.601410 61.828945
-46.389404 -446.174186 123.248088
-46.389404 -446.174186 123.248088
-200.035905 -318.601410 61.828945
-200.035905 -318.601410 61.828945
-100.810164 -375.712183 87.612591
-100.810164 -375.712183 87.612591
-52.465454 -358.594941 59.814491
-52.465454 -358.594941 59.814491
102.951151 -462.757001 157.869508
102.951151 -462.757001 157.869508
-60.363861 -374.036751 39.153505
-60.363861 -374.036751 39.153505
43.906099 -400.112983 96.271045
43.906099 -400.112983 96.271045
89.887936 -383.832355 69.831591
89.887936 -383.832355 69.831591
254.015169 -470.449758 210.722000
254.015169 -470.449758 210.722000
82.962445 -400.375032 48.871064
82.962445 -400.375032 48.871064
188.755227 -415.741067 130.038191
188.755227 -415.741067 130.038191
235.139437 -399.317973 103.367373
235.139437 -399.317973 103.367373
395.788443 -472.474485 278.988684
395.788443 -472.474485 278.988684
230.852744 -417.471333 84.326379
230.852744 -417.471333 84.326379
330.396236 -423.688498 183.051134
330.396236 -423.688498 183.051134
377.050978 -407.169617 156.224762
377.050978 -407.169617 156.224762
636.320156 -435.283874 437.138355
519.830299 -445.744021 364.131471
519.830299 -445.744021 364.131471
636.320156 -435.283874 437.138355
523.825444 -469.751910 356.088124
523.825444 -469.751910 356.088124
375.911984 -427.290180 140.631603
375.911984 -427.290180 140.631603
512.818562 -408.204159 222.239466
512.818562 -408.204159 222.239466
636.320156 -435.283874 437.138355
636.320156 -435.283874 437.138355
514.604963 -430.405537 210.669450
514.604963 -430.405537 210.669450
646.701653 -426.245563 285.434579
646.701653 -426.245563 285.434579
766.916400 -446.368079 524.195282
766.916400 -446.368079 524.195282
641.594851 -463.814452 600.607806
701.858368 -442.477160 565.956418
701.858368 -442.477160 565.956418
641.594851 -463.814452 600.607806
-484.297532 -276.459517 197.591533
-484.297532 -276.459517 197.591533
-474.358270 -263.303362 219.969515
-474.358270 -263.303362 219.969515
-428.953241 -256.863958 165.768690
-428.953241 -256.863958 165.768690
-428.953241 -256.863958 165.768690
-428.953241 -256.863958 165.768690
-394.164227 -244.546334 145.765084
-394.164227 -244.546334 145.765084
-384.478375 -231.479903 168.288776
-384.478375 -231.479903 168.288776
-328.913207 -211.806139 136.338929
-328.913207 -211.806139 136.338929
-328.913207 -211.806139 136.338929
-328.913207 -211.806139 136.338929
701.858368 -442.477160 565.956418
701.858368 -442.477160 565.956418
-251.139011 -336.695307 91.213117
-251.139011 -336.695307 91.213117
-242.389726 -322.674391 112.010704
-242.389726 -322.674391 112.010704
-191.230117 -304.560487 82.594042
-191.230117 -304.560487 82.594042
-191.230117 -304.560487 82.594042
-191.230117 -304.560487 82.594042
-100.810164 -375.712183 87.612591
-100.810164 -375.712183 87.612591
-251.139011 -336.695307 91.213117
-251.139011 -336.695307 91.213117
-52.465454 -358.594941 59.814491
-52.465454 -358.594941 59.814491
-60.363861 -374.036751 39.153505
-60.363861 -374.036751 39.153505
43.906099 -400.112983 96.271045
43.906099 -400.112983 96.271045
-108.823290 -391.194611 67.017568
-108.823290 -391.194611 67.017568
89.887936 -383.832355 69.831591
89.887936 -383.832355 69.831591
82.962445 -400.375032 48.871064
82.962445 -400.375032 48.871064
188.755227 -415.741067 130.038191
188.755227 -415.741067 130.038191
36.706651 -416.752658 75.468042
36.706651 -416.752658 75.468042
235.139437 -399.317973 103.367373
235.139437 -399.317973 103.367373
230.852744 -417.471333 84.326379
230.852744 -417.471333 84.326379
330.396236 -423.688498 183.051134
330.396236 -423.688498 183.051134
184.146635 -434.008401 111.182287
184.146635 -434.008401 111.182287
377.050978 -407.169617 156.224762
377.050978 -407.169617 156.224762
375.911984 -427.290180 140.631603
375.911984 -427.290180 140.631603
576.731003 -425.597388 331.413693
576.731003 -425.597388 331.413693
461.143572 -426.500541 251.952469
461.143572 -426.500541 251.952469
329.022666 -443.892116 167.592856
329.022666 -443.892116 167.592856
512.818562 -408.204159 222.239466
461.143572 -426.500541 251.952469
461.143572 -426.500541 251.952469
512.818562 -408.204159 222.239466
514.604963 -430.405537 210.669450
514.604963 -430.405537 210.669450
641.593330 -460.377227 430.879067
636.320156 -435.283874 437.138355
587.009498 -421.958118 325.503582
587.009498 -421.958118 325.503582
636.320156 -435.283874 437.138355
641.593330 -460.377227 430.879067
462.810118 -448.744356 240.451371
462.810118 -448.744356 240.451371
704.902898 -437.961431 394.476207
646.701653 -426.245563 285.434579
642.610623 -402.271623 293.533060
642.610623 -402.271623 293.533060
646.701653 -426.245563 285.434579
704.902898 -437.961431 394.476207
591.056010 -445.947820 317.430699
591.056010 -445.947820 317.430699
768.215890 -415.544422 358.071378
768.215890 -415.544422 358.071378
706.663156 -467.701733 558.840762
766.916400 -446.368079 524.195282
766.916400 -446.368079 524.195282
706.663156 -467.701733 558.840762
-484.297532 -276.459517 197.591533
-484.297532 -276.459517 197.591533
-474.358270 -263.303362 219.969515
-474.358270 -263.303362 219.969515
-418.734887 -243.608986 187.986194
-418.734887 -243.608986 187.986194
-418.734887 -243.608986 187.986194
-418.734887 -243.608986 187.986194
-383.105093 -75.789499 134.791198
-383.105093 -75.789499 134.791198
-444.056925 -97.370500 169.838365
-444.056925 -97.370500 169.838365
-433.437373 -85.268269 194.905297
-433.437373 -85.268269 194.905297
-383.105093 -75.789499 134.791198
-383.105093 -75.789499 134.791198
762.120173 -421.140475 531.306015
701.858368 -442.477160 565.956418
701.858368 -442.477160 565.956418
762.120173 -421.140475 531.306015
-304.061742 -212.644064 93.956357
-304.061742 -212.644064 93.956357
-294.639573 -199.670994 116.631666
-294.639573 -199.670994 116.631666
-248.767106 -193.066087 62.162065
-248.767106 -193.066087 62.162065
-108.823290 -391.194611 67.017568
-108.823290 -391.194611 67.017568
-248.767106 -193.066087 62.162065
-248.767106 -193.066087 62.162065
-154.425812 -291.529316 61.431650
-154.425812 -291.529316 61.431650
-111.654207 -287.308413 11.009667
-111.654207 -287.308413 11.009667
36.706651 -416.752658 75.468042
36.706651 -416.752658 75.468042
-111.654207 -287.308413 11.009667
-111.654207 -287.308413 11.009667
-15.154330 -345.384323 38.360678
-15.154330 -345.384323 38.360678
33.205789 -328.261625 10.553717
33.205789 -328.261625 10.553717
184.146635 -434.008401 111.182287
184.146635 -434.008401 111.182287
25.846734 -343.512469 -10.417394
25.846734 -343.512469 -10.417394
126.365205 -370.916976 48.857243
126.365205 -370.916976 48.857243
172.352179 -354.634530 22.414836
172.352179 -354.634530 22.414836
329.022666 -443.892116 167.592856
329.022666 -443.892116 167.592856
166.067061 -370.950472 1.086096
166.067061 -370.950472 1.086096
266.983422 -388.043085 85.057153
266.983422 -388.043085 85.057153
313.793977 -371.469036 58.141189
313.793977 -371.469036 58.141189
462.810118 -448.744356 240.451371
462.810118 -448.744356 240.451371
308.317287 -390.043734 39.784440
308.317287 -390.043734 39.784440
400.684838 -398.801659 142.635345
400.684838 -398.801659 142.635345
450.460969 -381.177599 114.014181
450.460969 -381.177599 114.014181
699.633149 -412.866865 400.733526
587.009498 -421.958118 325.503582
587.009498 -421.958118 325.503582
699.633149 -412.866865 400.733526
591.056010 -445.947820 317.430699
591.056010 -445.947820 317.430699
449.686679 -401.169033 98.211319
449.686679 -401.169033 98.211319
583.262977 -383.262152 181.734085
583.262977 -383.262152 181.734085
699.633149 -412.866865 400.733526
699.633149 -412.866865 400.733526
585.220601 -405.402906 170.065617
585.220601 -405.402906 170.065617
713.171990 -402.710644 247.214284
713.171990 -402.710644 247.214284
827.171356 -425.033818 489.548817
827.171356 -425.033818 489.548817
766.916400 -446.368079 524.195282
762.120173 -421.140475 531.306015
762.120173 -421.140475 531.306015
766.916400 -446.368079 524.195282
-474.493460 -108.147057 187.339304
-474.493460 -108.147057 187.339304
-535.445292 -129.728058 222.386471
-535.445292 -129.728058 222.386471
-524.690475 -117.577933 247.375626
-524.690475 -117.577933 247.375626
-474.493460 -108.147057 187.339304
-474.493460 -108.147057 187.339304
-444.056925 -97.370500 169.838365
-444.056925 -97.370500 169.838365
-433.437373 -85.268269 194.905297
-433.437373 -85.268269 194.905297
-372.081456 -63.544194 159.625782
-372.081456 -63.544194 159.625782
-372.081456 -63.544194 159.625782
-372.081456 -63.544194 159.625782
762.120173 -421.140475 531.306015
762.120173 -421.140475 531.306015
-304.061742 -212.644064 93.956357
-304.061742 -212.644064 93.956357
-294.639573 -199.670994 116.631666
-294.639573 -199.670994 116.631666
-239.088102 -180.002080 84.689695
-239.088102 -180.002080 84.689695
-239.088102 -180.002080 84.689695
-239.088102 -180.002080 84.689695
-162.764163 -305.404735 40.397777
-162.764163 -305.404735 40.397777
-154.425812 -291.529316 61.431650
-154.425812 -291.529316 61.431650
-103.257641 -273.412382 32.010066
-103.257641 -273.412382 32.010066
-103.257641 -273.412382 32.010066
-103.257641 -273.412382 32.010066
-15.154330 -345.384323 38.360678
-15.154330 -345.384323 38.360678
-162.764163 -305.404735 40.397777
-162.764163 -305.404735 40.397777
33.205789 -328.261625 10.553717
33.205789 -328.261625 10.553717
25.846734 -343.512469 -10.417394
25.846734 -343.512469 -10.417394
126.365205 -370.916976 48.857243
126.365205 -370.916976 48.857243
-22.629818 -360.676391 17.456515
-22.629818 -360.676391 17.456515
172.352179 -354.634530 22.414836
172.352179 -354.634530 22.414836
166.067061 -370.950472 1.086096
166.067061 -370.950472 1.086096
266.983422 -388.043085 85.057153
266.983422 -388.043085 85.057153
119.804419 -387.330523 27.687012
119.804419 -387.330523 27.687012
313.793977 -371.469036 58.141189
313.793977 -371.469036 58.141189
308.317287 -390.043734 39.784440
308.317287 -390.043734 39.784440
400.684838 -398.801659 142.635345
400.684838 -398.801659 142.635345
262.931304 -406.113390 65.881278
262.931304 -406.113390 65.881278
450.460969 -381.177599 114.014181
450.460969 -381.177599 114.014181
449.686679 -401.169033 98.211319
449.686679 -401.169033 98.211319
642.610623 -402.271623 293.533060
642.610623 -402.271623 293.533060
532.223223 -401.333619 211.081829
532.223223 -401.333619 211.081829
399.677685 -418.875542 126.966378
399.677685 -418.875542 126.966378
583.262977 -383.262152 181.734085
532.223223 -401.333619 211.081829
532.223223 -401.333619 211.081829
583.262977 -383.262152 181.734085
585.220601 -405.402906 170.065617
585.220601 -405.402906 170.065617
704.902898 -437.961431 394.476207
699.633149 -412.866865 400.733526
653.971244 -398.249208 287.000728
653.971244 -398.249208 287.000728
699.633149 -412.866865 400.733526
704.902898 -437.961431 394.476207
534.060991 -423.516809 199.482278
534.060991 -423.516809 199.482278
768.215890 -415.544422 358.071378
713.171990 -402.710644 247.214284
709.029593 -378.754891 255.342300
709.029593 -378.754891 255.342300
713.171990 -402.710644 247.214284
768.215890 -415.544422 358.071378
658.072548 -422.219510 278.896340
658.072548 -422.219510 278.896340
817.384181 -398.135578 329.799721
817.384181 -398.135578 329.799721
766.916400 -446.368079 524.195282
827.171356 -425.033818 489.548817
762.120173 -421.140475 531.306015
762.120173 -421.140475 531.306015
827.171356 -425.033818 489.548817
766.916400 -446.368079 524.195282
-535.445292 -129.728058 222.386471
-535.445292 -129.728058 222.386471
-524.690475 -117.577933 247.375626
-524.690475 -117.577933 247.375626
-463.334557 -95.853859 212.096111
-463.334557 -95.853859 212.096111
-463.334557 -95.853859 212.096111
-463.334557 -95.853859 212.096111
-420.630868 82.009159 167.958106
-420.630868 82.009159 167.958106
-487.594327 58.299643 206.461945
-487.594327 58.299643 206.461945
-475.648959 69.144307 233.840693
-475.648959 69.144307 233.840693
-420.630868 82.009159 167.958106
-420.630868 82.009159 167.958106
822.383690 -399.803183 496.654628
762.120173 -421.140475 531.306015
762.120173 -421.140475 531.306015
822.383690 -399.803183 496.654628
-291.716726 -43.431941 82.243091
-291.716726 -43.431941 82.243091
-352.668559 -65.012942 117.290258
-352.668559 -65.012942 117.290258
-342.184272 -52.958604 142.434968
-342.184272 -52.958604 142.434968
-291.716726 -43.431941 82.243091
-291.716726 -43.431941 82.243091
-213.962682 -180.743006 42.149599
-213.962682 -180.743006 42.149599
-204.807619 -167.864510 64.978494
-204.807619 -167.864510 64.978494
-158.668045 -161.165029 10.355306
-158.668045 -161.165029 10.355306
-22.629818 -360.676391 17.456515
-22.629818 -360.676391 17.456515
-158.668045 -161.165029 10.355306
-158.668045 -161.165029 10.355306
-66.467034 -260.386061 10.855549
-66.467034 -260.386061 10.855549
-23.272510 -256.015415 -39.809612
-23.272510 -256.015415 -39.809612
119.804419 -387.330523 27.687012
119.804419 -387.330523 27.687012
-23.272510 -256.015415 -39.809612
-23.272510 -256.015415 -39.809612
70.501503 -315.056463 -10.891234
70.501503 -315.056463 -10.891234
118.866759 -297.931946 -38.701149
118.866759 -297.931946 -38.701149
262.931304 -406.113390 65.881278
262.931304 -406.113390 65.881278
112.047055 -312.991824 -59.982386
112.047055 -312.991824 -59.982386
208.829449 -341.719151 1.440487
208.829449 -341.719151 1.440487
254.811286 -325.438524 -24.998966
254.811286 -325.438524 -24.998966
399.677685 -418.875542 126.966378
399.677685 -418.875542 126.966378
249.164828 -341.528338 -46.694934
249.164828 -341.528338 -46.694934
342.049136 -361.464831 41.894536
342.049136 -361.464831 41.894536
392.785825 -343.500670 12.721053
392.785825 -343.500670 12.721053
534.060991 -423.516809 199.482278
534.060991 -423.516809 199.482278
389.661734 -361.242392 -6.988436
389.661734 -361.242392 -6.988436
476.418320 -371.986971 99.088762
476.418320 -371.986971 99.088762
525.019864 -354.778794 71.142983
525.019864 -354.778794 71.142983
762.949565 -390.448644 364.326728
653.971244 -398.249208 287.000728
653.971244 -398.249208 287.000728
762.949565 -390.448644 364.326728
658.072548 -422.219510 278.896340
658.072548 -422.219510 278.896340
524.615414 -374.639279 55.127463
524.615414 -374.639279 55.127463
653.613219 -358.353489 141.282853
653.613219 -358.353489 141.282853
762.949565 -390.448644 364.326728
762.949565 -390.448644 364.326728
655.740353 -380.434225 129.516917
655.740353 -380.434225 129.516917
771.041815 -382.220878 213.939264
771.041815 -382.220878 213.939264
873.968213 -408.464619 462.640729
873.968213 -408.464619 462.640729
822.383690 -399.803183 496.654628
822.383690 -399.803183 496.654628
-512.895895 49.341206 221.010290
-512.895895 49.341206 221.010290
-579.859354 25.631689 259.514129
-579.859354 25.631689 259.514129
-567.855771 36.496965 286.859403
-567.855771 36.496965 286.859403
-512.895895 49.341206 221.010290
-512.895895 49.341206 221.010290
-487.594327 58.299643 206.461945
-487.594327 58.299643 206.461945
-475.648959 69.144307 233.840693
-475.648959 69.144307 233.840693
-408.281415 92.996896 195.104505
-408.281415 92.996896 195.104505
-408.281415 92.996896 195.104505
-408.281415 92.996896 195.104505
822.383690 -399.803183 496.654628
822.383690 -399.803183 496.654628
-352.668559 -65.012942 117.290258
-352.668559 -65.012942 117.290258
-342.184272 -52.958604 142.434968
-342.184272 -52.958604 142.434968
-280.828355 -31.234530 107.155453
-280.828355 -31.234530 107.155453
-280.828355 -31.234530 107.155453
-280.828355 -31.234530 107.155453
-213.962682 -180.743006 42.149599
-213.962682 -180.743006 42.149599
-204.807619 -167.864510 64.978494
-204.807619 -167.864510 64.978494
-149.254437 -148.194990 33.035538
-149.254437 -148.194990 33.035538
-149.254437 -148.194990 33.035538
-149.254437 -148.194990 33.035538
-74.392738 -274.115375 -10.415595
-74.392738 -274.115375 -10.415595
-66.467034 -260.386061 10.855549
-66.467034 -260.386061 10.855549
-15.288590 -242.265489 -18.571942
-15.288590 -242.265489 -18.571942
-15.288590 -242.265489 -18.571942
-15.288590 -242.265489 -18.571942
70.501503 -315.056463 -10.891234
70.501503 -315.056463 -10.891234
-74.392738 -274.115375 -10.415595
-74.392738 -274.115375 -10.415595
118.866759 -297.931946 -38.701149
118.866759 -297.931946 -38.701149
112.047055 -312.991824 -59.982386
112.047055 -312.991824 -59.982386
208.829449 -341.719151 1.440487
208.829449 -341.719151 1.440487
63.565367 -330.157565 -32.105524
63.565367 -330.157565 -32.105524
254.811286 -325.438524 -24.998966
254.811286 -325.438524 -24.998966
249.164828 -341.528338 -46.694934
249.164828 -341.528338 -46.694934
342.049136 -361.464831 41.894536
342.049136 -361.464831 41.894536
202.909035 -357.905964 -20.097957
202.909035 -357.905964 -20.097957
392.785825 -343.500670 12.721053
392.785825 -343.500670 12.721053
389.661734 -361.242392 -6.988436
389.661734 -361.242392 -6.988436
476.418320 -371.986971 99.088762
476.418320 -371.986971 99.088762
338.574038 -379.330833 22.386876
338.574038 -379.330833 22.386876
525.019864 -354.778794 71.142983
525.019864 -354.778794 71.142983
524.615414 -374.639279 55.127463
524.615414 -374.639279 55.127463
709.029593 -378.754891 255.342300
709.029593 -378.754891 255.342300
604.881546 -375.607742 169.303456
604.881546 -375.607742 169.303456
475.786144 -391.928087 83.204184
475.786144 -391.928087 83.204184
653.613219 -358.353489 141.282853
604.881546 -375.607742 169.303456
604.881546 -375.607742 169.303456
653.613219 -358.353489 141.282853
655.740353 -380.434225 129.516917
655.740353 -380.434225 129.516917
768.215890 -415.544422 358.071378
762.949565 -390.448644 364.326728
721.025451 -374.507560 248.444709
721.025451 -374.507560 248.444709
762.949565 -390.448644 364.326728
768.215890 -415.544422 358.071378
606.893961 -397.729095 157.603483
606.893961 -397.729095 157.603483
817.384181 -398.135578 329.799721
771.041815 -382.220878 213.939264
766.853188 -358.281494 222.093862
766.853188 -358.281494 222.093862
771.041815 -382.220878 213.939264
817.384181 -398.135578 329.799721
725.178121 -398.459675 240.310785
725.178121 -398.459675 240.310785
812.119568 -373.039194 336.054086
873.968213 -408.464619 462.640729
873.968213 -408.464619 462.640729
812.119568 -373.039194 336.054086
873.968213 -408.464619 462.640729
873.968213 -408.464619 462.640729
-579.859354 25.631689 259.514129
-579.859354 25.631689 259.514129
-567.855771 36.496965 286.859403
-567.855771 36.496965 286.859403
-500.488227 60.349555 248.123216
-500.488227 60.349555 248.123216
-500.488227 60.349555 248.123216
-500.488227 60.349555 248.123216
-450.126119 233.046680 205.833527
-450.126119 233.046680 205.833527
-521.633826 207.728197 246.950299
-521.633826 207.728197 246.950299
-508.334754 216.448198 275.795576
-508.334754 216.448198 275.795576
-450.126119 233.046680 205.833527
-450.126119 233.046680 205.833527
822.383690 -399.803183 496.654628
869.189108 -383.230953 469.741617
869.189108 -383.230953 469.741617
822.383690 -399.803183 496.654628
-328.365841 114.677113 114.905922
-328.365841 114.677113 114.905922
-395.331012 90.966990 153.410745
-395.331012 90.966990 153.410745
-383.442148 101.791648 180.821982
-383.442148 101.791648 180.821982
-328.365841 114.677113 114.905922
-328.365841 114.677113 114.905922
-200.328360 -11.074383 29.694985
-200.328360 -11.074383 29.694985
-261.280192 -32.655384 64.742152
-261.280192 -32.655384 64.742152
-250.929459 -20.648333 89.963655
-250.929459 -20.648333 89.963655
-200.328360 -11.074383 29.694985
-200.328360 -11.074383 29.694985
-123.865333 -148.842555 -9.656175
-123.865333 -148.842555 -9.656175
-114.977379 -136.058632 13.326306
-114.977379 -136.058632 13.326306
-68.567273 -129.263365 -41.452437
-68.567273 -129.263365 -41.452437
63.565367 -330.157565 -32.105524
63.565367 -330.157565 -32.105524
-68.567273 -129.263365 -41.452437
-68.567273 -129.263365 -41.452437
21.490031 -229.243412 -39.719567
21.490031 -229.243412 -39.719567
65.100627 -224.725450 -90.623968
65.100627 -224.725450 -90.623968
202.909035 -357.905964 -20.097957
202.909035 -357.905964 -20.097957
65.100627 -224.725450 -90.623968
65.100627 -224.725450 -90.623968
156.162473 -284.726784 -60.146100
156.162473 -284.726784 -60.146100
204.522593 -267.604087 -87.953061
204.522593 -267.604087 -87.953061
338.574038 -379.330833 22.386876
338.574038 -379.330833 22.386876
198.242239 -282.472998 -109.544424
198.242239 -282.472998 -109.544424
291.305678 -312.517083 -45.983160
291.305678 -312.517083 -45.983160
337.266968 -296.243730 -72.410799
337.266968 -296.243730 -72.410799
475.786144 -391.928087 83.204184
475.786144 -391.928087 83.204184
332.260883 -312.106809 -94.474980
332.260883 -312.106809 -94.474980
422.864505 -332.850817 -4.574121
422.864505 -332.850817 -4.574121
469.990110 -316.165220 -31.671238
469.990110 -316.165220 -31.671238
606.893961 -397.729095 157.603483
606.893961 -397.729095 157.603483
467.434477 -333.705670 -51.707589
467.434477 -333.705670 -51.707589
552.165499 -345.167434 55.534304
552.165499 -345.167434 55.534304
598.325408 -328.823757 28.992459
598.325408 -328.823757 28.992459
812.119568 -373.039194 336.054086
721.025451 -374.507560 248.444709
721.025451 -374.507560 248.444709
812.119568 -373.039194 336.054086
725.178121 -398.459675 240.310785
725.178121 -398.459675 240.310785
598.287376 -348.554507 12.766250
598.287376 -348.554507 12.766250
717.124829 -335.866157 104.763819
717.124829 -335.866157 104.763819
719.404352 -357.892937 92.910260
719.404352 -357.892937 92.910260
869.189108 -383.230953 469.741617
869.189108 -383.230953 469.741617
869.189108 -383.230953 469.741617
869.189108 -383.230953 469.741617
-542.581203 200.311433 258.994993
-542.581203 200.311433 258.994993
-614.087198 174.993557 300.110781
-614.087198 174.993557 300.110781
-600.788125 183.713558 328.956058
-600.788125 183.713558 328.956058
-542.581203 200.311433 258.994993
-542.581203 200.311433 258.994993
-521.633826 207.728197 246.950299
-521.633826 207.728197 246.950299
-508.334754 216.448198 275.795576
-508.334754 216.448198 275.795576
-436.553090 241.863679 234.521280
-436.553090 241.863679 234.521280
-436.553090 241.863679 234.521280
-436.553090 241.863679 234.521280
869.189108 -383.230953 469.741617
869.189108 -383.230953 469.741617
-395.331012 90.966990 153.410745
-395.331012 90.966990 153.410745
-383.442148 101.791648 180.821982
-383.442148 101.791648 180.821982
-316.074604 125.644238 142.085795
-316.074604 125.644238 142.085795
-316.074604 125.644238 142.085795
-316.074604 125.644238 142.085795
-261.280192 -32.655384 64.742152
-261.280192 -32.655384 64.742152
-250.929459 -20.648333 89.963655
-250.929459 -20.648333 89.963655
-189.573542 1.075742 54.684139
-189.573542 1.075742 54.684139
-189.573542 1.075742 54.684139
-189.573542 1.075742 54.684139
-123.865333 -148.842555 -9.656175
-123.865333 -148.842555 -9.656175
-114.977379 -136.058632 13.326306
-114.977379 -136.058632 13.326306
-59.419059 -116.387293 -18.619603
-59.419059 -116.387293 -18.619603
-59.419059 -116.387293 -18.619603
-59.419059 -116.387293 -18.619603
13.976974 -242.826622 -61.227981
13.976974 -242.826622 -61.227981
21.490031 -229.243412 -39.719567
21.490031 -229.243412 -39.719567
72.673612 -211.121021 -69.150011
72.673612 -211.121021 -69.150011
72.673612 -211.121021 -69.150011
72.673612 -211.121021 -69.150011
156.162473 -284.726784 -60.146100
156.162473 -284.726784 -60.146100
13.976974 -242.826622 -61.227981
13.976974 -242.826622 -61.227981
204.522593 -267.604087 -87.953061
204.522593 -267.604087 -87.953061
198.242239 -282.472998 -109.544424
198.242239 -282.472998 -109.544424
291.305678 -312.517083 -45.983160
291.305678 -312.517083 -45.983160
149.765688 -299.636920 -81.670516
149.765688 -299.636920 -81.670516
337.266968 -296.243730 -72.410799
337.266968 -296.243730 -72.410799
332.260883 -312.106809 -94.474980
332.260883 -312.106809 -94.474980
422.864505 -332.850817 -4.574121
422.864505 -332.850817 -4.574121
286.023924 -328.477767 -67.888832
286.023924 -328.477767 -67.888832
469.990110 -316.165220 -31.671238
469.990110 -316.165220 -31.671238
467.434477 -333.705670 -51.707589
467.434477 -333.705670 -51.707589
552.165499 -345.167434 55.534304
552.165499 -345.167434 55.534304
419.976701 -350.508878 -24.419474
419.976701 -350.508878 -24.419474
598.325408 -328.823757 28.992459
598.325408 -328.823757 28.992459
598.287376 -348.554507 12.766250
598.287376 -348.554507 12.766250
766.853188 -358.281494 222.093862
766.853188 -358.281494 222.093862
673.598324 -351.277433 129.791462
673.598324 -351.277433 129.791462
551.908302 -364.975783 39.434114
551.908302 -364.975783 39.434114
717.124829 -335.866157 104.763819
673.598324 -351.277433 129.791462
673.598324 -351.277433 129.791462
717.124829 -335.866157 104.763819
719.404352 -357.892937 92.910260
719.404352 -357.892937 92.910260
675.780250 -373.338769 117.994021
675.780250 -373.338769 117.994021
-614.087198 174.993557 300.110781
-614.087198 174.993557 300.110781
-600.788125 183.713558 328.956058
-600.788125 183.713558 328.956058
-529.008174 209.128433 287.682747
-529.008174 209.128433 287.682747
-529.008174 209.128433 287.682747
-529.008174 209.128433 287.682747
-472.800201 361.086692 242.247492
-472.800201 361.086692 242.247492
-546.675917 334.929777 284.725864
-546.675917 334.929777 284.725864
-532.084230 340.182807 313.415509
-532.084230 340.182807 313.415509
-472.800201 361.086692 242.247492
-472.800201 361.086692 242.247492
-357.672747 265.781321 152.673045
-357.672747 265.781321 152.673045
-429.178742 240.463444 193.788832
-429.178742 240.463444 193.788832
-415.879670 249.183445 222.634110
-415.879670 249.183445 222.634110
-357.672747 265.781321 152.673045
-357.672747 265.781321 152.673045
-236.102527 147.344461 61.854722
-236.102527 147.344461 61.854722
-303.065985 123.634944 100.358561
-303.065985 123.634944 100.358561
-291.237050 134.438384 127.804257
-291.237050 134.438384 127.804257
-236.102527 147.344461 61.854722
-236.102527 147.344461 61.854722
-108.939993 21.283175 -22.853122
-108.939993 21.283175 -22.853122
-169.891825 -0.297826 12.194045
-169.891825 -0.297826 12.194045
-159.676358 11.661332 37.493326
-159.676358 11.661332 37.493326
-108.939993 21.283175 -22.853122
-108.939993 21.283175 -22.853122
-33.767985 -116.942103 -61.461949
-33.767985 -116.942103 -61.461949
-25.147138 -104.252755 -38.325882
-25.147138 -104.252755 -38.325882
21.530076 -97.362913 -93.258210
21.530076 -97.362913 -93.258210
149.765688 -299.636920 -81.670516
149.765688 -299.636920 -81.670516
21.530076 -97.362913 -93.258210
21.530076 -97.362913 -93.258210
109.452233 -198.098944 -90.297636
109.452233 -198.098944 -90.297636
153.470339 -193.436696 -141.436354
153.470339 -193.436696 -141.436354
286.023924 -328.477767 -67.888832
286.023924 -328.477767 -67.888832
153.470339 -193.436696 -141.436354
153.470339 -193.436696 -141.436354
241.833716 -254.393468 -109.406874
241.833716 -254.393468 -109.406874
290.178426 -237.276227 -137.204974
290.178426 -237.276227 -137.204974
419.976701 -350.508878 -24.419474
419.976701 -350.508878 -24.419474
284.435712 -251.954778 -159.105478
284.435712 -251.954778 -159.105478
373.795604 -283.310164 -93.414683
373.795604 -283.310164 -93.414683
419.724363 -267.048330 -119.823617
419.724363 -267.048330 -119.823617
551.908302 -364.975783 39.434114
551.908302 -364.975783 39.434114
415.358650 -282.684675 -142.256010
415.358650 -282.684675 -142.256010
501.301592 -305.078874 -49.675271
501.301592 -305.078874 -49.675271
548.891210 -288.228985 -77.039194
548.891210 -288.228985 -77.039194
675.780250 -373.338769 117.994021
675.780250 -373.338769 117.994021
546.916023 -305.563918 -97.409300
546.916023 -305.563918 -97.409300
625.501864 -319.201485 13.366058
625.501864 -319.201485 13.366058
669.545462 -303.607123 -11.958912
669.545462 -303.607123 -11.958912
669.868709 -323.209956 -28.392856
669.868709 -323.209956 -28.392856
-565.253572 328.352052 295.407974
-565.253572 328.352052 295.407974
-639.129288 302.195136 337.886345
-639.129288 302.195136 337.886345
-624.539314 307.447560 366.576975
-624.539314 307.447560 366.576975
-565.253572 328.352052 295.407974
-565.253572 328.352052 295.407974
-546.675917 334.929777 284.725864
-546.675917 334.929777 284.725864
-532.084230 340.182807 313.415509
-532.084230 340.182807 313.415509
-458.145162 366.362153 270.900710
-458.145162 366.362153 270.900710
-458.145162 366.362153 270.900710
-458.145162 366.362153 270.900710
-429.178742 240.463444 193.788832
-429.178742 240.463444 193.788832
-415.879670 249.183445 222.634110
-415.879670 249.183445 222.634110
-344.099719 274.598320 181.360799
-344.099719 274.598320 181.360799
-344.099719 274.598320 181.360799
-344.099719 274.598320 181.360799
-303.065985 123.634944 100.358561
-303.065985 123.634944 100.358561
-291.237050 134.438384 127.804257
-291.237050 134.438384 127.804257
-223.867793 158.291580 89.067085
-223.867793 158.291580 89.067085
-223.867793 158.291580 89.067085
-223.867793 158.291580 89.067085
-169.891825 -0.297826 12.194045
-169.891825 -0.297826 12.194045
-159.676358 11.661332 37.493326
-159.676358 11.661332 37.493326
-98.320441 33.385406 2.213810
-98.320441 33.385406 2.213810
-98.320441 33.385406 2.213810
-98.320441 33.385406 2.213810
-33.767985 -116.942103 -61.461949
-33.767985 -116.942103 -61.461949
-25.147138 -104.252755 -38.325882
-25.147138 -104.252755 -38.325882
30.411182 -84.581416 -70.271791
30.411182 -84.581416 -70.271791
30.411182 -84.581416 -70.271791
30.411182 -84.581416 -70.271791
102.350110 -211.536656 -112.042337
102.350110 -211.536656 -112.042337
109.452233 -198.098944 -90.297636
109.452233 -198.098944 -90.297636
160.632390 -179.977766 -119.726112
160.632390 -179.977766 -119.726112
160.632390 -179.977766 -119.726112
160.632390 -179.977766 -119.726112
241.833716 -254.393468 -109.406874
241.833716 -254.393468 -109.406874
102.350110 -211.536656 -112.042337
102.350110 -211.536656 -112.042337
290.178426 -237.276227 -137.204974
290.178426 -237.276227 -137.204974
284.435712 -251.954778 -159.105478
284.435712 -251.954778 -159.105478
373.795604 -283.310164 -93.414683
373.795604 -283.310164 -93.414683
235.976283 -269.112638 -131.241415
235.976283 -269.112638 -131.241415
419.724363 -267.048330 -119.823617
419.724363 -267.048330 -119.823617
415.358650 -282.684675 -142.256010
415.358650 -282.684675 -142.256010
501.301592 -305.078874 -49.675271
501.301592 -305.078874 -49.675271
369.155936 -299.043508 -115.689553
369.155936 -299.043508 -115.689553
548.891210 -288.228985 -77.039194
548.891210 -288.228985 -77.039194
546.916023 -305.563918 -97.409300
546.916023 -305.563918 -97.409300
625.501864 -319.201485 13.366058
625.501864 -319.201485 13.366058
501.446141 -321.663280 -71.264219
501.446141 -321.663280 -71.264219
669.545462 -303.607123 -11.958912
669.545462 -303.607123 -11.958912
669.868709 -323.209956 -28.392856
669.868709 -323.209956 -28.392856
625.611083 -338.880098 -2.944820
625.611083 -338.880098 -2.944820
-639.129288 302.195136 337.886345
-639.129288 302.195136 337.886345
-624.539314 307.447560 366.576975
-624.539314 307.447560 366.576975
-550.598533 333.627512 324.061192
-550.598533 333.627512 324.061192
-550.598533 333.627512 324.061192
-550.598533 333.627512 324.061192
-488.095326 450.478633 269.998363
-488.095326 450.478633 269.998363
-562.517242 424.128326 312.790799
-562.517242 424.128326 312.790799
-547.256453 423.927113 339.207503
-547.256453 423.927113 339.207503
-488.095326 450.478633 269.998363
-488.095326 450.478633 269.998363
-380.345117 393.821939 189.086025
-380.345117 393.821939 189.086025
-454.220833 367.665024 231.564397
-454.220833 367.665024 231.564397
-439.630859 372.917447 260.255027
-439.630859 372.917447 260.255027
-380.345117 393.821939 189.086025
-380.345117 393.821939 189.086025
-265.219375 298.515961 99.512563
-265.219375 298.515961 99.512563
-336.725370 273.198085 140.628350
-336.725370 273.198085 140.628350
-323.426298 281.918085 169.473628
-323.426298 281.918085 169.473628
-265.219375 298.515961 99.512563
-265.219375 298.515961 99.512563
-143.837500 180.012415 8.802538
-143.837500 180.012415 8.802538
-210.800959 156.302898 47.306377
-210.800959 156.302898 47.306377
-199.030238 167.085725 74.785547
-199.030238 167.085725 74.785547
-143.837500 180.012415 8.802538
-143.837500 180.012415 8.802538
-17.551626 53.640733 -75.401229
-17.551626 53.640733 -75.401229
-78.503458 32.059732 -40.354062
-78.503458 32.059732 -40.354062
-68.423257 43.970997 -14.977003
-68.423257 43.970997 -14.977003
-17.551626 53.640733 -75.401229
-17.551626 53.640733 -75.401229
56.329363 -85.041652 -113.267723
56.329363 -85.041652 -113.267723
64.683103 -72.446877 -89.978070
64.683103 -72.446877 -89.978070
111.627424 -65.462462 -145.063984
111.627424 -65.462462 -145.063984
235.976283 -269.112638 -131.241415
235.976283 -269.112638 -131.241415
111.627424 -65.462462 -145.063984
111.627424 -65.462462 -145.063984
197.422996 -166.951445 -140.880628
197.422996 -166.951445 -140.880628
241.841763 -162.147336 -192.249726
241.841763 -162.147336 -192.249726
369.155936 -299.043508 -115.689553
369.155936 -299.043508 -115.689553
241.841763 -162.147336 -192.249726
241.841763 -162.147336 -192.249726
327.522082 -224.054090 -158.677492
327.522082 -224.054090 -158.677492
375.837683 -206.947154 -186.458855
375.837683 -206.947154 -186.458855
501.446141 -321.663280 -71.264219
501.446141 -321.663280 -71.264219
370.634321 -221.434740 -208.669485
370.634321 -221.434740 -208.669485
456.292380 -254.100821 -140.850145
456.292380 -254.100821 -140.850145
502.186894 -237.851111 -167.239388
502.186894 -237.851111 -167.239388
625.611083 -338.880098 -2.944820
625.611083 -338.880098 -2.944820
498.463266 -253.260116 -190.040979
498.463266 -253.260116 -190.040979
580.192419 -277.146276 -95.037320
580.192419 -277.146276 -95.037320
625.655452 -261.049339 -121.178462
625.655452 -261.049339 -121.178462
624.255573 -278.180576 -141.879368
624.255573 -278.180576 -141.879368
-580.548697 417.743992 323.158845
-580.548697 417.743992 323.158845
-654.972326 391.393080 365.952265
-654.972326 391.393080 365.952265
-639.711537 391.191867 392.368969
-639.711537 391.191867 392.368969
-580.548697 417.743992 323.158845
-580.548697 417.743992 323.158845
-562.517242 424.128326 312.790799
-488.095326 450.478633 269.998363
-488.095326 450.478633 269.998363
-562.517242 424.128326 312.790799
-547.256453 423.927113 339.207503
-547.256453 423.927113 339.207503
-547.256453 423.927113 339.207503
-472.834537 450.277420 296.415067
-472.834537 450.277420 296.415067
-547.256453 423.927113 339.207503
-472.834537 450.277420 296.415067
-472.834537 450.277420 296.415067
-454.220833 367.665024 231.564397
-454.220833 367.665024 231.564397
-439.630859 372.917447 260.255027
-439.630859 372.917447 260.255027
-365.691790 399.096793 217.740228
-365.691790 399.096793 217.740228
-365.691790 399.096793 217.740228
-365.691790 399.096793 217.740228
-336.725370 273.198085 140.628350
-336.725370 273.198085 140.628350
-323.426298 281.918085 169.473628
-323.426298 281.918085 169.473628
-251.646347 307.332960 128.200317
-251.646347 307.332960 128.200317
-251.646347 307.332960 128.200317
-251.646347 307.332960 128.200317
-210.800959 156.302898 47.306377
-210.800959 156.302898 47.306377
-199.030238 167.085725 74.785547
-199.030238 167.085725 74.785547
-131.660982 190.938921 36.048375
-131.660982 190.938921 36.048375
-131.660982 190.938921 36.048375
-131.660982 190.938921 36.048375
-78.503458 32.059732 -40.354062
-78.503458 32.059732 -40.354062
-68.423257 43.970997 -14.977003
-68.423257 43.970997 -14.977003
-7.067340 65.695071 -50.256519
-7.067340 65.695071 -50.256519
-7.067340 65.695071 -50.256519
-7.067340 65.695071 -50.256519
56.329363 -85.041652 -113.267723
56.329363 -85.041652 -113.267723
64.683103 -72.446877 -89.978070
64.683103 -72.446877 -89.978070
120.241423 -52.775538 -121.923979
120.241423 -52.775538 -121.923979
120.241423 -52.775538 -121.923979
120.241423 -52.775538 -121.923979
190.730095 -180.244265 -162.860631
190.730095 -180.244265 -162.860631
197.422996 -166.951445 -140.880628
197.422996 -166.951445 -140.880628
248.589455 -148.835117 -170.301228
248.589455 -148.835117 -170.301228
248.589455 -148.835117 -170.301228
248.589455 -148.835117 -170.301228
327.522082 -224.054090 -158.677492
327.522082 -224.054090 -158.677492
190.730095 -180.244265 -162.860631
190.730095 -180.244265 -162.860631
375.837683 -206.947154 -186.458855
375.837683 -206.947154 -186.458855
370.634321 -221.434740 -208.669485
370.634321 -221.434740 -208.669485
456.292380 -254.100821 -140.850145
456.292380 -254.100821 -140.850145
322.198863 -238.584112 -180.819206
322.198863 -238.584112 -180.819206
502.186894 -237.851111 -167.239388
502.186894 -237.851111 -167.239388
498.463266 -253.260116 -190.040979
498.463266 -253.260116 -190.040979
580.192419 -277.146276 -95.037320
580.192419 -277.146276 -95.037320
452.281098 -269.611674 -163.486336
452.281098 -269.611674 -163.486336
625.655452 -261.049339 -121.178462
625.655452 -261.049339 -121.178462
624.255573 -278.180576 -141.879368
624.255573 -278.180576 -141.879368
580.364363 -293.720982 -116.642021
580.364363 -293.720982 -116.642021
-654.972326 391.393080 365.952265
-580.548697 417.743992 323.158845
-580.548697 417.743992 323.158845
-654.972326 391.393080 365.952265
-639.711537 391.191867 392.368969
-639.711537 391.191867 392.368969
-639.711537 391.191867 392.368969
-565.287909 417.542779 349.575549
-565.287909 417.542779 349.575549
-639.711537 391.191867 392.368969
-565.287909 417.542779 349.575549
-565.287909 417.542779 349.575549
-472.834537 450.277420 296.415067
-488.095326 450.478633 269.998363
-562.517242 424.128326 312.790799
-562.517242 424.128326 312.790799
-488.095326 450.478633 269.998363
-472.834537 450.277420 296.415067
-472.834537 450.277420 296.415067
-562.517242 424.128326 312.790799
-547.256453 423.927113 339.207503
-547.256453 423.927113 339.207503
-562.517242 424.128326 312.790799
-472.834537 450.277420 296.415067
-395.640242 483.213880 216.836897
-395.640242 483.213880 216.836897
-470.063870 456.862967 259.630317
-470.063870 456.862967 259.630317
-454.803082 456.661754 286.047021
-454.803082 456.661754 286.047021
-395.640242 483.213880 216.836897
-395.640242 483.213880 216.836897
-287.891745 426.556579 135.925543
-287.891745 426.556579 135.925543
-361.767461 400.399664 178.403915
-361.767461 400.399664 178.403915
-347.175775 405.652694 207.093560
-347.175775 405.652694 207.093560
-287.891745 426.556579 135.925543
-287.891745 426.556579 135.925543
-172.764291 331.251208 46.351096
-172.764291 331.251208 46.351096
-244.271999 305.932725 87.467868
-244.271999 305.932725 87.467868
-230.972927 314.652726 116.313146
-230.972927 314.652726 116.313146
-172.764291 331.251208 46.351096
-172.764291 331.251208 46.351096
-51.572473 212.680369 -44.249646
-51.572473 212.680369 -44.249646
-118.537644 188.970246 -5.744822
-118.537644 188.970246 -5.744822
-106.823427 199.733067 21.766836
-106.823427 199.733067 21.766836
-51.572473 212.680369 -44.249646
-51.572473 212.680369 -44.249646
73.836741 85.998291 -127.949335
73.836741 85.998291 -127.949335
12.884909 64.417290 -92.902168
12.884909 64.417290 -92.902168
22.829844 76.280662 -67.447332
22.829844 76.280662 -67.447332
73.836741 85.998291 -127.949335
73.836741 85.998291 -127.949335
146.430136 -53.139988 -165.075466
146.430136 -53.139988 -165.075466
154.516769 -40.639786 -141.632226
154.516769 -40.639786 -141.632226
201.724772 -33.562010 -196.869758
201.724772 -33.562010 -196.869758
322.198863 -238.584112 -180.819206
322.198863 -238.584112 -180.819206
201.724772 -33.562010 -196.869758
201.724772 -33.562010 -196.869758
285.395472 -135.803340 -191.464605
285.395472 -135.803340 -191.464605
330.216611 -130.856764 -243.065066
330.216611 -130.856764 -243.065066
452.281098 -269.611674 -163.486336
452.281098 -269.611674 -163.486336
330.216611 -130.856764 -243.065066
330.216611 -130.856764 -243.065066
413.172778 -193.728048 -207.926451
413.172778 -193.728048 -207.926451
461.505502 -176.615051 -235.717660
461.505502 -176.615051 -235.717660
580.364363 -293.720982 -116.642021
580.364363 -293.720982 -116.642021
456.843203 -190.911064 -258.239400
456.843203 -190.911064 -258.239400
538.669300 -224.933914 -188.216689
538.669300 -224.933914 -188.216689
584.743598 -208.620549 -214.709308
584.743598 -208.620549 -214.709308
581.662055 -223.802213 -237.880096
581.662055 -223.802213 -237.880096
-565.287909 417.542779 349.575549
-580.548697 417.743992 323.158845
-654.972326 391.393080 365.952265
-654.972326 391.393080 365.952265
-580.548697 417.743992 323.158845
-565.287909 417.542779 349.575549
-639.711537 391.191867 392.368969
-639.711537 391.191867 392.368969
-470.063870 456.862967 259.630317
-470.063870 456.862967 259.630317
-454.803082 456.661754 286.047021
-454.803082 456.661754 286.047021
-380.379453 483.012667 243.253601
-380.379453 483.012667 243.253601
-380.379453 483.012667 243.253601
-380.379453 483.012667 243.253601
-361.767461 400.399664 178.403915
-361.767461 400.399664 178.403915
-347.175775 405.652694 207.093560
-347.175775 405.652694 207.093560
-273.236706 431.832040 164.578761
-273.236706 431.832040 164.578761
-273.236706 431.832040 164.578761
-273.236706 431.832040 164.578761
-244.271999 305.932725 87.467868
-244.271999 305.932725 87.467868
-230.972927 314.652726 116.313146
-230.972927 314.652726 116.313146
-159.191263 340.068207 75.038850
-159.191263 340.068207 75.038850
-159.191263 340.068207 75.038850
-159.191263 340.068207 75.038850
-118.537644 188.970246 -5.744822
-118.537644 188.970246 -5.744822
-106.823427 199.733067 21.766836
-106.823427 199.733067 21.766836
-39.454171 223.586263 -16.970335
-39.454171 223.586263 -16.970335
-39.454171 223.586263 -16.970335
-39.454171 223.586263 -16.970335
12.884909 64.417290 -92.902168
12.884909 64.417290 -92.902168
22.829844 76.280662 -67.447332
22.829844 76.280662 -67.447332
84.185761 98.004736 -102.726848
84.185761 98.004736 -102.726848
84.185761 98.004736 -102.726848
84.185761 98.004736 -102.726848
146.430136 -53.139988 -165.075466
146.430136 -53.139988 -165.075466
154.516769 -40.639786 -141.632226
154.516769 -40.639786 -141.632226
210.069951 -20.970266 -173.575182
210.069951 -20.970266 -173.575182
210.069951 -20.970266 -173.575182
210.069951 -20.970266 -173.575182
279.111793 -148.951268 -213.679910
279.111793 -148.951268 -213.679910
285.395472 -135.803340 -191.464605
285.395472 -135.803340 -191.464605
336.553369 -117.690043 -220.880282
336.553369 -117.690043 -220.880282
336.553369 -117.690043 -220.880282
336.553369 -117.690043 -220.880282
413.172778 -193.728048 -207.926451
413.172778 -193.728048 -207.926451
279.111793 -148.951268 -213.679910
279.111793 -148.951268 -213.679910
461.505502 -176.615051 -235.717660
461.505502 -176.615051 -235.717660
456.843203 -190.911064 -258.239400
456.843203 -190.911064 -258.239400
538.669300 -224.933914 -188.216689
538.669300 -224.933914 -188.216689
408.387198 -208.067711 -230.377306
408.387198 -208.067711 -230.377306
584.743598 -208.620549 -214.709308
584.743598 -208.620549 -214.709308
581.662055 -223.802213 -237.880096
581.662055 -223.802213 -237.880096
535.305240 -240.215607 -211.225031
535.305240 -240.215607 -211.225031
-380.379453 483.012667 243.253601
-395.640242 483.213880 216.836897
-470.063870 456.862967 259.630317
-470.063870 456.862967 259.630317
-395.640242 483.213880 216.836897
-380.379453 483.012667 243.253601
-380.379453 483.012667 243.253601
-470.063870 456.862967 259.630317
-454.803082 456.661754 286.047021
-454.803082 456.661754 286.047021
-470.063870 456.862967 259.630317
-380.379453 483.012667 243.253601
-303.186870 515.948520 163.676415
-303.186870 515.948520 163.676415
-377.610499 489.597607 206.469835
-377.610499 489.597607 206.469835
-362.349710 489.396394 232.886539
-362.349710 489.396394 232.886539
-303.186870 515.948520 163.676415
-303.186870 515.948520 163.676415
-195.436661 459.291826 82.764077
-195.436661 459.291826 82.764077
-269.312377 433.134911 125.242449
-269.312377 433.134911 125.242449
-254.722403 438.387334 153.933078
-254.722403 438.387334 153.933078
-195.436661 459.291826 82.764077
-195.436661 459.291826 82.764077
-80.310920 363.985848 -6.809386
-80.310920 363.985848 -6.809386
-151.816915 338.667972 34.306402
-151.816915 338.667972 34.306402
-138.517843 347.387973 63.151680
-138.517843 347.387973 63.151680
-80.310920 363.985848 -6.809386
-80.310920 363.985848 -6.809386
40.690841 245.347716 -97.300845
40.690841 245.347716 -97.300845
-26.272617 221.638200 -58.797006
-26.272617 221.638200 -58.797006
-14.616616 232.380409 -31.251874
-14.616616 232.380409 -31.251874
40.690841 245.347716 -97.300845
40.690841 245.347716 -97.300845
165.225108 118.355849 -180.497442
165.225108 118.355849 -180.497442
104.273276 96.774848 -145.450275
104.273276 96.774848 -145.450275
114.082945 108.590327 -119.917661
114.082945 108.590327 -119.917661
165.225108 118.355849 -180.497442
165.225108 118.355849 -180.497442
236.529196 -21.238930 -216.882224
236.529196 -21.238930 -216.882224
244.352147 -8.832090 -193.287367
244.352147 -8.832090 -193.287367
291.823833 -1.660952 -248.676516
291.823833 -1.660952 -248.676516
408.387198 -208.067711 -230.377306
408.387198 -208.067711 -230.377306
291.823833 -1.660952 -248.676516
291.823833 -1.660952 -248.676516
373.345688 -104.663116 -242.035783
373.345688 -104.663116 -242.035783
418.600021 -99.563161 -293.885329
418.600021 -99.563161 -293.885329
535.305240 -240.215607 -211.225031
535.305240 -240.215607 -211.225031
418.600021 -99.563161 -293.885329
418.600021 -99.563161 -293.885329
498.784093 -163.415951 -257.152766
498.784093 -163.415951 -257.152766
547.267494 -146.249604 -285.030613
547.267494 -146.249604 -285.030613
543.139409 -160.356469 -307.859525
543.139409 -160.356469 -307.859525
-377.610499 489.597607 206.469835
-303.186870 515.948520 163.676415
-303.186870 515.948520 163.676415
-377.610499 489.597607 206.469835
-362.349710 489.396394 232.886539
-362.349710 489.396394 232.886539
-362.349710 489.396394 232.886539
-287.926081 515.747307 190.093119
-287.926081 515.747307 190.093119
-362.349710 489.396394 232.886539
-287.926081 515.747307 190.093119
-287.926081 515.747307 190.093119
-269.312377 433.134911 125.242449
-269.312377 433.134911 125.242449
-254.722403 438.387334 153.933078
-254.722403 438.387334 153.933078
-180.783334 464.566680 111.418279
-180.783334 464.566680 111.418279
-180.783334 464.566680 111.418279
-180.783334 464.566680 111.418279
-151.816915 338.667972 34.306402
-151.816915 338.667972 34.306402
-138.517843 347.387973 63.151680
-138.517843 347.387973 63.151680
-66.737891 372.802848 21.878368
-66.737891 372.802848 21.878368
-66.737891 372.802848 21.878368
-66.737891 372.802848 21.878368
-26.272617 221.638200 -58.797006
-26.272617 221.638200 -58.797006
-14.616616 232.380409 -31.251874
-14.616616 232.380409 -31.251874
52.752640 256.233605 -69.989046
52.752640 256.233605 -69.989046
52.752640 256.233605 -69.989046
52.752640 256.233605 -69.989046
104.273276 96.774848 -145.450275
104.273276 96.774848 -145.450275
114.082945 108.590327 -119.917661
114.082945 108.590327 -119.917661
175.438862 130.314401 -155.197177
175.438862 130.314401 -155.197177
175.438862 130.314401 -155.197177
175.438862 130.314401 -155.197177
236.529196 -21.238930 -216.882224
236.529196 -21.238930 -216.882224
244.352147 -8.832090 -193.287367
244.352147 -8.832090 -193.287367
299.903617 10.836824 -225.229339
299.903617 10.836824 -225.229339
299.903617 10.836824 -225.229339
299.903617 10.836824 -225.229339
367.476368 -117.664333 -264.489343
367.476368 -117.664333 -264.489343
373.345688 -104.663116 -242.035783
373.345688 -104.663116 -242.035783
424.525845 -86.541937 -271.464258
424.525845 -86.541937 -271.464258
424.525845 -86.541937 -271.464258
424.525845 -86.541937 -271.464258
498.784093 -163.415951 -257.152766
498.784093 -163.415951 -257.152766
367.476368 -117.664333 -264.489343
367.476368 -117.664333 -264.489343
547.267494 -146.249604 -285.030613
547.267494 -146.249604 -285.030613
543.139409 -160.356469 -307.859525
543.139409 -160.356469 -307.859525
494.543002 -177.562828 -279.916700
494.543002 -177.562828 -279.916700
-287.926081 515.747307 190.093119
-303.186870 515.948520 163.676415
-377.610499 489.597607 206.469835
-377.610499 489.597607 206.469835
-303.186870 515.948520 163.676415
-287.926081 515.747307 190.093119
-287.926081 515.747307 190.093119
-377.610499 489.597607 206.469835
-362.349710 489.396394 232.886539
-362.349710 489.396394 232.886539
-377.610499 489.597607 206.469835
-287.926081 515.747307 190.093119
-210.733498 548.683161 110.515933
-210.733498 548.683161 110.515933
-285.155415 522.332854 153.308368
-285.155415 522.332854 153.308368
-269.894626 522.131641 179.725073
-269.894626 522.131641 179.725073
-210.733498 548.683161 110.515933
-210.733498 548.683161 110.515933
-102.983289 492.026467 29.603595
-102.983289 492.026467 29.603595
-176.859006 465.869551 72.081967
-176.859006 465.869551 72.081967
-162.269031 471.121975 100.772596
-162.269031 471.121975 100.772596
-102.983289 492.026467 29.603595
-102.983289 492.026467 29.603595
12.144164 396.721095 -59.970852
12.144164 396.721095 -59.970852
-59.363543 371.402612 -18.854080
-59.363543 371.402612 -18.854080
-46.064471 380.122613 9.991198
-46.064471 380.122613 9.991198
12.144164 396.721095 -59.970852
12.144164 396.721095 -59.970852
132.955868 278.015670 -150.353029
132.955868 278.015670 -150.353029
65.992409 254.306154 -111.849191
65.992409 254.306154 -111.849191
77.590195 265.027750 -84.270584
77.590195 265.027750 -84.270584
132.955868 278.015670 -150.353029
132.955868 278.015670 -150.353029
256.613475 150.713407 -233.045548
256.613475 150.713407 -233.045548
195.661643 129.132406 -197.998381
195.661643 129.132406 -197.998381
205.337758 140.900598 -172.388975
205.337758 140.900598 -172.388975
256.613475 150.713407 -233.045548
256.613475 150.713407 -233.045548
326.623120 10.660309 -268.686029
326.623120 10.660309 -268.686029
334.177251 22.971969 -244.936602
334.177251 22.971969 -244.936602
381.926318 30.241318 -300.485243
381.926318 30.241318 -300.485243
494.543002 -177.562828 -279.916700
494.543002 -177.562828 -279.916700
381.926318 30.241318 -300.485243
381.926318 30.241318 -300.485243
461.282207 -73.527741 -292.599084
461.282207 -73.527741 -292.599084
507.050208 -68.245914 -344.743988
507.050208 -68.245914 -344.743988
507.050208 -68.245914 -344.743988
507.050208 -68.245914 -344.743988
-285.155415 522.332854 153.308368
-285.155415 522.332854 153.308368
-269.894626 522.131641 179.725073
-269.894626 522.131641 179.725073
-269.894626 522.131641 179.725073
-195.472710 548.481948 136.932637
-195.472710 548.481948 136.932637
-269.894626 522.131641 179.725073
-195.472710 548.481948 136.932637
-195.472710 548.481948 136.932637
-176.859006 465.869551 72.081967
-176.859006 465.869551 72.081967
-162.269031 471.121975 100.772596
-162.269031 471.121975 100.772596
-88.328251 497.301927 58.256813
-88.328251 497.301927 58.256813
-88.328251 497.301927 58.256813
-88.328251 497.301927 58.256813
-59.363543 371.402612 -18.854080
-59.363543 371.402612 -18.854080
-46.064471 380.122613 9.991198
-46.064471 380.122613 9.991198
25.717192 405.538094 -31.283098
25.717192 405.538094 -31.283098
25.717192 405.538094 -31.283098
25.717192 405.538094 -31.283098
65.992409 254.306154 -111.849191
65.992409 254.306154 -111.849191
77.590195 265.027750 -84.270584
77.590195 265.027750 -84.270584
144.959451 288.880946 -123.007756
144.959451 288.880946 -123.007756
144.959451 288.880946 -123.007756
144.959451 288.880946 -123.007756
195.661643 129.132406 -197.998381
195.661643 129.132406 -197.998381
205.337758 140.900598 -172.388975
205.337758 140.900598 -172.388975
266.691963 162.624066 -207.667506
266.691963 162.624066 -207.667506
266.691963 162.624066 -207.667506
266.691963 162.624066 -207.667506
326.623120 10.660309 -268.686029
326.623120 10.660309 -268.686029
334.177251 22.971969 -244.936602
334.177251 22.971969 -244.936602
389.742419 42.645733 -276.886449
389.742419 42.645733 -276.886449
389.742419 42.645733 -276.886449
389.742419 42.645733 -276.886449
455.828958 -86.381642 -315.291884
455.828958 -86.381642 -315.291884
461.282207 -73.527741 -292.599084
461.282207 -73.527741 -292.599084
512.573658 -55.367158 -322.091554
512.573658 -55.367158 -322.091554
512.573658 -55.367158 -322.091554
512.573658 -55.367158 -322.091554
455.828958 -86.381642 -315.291884
455.828958 -86.381642 -315.291884
-195.472710 548.481948 136.932637
-210.733498 548.683161 110.515933
-285.155415 522.332854 153.308368
-285.155415 522.332854 153.308368
-210.733498 548.683161 110.515933
-195.472710 548.481948 136.932637
-195.472710 548.481948 136.932637
-285.155415 522.332854 153.308368
-269.894626 522.131641 179.725073
-269.894626 522.131641 179.725073
-285.155415 522.332854 153.308368
-195.472710 548.481948 136.932637
-118.278415 581.418407 57.354466
-118.278415 581.418407 57.354466
-192.702043 555.067495 100.147886
-192.702043 555.067495 100.147886
-177.441255 554.866282 126.564591
-177.441255 554.866282 126.564591
-118.278415 581.418407 57.354466
-118.278415 581.418407 57.354466
-10.529918 524.761107 -23.556887
-10.529918 524.761107 -23.556887
-84.405634 498.604192 18.921485
-84.405634 498.604192 18.921485
-69.813947 503.857221 47.611130
-69.813947 503.857221 47.611130
-10.529918 524.761107 -23.556887
-10.529918 524.761107 -23.556887
104.597536 429.455736 -113.131334
104.597536 429.455736 -113.131334
33.091541 404.137859 -72.015547
33.091541 404.137859 -72.015547
46.390613 412.857860 -43.170269
46.390613 412.857860 -43.170269
104.597536 429.455736 -113.131334
104.597536 429.455736 -113.131334
225.219183 310.683018 -203.404229
225.219183 310.683018 -203.404229
158.255724 286.973501 -164.900390
158.255724 286.973501 -164.900390
169.797006 297.675092 -137.289294
169.797006 297.675092 -137.289294
225.219183 310.683018 -203.404229
225.219183 310.683018 -203.404229
348.001842 183.070965 -285.593655
348.001842 183.070965 -285.593655
287.050010 161.489964 -250.546488
287.050010 161.489964 -250.546488
296.590859 173.210263 -224.859304
296.590859 173.210263 -224.859304
348.001842 183.070965 -285.593655
348.001842 183.070965 -285.593655
416.715332 42.558942 -320.488849
416.715332 42.558942 -320.488849
423.998931 54.774816 -296.583867
423.998931 54.774816 -296.583867
472.059623 62.154501 -352.311692
472.059623 62.154501 -352.311692
472.059623 62.154501 -352.311692
472.059623 62.154501 -352.311692
-192.702043 555.067495 100.147886
-118.278415 581.418407 57.354466
-118.278415 581.418407 57.354466
-192.702043 555.067495 100.147886
-177.441255 554.866282 126.564591
-177.441255 554.866282 126.564591
-177.441255 554.866282 126.564591
-103.017626 581.217194 83.771171
-103.017626 581.217194 83.771171
-177.441255 554.866282 126.564591
-103.017626 581.217194 83.771171
-103.017626 581.217194 83.771171
-84.405634 498.604192 18.921485
-84.405634 498.604192 18.921485
-69.813947 503.857221 47.611130
-69.813947 503.857221 47.611130
4.125121 530.036568 5.096331
4.125121 530.036568 5.096331
4.125121 530.036568 5.096331
4.125121 530.036568 5.096331
33.091541 404.137859 -72.015547
33.091541 404.137859 -72.015547
46.390613 412.857860 -43.170269
46.390613 412.857860 -43.170269
118.170564 438.272735 -84.443580
118.170564 438.272735 -84.443580
118.170564 438.272735 -84.443580
118.170564 438.272735 -84.443580
158.255724 286.973501 -164.900390
158.255724 286.973501 -164.900390
169.797006 297.675092 -137.289294
169.797006 297.675092 -137.289294
237.164550 321.527682 -176.025481
237.164550 321.527682 -176.025481
237.164550 321.527682 -176.025481
237.164550 321.527682 -176.025481
287.050010 161.489964 -250.546488
287.050010 161.489964 -250.546488
296.590859 173.210263 -224.859304
296.590859 173.210263 -224.859304
357.946777 194.934337 -260.138819
357.946777 194.934337 -260.138819
357.946777 194.934337 -260.138819
357.946777 194.934337 -260.138819
416.715332 42.558942 -320.488849
416.715332 42.558942 -320.488849
423.998931 54.774816 -296.583867
423.998931 54.774816 -296.583867
479.622314 74.469192 -328.567188
479.622314 74.469192 -328.567188
479.622314 74.469192 -328.567188
479.622314 74.469192 -328.567188
-103.017626 581.217194 83.771171
-118.278415 581.418407 57.354466
-192.702043 555.067495 100.147886
-192.702043 555.067495 100.147886
-118.278415 581.418407 57.354466
-103.017626 581.217194 83.771171
-103.017626 581.217194 83.771171
-192.702043 555.067495 100.147886
-177.441255 554.866282 126.564591
-177.441255 554.866282 126.564591
-192.702043 555.067495 100.147886
-103.017626 581.217194 83.771171
-25.825043 614.153048 4.193984
-25.825043 614.153048 4.193984
-100.246959 587.802741 46.986420
-100.246959 587.802741 46.986420
-84.986171 587.601528 73.403124
-84.986171 587.601528 73.403124
-25.825043 614.153048 4.193984
-25.825043 614.153048 4.193984
81.925166 557.496354 -76.718353
81.925166 557.496354 -76.718353
8.049450 531.339439 -34.239982
8.049450 531.339439 -34.239982
22.639424 536.591862 -5.549352
22.639424 536.591862 -5.549352
81.925166 557.496354 -76.718353
81.925166 557.496354 -76.718353
197.050907 462.190376 -166.291816
197.050907 462.190376 -166.291816
125.544912 436.872500 -125.176029
125.544912 436.872500 -125.176029
138.843985 445.592500 -96.330751
138.843985 445.592500 -96.330751
197.050907 462.190376 -166.291816
197.050907 462.190376 -166.291816
317.484209 343.350972 -256.456413
317.484209 343.350972 -256.456413
250.520751 319.641455 -217.952574
250.520751 319.641455 -217.952574
262.003817 330.322434 -190.308004
262.003817 330.322434 -190.308004
317.484209 343.350972 -256.456413
317.484209 343.350972 -256.456413
439.390209 215.428523 -338.141762
439.390209 215.428523 -338.141762
378.438377 193.847522 -303.094595
378.438377 193.847522 -303.094595
387.843960 205.519928 -277.329633
387.843960 205.519928 -277.329633
439.390209 215.428523 -338.141762
439.390209 215.428523 -338.141762
-100.246959 587.802741 46.986420
-25.825043 614.153048 4.193984
-25.825043 614.153048 4.193984
-100.246959 587.802741 46.986420
-84.986171 587.601528 73.403124
-84.986171 587.601528 73.403124
-84.986171 587.601528 73.403124
-10.564254 613.951835 30.610689
-10.564254 613.951835 30.610689
-84.986171 587.601528 73.403124
-10.564254 613.951835 30.610689
-10.564254 613.951835 30.610689
8.049450 531.339439 -34.239982
8.049450 531.339439 -34.239982
22.639424 536.591862 -5.549352
22.639424 536.591862 -5.549352
96.578493 562.771208 -48.064151
96.578493 562.771208 -48.064151
96.578493 562.771208 -48.064151
96.578493 562.771208 -48.064151
125.544912 436.872500 -125.176029
125.544912 436.872500 -125.176029
138.843985 445.592500 -96.330751
138.843985 445.592500 -96.330751
210.623936 471.007375 -137.604062
210.623936 471.007375 -137.604062
210.623936 471.007375 -137.604062
210.623936 471.007375 -137.604062
250.520751 319.641455 -217.952574
250.520751 319.641455 -217.952574
262.003817 330.322434 -190.308004
262.003817 330.322434 -190.308004
329.371361 354.175023 -229.044192
329.371361 354.175023 -229.044192
329.371361 354.175023 -229.044192
329.371361 354.175023 -229.044192
378.438377 193.847522 -303.094595
378.438377 193.847522 -303.094595
387.843960 205.519928 -277.329633
387.843960 205.519928 -277.329633
449.199878 227.244002 -312.609148
449.199878 227.244002 -312.609148
449.199878 227.244002 -312.609148
449.199878 227.244002 -312.609148
-10.564254 613.951835 30.610689
-25.825043 614.153048 4.193984
-100.246959 587.802741 46.986420
-100.246959 587.802741 46.986420
-25.825043 614.153048 4.193984
-10.564254 613.951835 30.610689
-10.564254 613.951835 30.610689
-100.246959 587.802741 46.986420
-84.986171 587.601528 73.403124
-84.986171 587.601528 73.403124
-100.246959 587.802741 46.986420
-10.564254 613.951835 30.610689
66.630041 646.888295 -48.967482
66.630041 646.888295 -48.967482
-7.793588 620.537382 -6.174062
-7.793588 620.537382 -6.174062
7.467201 620.336169 20.242642
7.467201 620.336169 20.242642
66.630041 646.888295 -48.967482
66.630041 646.888295 -48.967482
174.378538 590.230994 -129.878835
174.378538 590.230994 -129.878835
100.502822 564.074079 -87.400464
100.502822 564.074079 -87.400464
115.094508 569.327109 -58.710819
115.094508 569.327109 -58.710819
174.378538 590.230994 -129.878835
174.378538 590.230994 -129.878835
289.505991 494.925623 -219.453282
289.505991 494.925623 -219.453282
217.998284 469.607140 -178.336511
217.998284 469.607140 -178.336511
231.297356 478.327141 -149.491233
231.297356 478.327141 -149.491233
289.505991 494.925623 -219.453282
289.505991 494.925623 -219.453282
409.749236 376.018925 -309.508597
409.749236 376.018925 -309.508597
342.785778 352.309409 -271.004758
342.785778 352.309409 -271.004758
354.210628 362.969775 -243.326715
354.210628 362.969775 -243.326715
409.749236 376.018925 -309.508597
409.749236 376.018925 -309.508597
-7.793588 620.537382 -6.174062
66.630041 646.888295 -48.967482
66.630041 646.888295 -48.967482
-7.793588 620.537382 -6.174062
7.467201 620.336169 20.242642
7.467201 620.336169 20.242642
7.467201 620.336169 20.242642
81.890830 646.687082 -22.550778
81.890830 646.687082 -22.550778
7.467201 620.336169 20.242642
81.890830 646.687082 -22.550778
81.890830 646.687082 -22.550778
100.502822 564.074079 -87.400464
100.502822 564.074079 -87.400464
115.094508 569.327109 -58.710819
115.094508 569.327109 -58.710819
189.033577 595.506455 -101.225618
189.033577 595.506455 -101.225618
189.033577 595.506455 -101.225618
189.033577 595.506455 -101.225618
217.998284 469.607140 -178.336511
217.998284 469.607140 -178.336511
231.297356 478.327141 -149.491233
231.297356 478.327141 -149.491233
303.079020 503.742622 -190.765529
303.079020 503.742622 -190.765529
303.079020 503.742622 -190.765529
303.079020 503.742622 -190.765529
342.785778 352.309409 -271.004758
342.785778 352.309409 -271.004758
354.210628 362.969775 -243.326715
354.210628 362.969775 -243.326715
421.578172 386.822365 -282.062902
421.578172 386.822365 -282.062902
421.578172 386.822365 -282.062902
421.578172 386.822365 -282.062902
81.890830 646.687082 -22.550778
66.630041 646.888295 -48.967482
-7.793588 620.537382 -6.174062
-7.793588 620.537382 -6.174062
66.630041 646.888295 -48.967482
81.890830 646.687082 -22.550778
81.890830 646.687082 -22.550778
-7.793588 620.537382 -6.174062
7.467201 620.336169 20.242642
7.467201 620.336169 20.242642
-7.793588 620.537382 -6.174062
81.890830 646.687082 -22.550778
159.083413 679.622935 -102.127964
159.083413 679.622935 -102.127964
84.659784 653.272022 -59.334544
84.659784 653.272022 -59.334544
99.920573 653.070809 -32.917840
99.920573 653.070809 -32.917840
159.083413 679.622935 -102.127964
159.083413 679.622935 -102.127964
266.833622 622.966241 -183.040302
266.833622 622.966241 -183.040302
192.957906 596.809326 -140.561930
192.957906 596.809326 -140.561930
207.547880 602.061749 -111.871301
207.547880 602.061749 -111.871301
266.833622 622.966241 -183.040302
266.833622 622.966241 -183.040302
381.959363 527.660263 -272.613764
381.959363 527.660263 -272.613764
310.453368 502.342387 -231.497977
310.453368 502.342387 -231.497977
323.752440 511.062387 -202.652699
323.752440 511.062387 -202.652699
381.959363 527.660263 -272.613764
381.959363 527.660263 -272.613764
84.659784 653.272022 -59.334544
159.083413 679.622935 -102.127964
159.083413 679.622935 -102.127964
84.659784 653.272022 -59.334544
99.920573 653.070809 -32.917840
99.920573 653.070809 -32.917840
99.920573 653.070809 -32.917840
174.344201 679.421722 -75.711260
174.344201 679.421722 -75.711260
99.920573 653.070809 -32.917840
174.344201 679.421722 -75.711260
174.344201 679.421722 -75.711260
192.957906 596.809326 -140.561930
192.957906 596.809326 -140.561930
207.547880 602.061749 -111.871301
207.547880 602.061749 -111.871301
281.486948 628.241095 -154.386100
281.486948 628.241095 -154.386100
281.486948 628.241095 -154.386100
281.486948 628.241095 -154.386100
310.453368 502.342387 -231.497977
310.453368 502.342387 -231.497977
323.752440 511.062387 -202.652699
323.752440 511.062387 -202.652699
395.532391 536.477263 -243.926011
395.532391 536.477263 -243.926011
395.532391 536.477263 -243.926011
395.532391 536.477263 -243.926011
174.344201 679.421722 -75.711260
159.083413 679.622935 -102.127964
84.659784 653.272022 -59.334544
84.659784 653.272022 -59.334544
159.083413 679.622935 -102.127964
174.344201 679.421722 -75.711260
174.344201 679.421722 -75.711260
84.659784 653.272022 -59.334544
99.920573 653.070809 -32.917840
99.920573 653.070809 -32.917840
84.659784 653.272022 -59.334544
174.344201 679.421722 -75.711260
251.536784 712.357576 -155.288446
251.536784 712.357576 -155.288446
177.114868 686.007269 -112.496010
177.114868 686.007269 -112.496010
192.375657 685.806056 -86.079306
192.375657 685.806056 -86.079306
251.536784 712.357576 -155.288446
251.536784 712.357576 -155.288446
359.286993 655.700881 -236.200784
359.286993 655.700881 -236.200784
285.411277 629.543966 -193.722412
285.411277 629.543966 -193.722412
300.001251 634.796390 -165.031783
300.001251 634.796390 -165.031783
359.286993 655.700881 -236.200784
359.286993 655.700881 -236.200784
177.114868 686.007269 -112.496010
251.536784 712.357576 -155.288446
251.536784 712.357576 -155.288446
177.114868 686.007269 -112.496010
192.375657 685.806056 -86.079306
192.375657 685.806056 -86.079306
192.375657 685.806056 -86.079306
266.797573 712.156362 -128.871742
266.797573 712.156362 -128.871742
192.375657 685.806056 -86.079306
266.797573 712.156362 -128.871742
266.797573 712.156362 -128.871742
285.411277 629.543966 -193.722412
285.411277 629.543966 -193.722412
300.001251 634.796390 -165.031783
300.001251 634.796390 -165.031783
373.942032 660.976342 -207.547566
373.942032 660.976342 -207.547566
373.942032 660.976342 -207.547566
373.942032 660.976342 -207.547566
266.797573 712.156362 -128.871742
251.536784 712.357576 -155.288446
177.114868 686.007269 -112.496010
177.114868 686.007269 -112.496010
251.536784 712.357576 -155.288446
266.797573 712.156362 -128.871742
266.797573 712.156362 -128.871742
177.114868 686.007269 -112.496010
192.375657 685.806056 -86.079306
192.375657 685.806056 -86.079306
177.114868 686.007269 -112.496010
266.797573 712.156362 -128.871742
343.991868 745.092822 -208.449912
343.991868 745.092822 -208.449912
269.568240 718.741910 -165.656492
269.568240 718.741910 -165.656492
284.829028 718.540696 -139.239788
284.829028 718.540696 -139.239788
343.991868 745.092822 -208.449912
343.991868 745.092822 -208.449912
269.568240 718.741910 -165.656492
343.991868 745.092822 -208.449912
343.991868 745.092822 -208.449912
269.568240 718.741910 -165.656492
284.829028 718.540696 -139.239788
284.829028 718.540696 -139.239788
284.829028 718.540696 -139.239788
359.252657 744.891609 -182.033208
359.252657 744.891609 -182.033208
284.829028 718.540696 -139.239788
359.252657 744.891609 -182.033208
359.252657 744.891609 -182.033208
359.252657 744.891609 -182.033208
343.991868 745.092822 -208.449912
269.568240 718.741910 -165.656492
269.568240 718.741910 -165.656492
343.991868 745.092822 -208.449912
359.252657 744.891609 -182.033208
359.252657 744.891609 -182.033208
269.568240 718.741910 -165.656492
284.829028 718.540696 -139.239788
284.829028 718.540696 -139.239788
269.568240 718.741910 -165.656492
359.252657 744.891609 -182.033208
-481.329730 -81.585250 191.073341
-431.692127 9.044829 139.408986
-401.972461 -29.245157 147.543491
-401.972461 -29.245157 147.543491
-431.692127 9.044829 139.408986
-481.329730 -81.585250 191.073341
-403.568789 -15.709998 146.958219
-403.568789 -15.709998 146.958219
-480.508565 -81.260030 192.970530
-481.329730 -81.585250 191.073341
-401.972461 -29.245157 147.543491
-401.972461 -29.245157 147.543491
-481.329730 -81.585250 191.073341
-480.508565 -81.260030 192.970530
-511.044953 -43.314956 182.934439
-511.044953 -43.314956 182.934439
-401.972461 -29.245157 147.543491
-403.568789 -15.709998 146.958219
-401.155740 -28.900245 149.445077
-401.155740 -28.900245 149.445077
-403.568789 -15.709998 146.958219
-401.972461 -29.245157 147.543491
-430.452948 18.721664 139.358807
-430.452948 18.721664 139.358807
-481.329730 -81.585250 191.073341
-480.508565 -81.260030 192.970530
-491.731710 -73.889824 195.315465
-491.731710 -73.889824 195.315465
-480.508565 -81.260030 192.970530
-481.329730 -81.585250 191.073341
-480.508565 -81.260030 192.970530
-401.972461 -29.245157 147.543491
-401.155740 -28.900245 149.445077
-401.155740 -28.900245 149.445077
-401.972461 -29.245157 147.543491
-480.508565 -81.260030 192.970530
-518.617581 -39.458769 187.717038
-518.617581 -39.458769 187.717038
-470.497213 56.540079 126.106312
-470.497213 56.540079 126.106312
-444.518193 70.825051 177.109413
-401.155740 -28.900245 149.445077
-403.568789 -15.709998 146.958219
-403.568789 -15.709998 146.958219
-401.155740 -28.900245 149.445077
-444.518193 70.825051 177.109413
-403.568789 -15.709998 146.958219
-430.452948 18.721664 139.358807
-444.518193 70.825051 177.109413
-444.518193 70.825051 177.109413
-430.452948 18.721664 139.358807
-403.568789 -15.709998 146.958219
-524.501976 12.955773 225.449221
-491.731710 -73.889824 195.315465
-480.508565 -81.260030 192.970530
-480.508565 -81.260030 192.970530
-491.731710 -73.889824 195.315465
-524.501976 12.955773 225.449221
-491.731710 -73.889824 195.315465
-491.731710 -73.889824 195.315465
-556.324013 7.038254 174.461734
-556.324013 7.038254 174.461734
-549.652766 4.313938 169.523861
-549.652766 4.313938 169.523861
-445.545408 65.047665 182.140560
-445.545408 65.047665 182.140560
-468.429952 65.016560 126.249870
-468.429952 65.016560 126.249870
-470.385347 104.122671 170.762498
-470.385347 104.122671 170.762498
-532.229371 12.954028 225.219805
-532.229371 12.954028 225.219805
-491.731710 -73.889824 195.315465
-532.229371 12.954028 225.219805
-518.617581 -39.458769 187.717038
-518.617581 -39.458769 187.717038
-532.229371 12.954028 225.219805
-491.731710 -73.889824 195.315465
-557.613963 46.571364 218.608316
-556.324013 7.038254 174.461734
-556.324013 7.038254 174.461734
-557.613963 46.571364 218.608316
-515.307053 108.337359 108.243989
-515.307053 108.337359 108.243989
-449.743029 71.826715 182.777984
-449.743029 71.826715 182.777984
-468.429952 65.016560 126.249870
-468.429952 65.016560 126.249870
-470.385347 104.122671 170.762498
-470.385347 104.122671 170.762498
-528.615004 19.786040 226.039847
-528.615004 19.786040 226.039847
-588.340827 85.290714 207.824598
-588.340827 85.290714 207.824598
-599.315764 58.294034 156.202169
-599.315764 58.294034 156.202169
-593.495768 56.751256 151.131403
-593.495768 56.751256 151.131403
-512.396409 115.650782 108.526805
-512.396409 115.650782 108.526805
-501.951650 142.268356 160.437504
-501.951650 142.268356 160.437504
-478.039581 108.100943 175.595413
-478.039581 108.100943 175.595413
-556.430013 56.400888 218.595128
-556.430013 56.400888 218.595128
-557.613963 46.571364 218.608316
-557.613963 46.571364 218.608316
-588.340827 85.290714 207.824598
-586.343413 93.822629 207.746413
-586.343413 93.822629 207.746413
-588.340827 85.290714 207.824598
-599.315764 58.294034 156.202169
-599.315764 58.294034 156.202169
-564.970632 161.836991 85.425226
-564.970632 161.836991 85.425226
-512.396409 115.650782 108.526805
-512.396409 115.650782 108.526805
-501.951650 142.268356 160.437504
-501.951650 142.268356 160.437504
-617.032195 130.011292 193.385165
-617.032195 130.011292 193.385165
-619.951800 122.756981 193.313930
-619.951800 122.756981 193.313930
-645.982184 112.072693 132.541732
-645.982184 112.072693 132.541732
-641.023957 111.644913 127.140070
-641.023957 111.644913 127.140070
-561.115013 168.043609 85.989254
-561.115013 168.043609 85.989254
-534.795222 178.936692 146.604256
-534.795222 178.936692 146.604256
-508.788302 144.971742 165.204895
-508.788302 144.971742 165.204895
-619.951800 122.756981 193.313930
-619.951800 122.756981 193.313930
-645.982184 112.072693 132.541732
-645.982184 112.072693 132.541732
-617.374748 214.003803 57.943074
-617.374748 214.003803 57.943074
-561.115013 168.043609 85.989254
-561.115013 168.043609 85.989254
-534.795222 178.936692 146.604256
-534.795222 178.936692 146.604256
-540.707971 180.363081 151.520083
-540.707971 180.363081 151.520083
-649.674282 166.129656 174.647068
-649.674282 166.129656 174.647068
-653.492685 159.965519 174.221615
-653.492685 159.965519 174.221615
-694.242207 165.461069 103.679984
-694.242207 165.461069 103.679984
-690.077532 166.040035 97.821644
-690.077532 166.040035 97.821644
-612.596793 219.313070 58.895257
-612.596793 219.313070 58.895257
-570.047844 215.028797 128.451967
-570.047844 215.028797 128.451967
-653.492685 159.965519 174.221615
-653.492685 159.965519 174.221615
-694.242207 165.461069 103.679984
-694.242207 165.461069 103.679984
-670.207764 262.079331 26.410964
-670.207764 262.079331 26.410964
-612.596793 219.313070 58.895257
-612.596793 219.313070 58.895257
-570.047844 215.028797 128.451967
-570.047844 215.028797 128.451967
-575.042960 215.371680 133.711182
-575.042960 215.371680 133.711182
-685.436569 203.366160 150.564045
-685.436569 203.366160 150.564045
-690.094730 198.098818 149.642243
-690.094730 198.098818 149.642243
-742.114257 215.782571 70.209687
-742.114257 215.782571 70.209687
-738.507560 217.014223 63.873901
-738.507560 217.014223 63.873901
-664.724213 266.851974 27.761240
-664.724213 266.851974 27.761240
-608.995230 251.608672 105.158518
-608.995230 251.608672 105.158518
-690.094730 198.098818 149.642243
-690.094730 198.098818 149.642243
-742.114257 215.782571 70.209687
-742.114257 215.782571 70.209687
-721.200137 303.784652 -8.417961
-721.200137 303.784652 -8.417961
-664.724213 266.851974 27.761240
-664.724213 266.851974 27.761240
-608.995230 251.608672 105.158518
-608.995230 251.608672 105.158518
-613.127637 251.084151 110.902727
-613.127637 251.084151 110.902727
-725.424307 242.833231 120.085342
-725.424307 242.833231 120.085342
-730.714372 238.141340 118.666049
-730.714372 238.141340 118.666049
-787.982736 260.744001 32.869490
-787.982736 260.744001 32.869490
-784.460607 262.034896 26.280031
-784.460607 262.034896 26.280031
-715.514894 308.560788 -6.879517
-715.514894 308.560788 -6.879517
-652.828069 289.535309 75.945151
-652.828069 289.535309 75.945151
-730.714372 238.141340 118.666049
-730.714372 238.141340 118.666049
-776.061872 280.807040 80.484421
-776.061872 280.807040 80.484421
-787.982736 260.744001 32.869490
-787.982736 260.744001 32.869490
-767.424802 336.257852 -45.621689
-767.424802 336.257852 -45.621689
-715.514894 308.560788 -6.879517
-702.482673 329.336299 40.124023
-702.482673 329.336299 40.124023
-715.514894 308.560788 -6.879517
-652.828069 289.535309 75.945151
-652.828069 289.535309 75.945151
-656.295020 288.425952 82.165717
-656.295020 288.425952 82.165717
-770.619865 285.443339 82.112052
-770.619865 285.443339 82.112052
-776.061872 280.807040 80.484421
-776.061872 280.807040 80.484421
-822.910016 320.338788 34.533130
-822.910016 320.338788 34.533130
-829.576818 297.003260 -7.290405
-829.576818 297.003260 -7.290405
-825.634287 297.870106 -13.691659
-825.634287 297.870106 -13.691659
-762.121598 341.492884 -44.291664
-762.121598 341.492884 -44.291664
-754.446173 365.504510 -3.020449
-754.446173 365.504510 -3.020449
-702.482673 329.336299 40.124023
-702.482673 329.336299 40.124023
-817.838882 325.456549 35.959644
-817.838882 325.456549 35.959644
-822.910016 320.338788 34.533130
-822.910016 320.338788 34.533130
-829.576818 297.003260 -7.290405
-829.576818 297.003260 -7.290405
-813.194728 362.963916 -88.573042
-813.194728 362.963916 -88.573042
-762.121598 341.492884 -44.291664
-762.121598 341.492884 -44.291664
-705.813419 328.208309 46.565661
-754.446173 365.504510 -3.020449
-754.446173 365.504510 -3.020449
-705.813419 328.208309 46.565661
-863.449024 357.510299 -17.381603
-863.449024 357.510299 -17.381603
-868.171199 351.962867 -18.569862
-868.171199 351.962867 -18.569862
-870.444836 327.556348 -53.390887
-870.444836 327.556348 -53.390887
-866.105974 328.046990 -59.551304
-866.105974 328.046990 -59.551304
-808.267308 368.582427 -87.495670
-808.267308 368.582427 -87.495670
-805.160061 393.539282 -53.131858
-805.160061 393.539282 -53.131858
-758.207393 364.794349 3.250657
-758.207393 364.794349 3.250657
-868.171199 351.962867 -18.569862
-868.171199 351.962867 -18.569862
-870.444836 327.556348 -53.390887
-870.444836 327.556348 -53.390887
-858.526337 384.786695 -136.587243
-858.526337 384.786695 -136.587243
-808.267308 368.582427 -87.495670
-808.267308 368.582427 -87.495670
-805.160061 393.539282 -53.131858
-805.160061 393.539282 -53.131858
-809.342848 393.211819 -47.059101
-809.342848 393.211819 -47.059101
-907.789040 383.056104 -76.406045
-907.789040 383.056104 -76.406045
-912.150582 377.162398 -77.232368
-912.150582 377.162398 -77.232368
-910.882019 353.202727 -104.651021
-910.882019 353.202727 -104.651021
-906.146520 353.380578 -110.465985
-906.146520 353.380578 -110.465985
-853.997267 390.717390 -135.854338
-853.997267 390.717390 -135.854338
-854.691133 415.071930 -108.749553
-854.691133 415.071930 -108.749553
-912.150582 377.162398 -77.232368
-912.150582 377.162398 -77.232368
-910.882019 353.202727 -104.651021
-910.882019 353.202727 -104.651021
-903.409878 402.741060 -188.957370
-903.409878 402.741060 -188.957370
-853.997267 390.717390 -135.854338
-853.997267 390.717390 -135.854338
-854.691133 415.071930 -108.749553
-854.691133 415.071930 -108.749553
-859.314007 415.041343 -102.994887
-859.314007 415.041343 -102.994887
-951.280080 403.526956 -139.511297
-951.280080 403.526956 -139.511297
-955.254400 397.351737 -139.850541
-955.254400 397.351737 -139.850541
-951.209190 374.696673 -160.210463
-951.209190 374.696673 -160.210463
-946.059918 374.604535 -165.563120
-946.059918 374.604535 -165.563120
-899.316840 408.933865 -188.673974
-899.316840 408.933865 -188.673974
-903.052790 431.783488 -168.484507
-903.052790 431.783488 -168.484507
-955.254400 397.351737 -139.850541
-955.254400 397.351737 -139.850541
-951.209190 374.696673 -160.210463
-951.209190 374.696673 -160.210463
-947.753876 417.875637 -244.947994
-947.753876 417.875637 -244.947994
-899.316840 408.933865 -188.673974
-899.316840 408.933865 -188.673974
-903.052790 431.783488 -168.484507
-903.052790 431.783488 -168.484507
-908.137205 431.986835 -163.176030
-908.137205 431.986835 -163.176030
-994.381250 420.340326 -204.966756
-994.381250 420.340326 -204.966756
-997.959681 413.952620 -204.730996
-997.959681 413.952620 -204.730996
-991.774777 392.817832 -219.059162
-991.774777 392.817832 -219.059162
-986.199912 392.503521 -223.860489
-986.199912 392.503521 -223.860489
-944.107671 424.261828 -245.205558
-944.107671 424.261828 -245.205558
-950.178182 445.479649 -230.939483
-950.178182 445.479649 -230.939483
-997.959681 413.952620 -204.730996
-997.959681 413.952620 -204.730996
-991.774777 392.817832 -219.059162
-991.774777 392.817832 -219.059162
-991.384156 431.286610 -303.758962
-991.384156 431.286610 -303.758962
-944.107671 424.261828 -245.205558
-944.107671 424.261828 -245.205558
-950.178182 445.479649 -230.939483
-950.178182 445.479649 -230.939483
-955.719800 445.831243 -226.174440
-955.719800 445.831243 -226.174440
-1037.456687 434.772664 -270.993847
-1037.456687 434.772664 -270.993847
-1040.683600 428.251640 -270.194157
-1040.683600 428.251640 -270.194157
-1032.894415 408.293161 -280.015064
-1032.894415 408.293161 -280.015064
-1026.927969 407.835213 -284.262845
-1026.927969 407.835213 -284.262845
-988.142537 437.833099 -304.560751
-988.142537 437.833099 -304.560751
-995.918023 457.796427 -294.747720
-995.918023 457.796427 -294.747720
-1040.683600 428.251640 -270.194157
-1040.683600 428.251640 -270.194157
-1032.894415 408.293161 -280.015064
-1032.894415 408.293161 -280.015064
-1031.738514 443.422338 -361.217461
-1031.738514 443.422338 -361.217461
-988.142537 437.833099 -304.560751
-988.142537 437.833099 -304.560751
-995.918023 457.796427 -294.747720
-995.918023 457.796427 -294.747720
-1001.872800 458.259515 -290.511164
-1001.872800 458.259515 -290.511164
-1078.692018 447.477599 -332.473816
-1078.692018 447.477599 -332.473816
-1072.571417 421.133128 -338.389570
-1072.571417 421.133128 -338.389570
-1072.571417 421.133128 -338.389570
-1072.571417 421.133128 -338.389570
-1066.318914 420.609766 -342.249509
-1066.318914 420.609766 -342.249509
-1028.752131 450.045153 -362.424813
-1028.752131 450.045153 -362.424813
-1028.752131 450.045153 -362.424813
-1028.752131 450.045153 -362.424813
-1081.643906 440.853254 -331.224757
-1081.643906 440.853254 -331.224757
-1081.643906 440.853254 -331.224757
-1081.643906 440.853254 -331.224757
-1035.721250 447.682100 -363.253416
-1035.721250 447.682100 -363.253416
-1037.831469 469.762854 -355.256062
-1037.831469 469.762854 -355.256062
-1037.831469 469.762854 -355.256062
-1037.831469 469.762854 -355.256062
-1044.106481 470.291989 -351.444721
-1044.106481 470.291989 -351.444721
-1081.643906 440.853254 -331.224757
-1078.692018 447.477599 -332.473816
-1079.316943 444.631170 -337.151697
-1079.316943 444.631170 -337.151697
-1078.692018 447.477599 -332.473816
-1081.643906 440.853254 -331.224757
-1081.643906 440.853254 -331.224757
-1070.241029 424.912257 -344.318479
-1070.241029 424.912257 -344.318479
-1081.643906 440.853254 -331.224757
-1044.798876 467.400407 -356.085650
-1044.798876 467.400407 -356.085650
-1037.831469 469.762854 -355.256062
-1037.831469 469.762854 -355.256062
-1044.106481 470.291989 -351.444721
-1044.106481 470.291989 -351.444721
-1079.316943 444.631170 -337.151697
-1079.316943 444.631170 -337.151697
-1037.831469 469.762854 -355.256062
-1044.798876 467.400407 -356.085650
-1044.798876 467.400407 -356.085650
-1037.831469 469.762854 -355.256062
280.954138 212.556264 -245.137777
267.010925 256.432164 -262.343706
370.442930 219.998903 -298.694034
370.442930 219.998903 -298.694034
267.010925 256.432164 -262.343706
280.954138 212.556264 -245.137777
356.504160 263.855111 -315.904361
356.504160 263.855111 -315.904361
371.476411 220.399297 -296.918926
280.954138 212.556264 -245.137777
370.442930 219.998903 -298.694034
370.442930 219.998903 -298.694034
280.954138 212.556264 -245.137777
371.476411 220.399297 -296.918926
274.505361 224.373334 -242.932900
274.505361 224.373334 -242.932900
247.903291 310.901621 -286.972371
247.903291 310.901621 -286.972371
361.235590 272.067752 -318.196568
361.235590 272.067752 -318.196568
281.983176 212.976351 -243.358272
280.954138 212.556264 -245.137777
371.476411 220.399297 -296.918926
371.476411 220.399297 -296.918926
280.954138 212.556264 -245.137777
281.983176 212.976351 -243.358272
370.442930 219.998903 -298.694034
373.937379 232.614588 -302.442325
371.476411 220.399297 -296.918926
371.476411 220.399297 -296.918926
373.937379 232.614588 -302.442325
370.442930 219.998903 -298.694034
261.801860 263.825892 -258.686159
261.801860 263.825892 -258.686159
280.954138 212.556264 -245.137777
281.983176 212.976351 -243.358272
274.505361 224.373334 -242.932900
274.505361 224.373334 -242.932900
281.983176 212.976351 -243.358272
280.954138 212.556264 -245.137777
337.172591 318.309076 -340.398736
337.172591 318.309076 -340.398736
373.937379 232.614588 -302.442325
373.937379 232.614588 -302.442325
342.238655 325.189181 -342.209790
342.238655 325.189181 -342.209790
281.983176 212.976351 -243.358272
371.476411 220.399297 -296.918926
367.744290 328.870273 -287.590387
367.744290 328.870273 -287.590387
371.476411 220.399297 -296.918926
281.983176 212.976351 -243.358272
373.937379 232.614588 -302.442325
373.937379 232.614588 -302.442325
274.505361 224.373334 -242.932900
271.533137 324.354829 -234.618500
261.801860 263.825892 -258.686159
261.801860 263.825892 -258.686159
271.533137 324.354829 -234.618500
274.505361 224.373334 -242.932900
274.505361 224.373334 -242.932900
271.533137 324.354829 -234.618500
271.533137 324.354829 -234.618500
274.505361 224.373334 -242.932900
225.345544 370.577622 -317.629598
225.345544 370.577622 -317.629598
243.119934 316.952528 -282.889723
243.119934 316.952528 -282.889723
373.937379 232.614588 -302.442325
361.235590 272.067752 -318.196568
370.451201 332.562967 -293.819505
370.451201 332.562967 -293.819505
361.235590 272.067752 -318.196568
373.937379 232.614588 -302.442325
342.238655 325.189181 -342.209790
358.363759 370.888377 -308.076826
358.363759 370.888377 -308.076826
342.238655 325.189181 -342.209790
278.700636 321.478917 -234.299296
278.700636 321.478917 -234.299296
370.451201 332.562967 -293.819505
370.451201 332.562967 -293.819505
259.990468 362.724270 -249.201962
259.990468 362.724270 -249.201962
313.523586 377.896411 -370.402697
313.523586 377.896411 -370.402697
318.952916 383.422200 -371.800269
318.952916 383.422200 -371.800269
243.119934 316.952528 -282.889723
243.119934 316.952528 -282.889723
342.495595 414.868695 -327.404263
342.495595 414.868695 -327.404263
366.425614 336.689927 -288.606507
366.425614 336.689927 -288.606507
277.475440 329.310404 -235.371009
259.990468 362.724270 -249.201962
259.990468 362.724270 -249.201962
277.475440 329.310404 -235.371009
199.858600 432.637390 -354.349872
199.858600 432.637390 -354.349872
220.924435 375.295117 -313.131040
220.924435 375.295117 -313.131040
318.952916 383.422200 -371.800269
318.952916 383.422200 -371.800269
245.077278 406.766264 -269.102459
245.077278 406.766264 -269.102459
358.363759 370.888377 -308.076826
353.128573 378.445101 -304.399024
353.128573 378.445101 -304.399024
358.363759 370.888377 -308.076826
342.495595 414.868695 -327.404263
337.537946 420.938055 -323.483303
337.537946 420.938055 -323.483303
342.495595 414.868695 -327.404263
264.732753 371.091734 -251.497018
264.732753 371.091734 -251.497018
285.632920 439.743058 -405.685562
285.632920 439.743058 -405.685562
291.545618 444.019868 -406.534657
291.545618 444.019868 -406.534657
220.924435 375.295117 -313.131040
220.924435 375.295117 -313.131040
324.623525 457.199448 -349.814770
324.623525 457.199448 -349.814770
245.077278 406.766264 -269.102459
245.077278 406.766264 -269.102459
320.060702 461.804482 -345.441155
320.060702 461.804482 -345.441155
172.358816 493.621991 -396.151960
172.358816 493.621991 -396.151960
195.844828 436.057720 -349.260961
195.844828 436.057720 -349.260961
291.545618 444.019868 -406.534657
291.545618 444.019868 -406.534657
228.588891 449.225423 -292.339902
228.588891 449.225423 -292.339902
324.623525 457.199448 -349.814770
324.623525 457.199448 -349.814770
250.082383 413.662419 -271.144051
250.082383 413.662419 -271.144051
254.348829 500.429759 -445.221402
254.348829 500.429759 -445.221402
260.815368 503.614950 -445.475985
260.815368 503.614950 -445.475985
195.844828 436.057720 -349.260961
195.844828 436.057720 -349.260961
303.980196 498.974048 -376.320774
303.980196 498.974048 -376.320774
228.588891 449.225423 -292.339902
228.588891 449.225423 -292.339902
299.888759 502.338106 -371.349557
299.888759 502.338106 -371.349557
233.985397 454.656040 -293.926871
233.985397 454.656040 -293.926871
143.813730 550.297062 -441.649574
143.813730 550.297062 -441.649574
168.745150 495.960066 -390.374613
168.745150 495.960066 -390.374613
260.815368 503.614950 -445.475985
260.815368 503.614950 -445.475985
209.870594 491.171248 -319.997014
209.870594 491.171248 -319.997014
303.980196 498.974048 -376.320774
303.980196 498.974048 -376.320774
220.840855 556.687345 -487.749292
220.840855 556.687345 -487.749292
227.791745 559.193781 -487.484095
227.791745 559.193781 -487.484095
168.745150 495.960066 -390.374613
168.745150 495.960066 -390.374613
279.694841 541.468804 -407.984591
279.694841 541.468804 -407.984591
209.870594 491.171248 -319.997014
209.870594 491.171248 -319.997014
276.120617 543.821334 -402.329187
276.120617 543.821334 -402.329187
215.723076 495.355432 -320.977520
215.723076 495.355432 -320.977520
115.073450 599.881103 -489.273403
115.073450 599.881103 -489.273403
140.508423 551.957865 -435.245725
140.508423 551.957865 -435.245725
227.791745 559.193781 -487.484095
227.791745 559.193781 -487.484095
188.232749 533.880381 -353.245787
188.232749 533.880381 -353.245787
279.694841 541.468804 -407.984591
279.694841 541.468804 -407.984591
186.419651 605.791058 -531.973946
186.419651 605.791058 -531.973946
193.569829 608.278869 -531.521040
193.569829 608.278869 -531.521040
140.508423 551.957865 -435.245725
140.508423 551.957865 -435.245725
250.930653 585.708945 -445.777646
250.930653 585.708945 -445.777646
188.232749 533.880381 -353.245787
188.232749 533.880381 -353.245787
247.793140 587.416913 -439.512513
247.793140 587.416913 -439.512513
194.568893 537.062424 -353.520972
194.568893 537.062424 -353.520972
87.164470 638.839274 -537.008609
87.164470 638.839274 -537.008609
111.841419 601.499930 -482.607546
111.841419 601.499930 -482.607546
193.569829 608.278869 -531.521040
216.967101 632.404789 -490.502642
216.967101 632.404789 -490.502642
193.569829 608.278869 -531.521040
163.088860 578.424149 -393.205259
163.088860 578.424149 -393.205259
250.930653 585.708945 -445.777646
250.930653 585.708945 -445.777646
152.805451 644.302826 -576.292320
152.805451 644.302826 -576.292320
159.756104 647.292891 -576.154623
159.756104 647.292891 -576.154623
133.992313 625.503528 -440.844847
111.841419 601.499930 -482.607546
111.841419 601.499930 -482.607546
133.992313 625.503528 -440.844847
178.949553 675.063685 -541.533882
178.949553 675.063685 -541.533882
163.088860 578.424149 -393.205259
163.088860 578.424149 -393.205259
216.967101 632.404789 -490.502642
213.963340 634.051256 -484.021089
213.963340 634.051256 -484.021089
216.967101 632.404789 -490.502642
169.838763 580.932238 -392.859361
169.838763 580.932238 -392.859361
57.355273 671.195966 -589.134970
57.355273 671.195966 -589.134970
83.689090 640.966103 -530.630918
83.689090 640.966103 -530.630918
159.756104 647.292891 -576.154623
159.756104 647.292891 -576.154623
101.740607 668.651555 -495.325932
101.740607 668.651555 -495.325932
178.949553 675.063685 -541.533882
175.692418 677.232686 -535.318632
175.692418 677.232686 -535.318632
178.949553 675.063685 -541.533882
133.992313 625.503528 -440.844847
133.992313 625.503528 -440.844847
117.029755 676.141873 -624.849774
117.029755 676.141873 -624.849774
123.754232 679.568919 -625.053129
123.754232 679.568919 -625.053129
83.689090 640.966103 -530.630918
83.689090 640.966103 -530.630918
138.537395 708.404642 -597.425052
138.537395 708.404642 -597.425052
140.873929 627.991924 -440.277671
101.740607 668.651555 -495.325932
101.740607 668.651555 -495.325932
140.873929 627.991924 -440.277671
135.013488 711.032413 -591.495314
135.013488 711.032413 -591.495314
25.754652 697.880958 -645.046834
25.754652 697.880958 -645.046834
53.629746 673.751289 -583.084548
53.629746 673.751289 -583.084548
123.754232 679.568919 -625.053129
123.754232 679.568919 -625.053129
67.474364 702.509887 -554.894701
67.474364 702.509887 -554.894701
138.537395 708.404642 -597.425052
138.537395 708.404642 -597.425052
108.444513 671.646745 -495.072251
108.444513 671.646745 -495.072251
79.453748 702.348602 -677.183935
79.453748 702.348602 -677.183935
85.902511 706.130723 -677.799896
85.902511 706.130723 -677.799896
53.629746 673.751289 -583.084548
53.629746 673.751289 -583.084548
96.378109 734.248608 -657.134110
96.378109 734.248608 -657.134110
67.474364 702.509887 -554.894701
67.474364 702.509887 -554.894701
92.536375 737.237809 -651.590921
92.536375 737.237809 -651.590921
73.992992 705.971436 -554.975233
73.992992 705.971436 -554.975233
-7.571362 719.927456 -704.062514
-7.571362 719.927456 -704.062514
21.756835 700.792568 -639.410988
21.756835 700.792568 -639.410988
85.902511 706.130723 -677.799896
85.902511 706.130723 -677.799896
31.579462 728.870646 -618.353163
31.579462 728.870646 -618.353163
96.378109 734.248608 -657.134110
96.378109 734.248608 -657.134110
40.526593 723.921754 -732.848157
40.526593 723.921754 -732.848157
46.633496 727.999327 -733.967776
46.633496 727.999327 -733.967776
21.756835 700.792568 -639.410988
21.756835 700.792568 -639.410988
53.207514 754.414303 -719.713887
53.207514 754.414303 -719.713887
31.579462 728.870646 -618.353163
31.579462 728.870646 -618.353163
48.985406 757.687442 -714.661715
48.985406 757.687442 -714.661715
37.866894 732.703032 -618.871899
37.866894 732.703032 -618.871899
-42.587152 738.364839 -765.416837
-42.587152 738.364839 -765.416837
-11.890492 723.141794 -698.942140
-11.890492 723.141794 -698.942140
46.633496 727.999327 -733.967776
46.633496 727.999327 -733.967776
-5.659572 749.520351 -684.483601
-5.659572 749.520351 -684.483601
53.207514 754.414303 -719.713887
53.207514 754.414303 -719.713887
0.773561 741.957751 -791.368029
0.773561 741.957751 -791.368029
6.495965 746.272047 -793.062606
6.495965 746.272047 -793.062606
-11.890492 723.141794 -698.942140
-11.890492 723.141794 -698.942140
9.843025 770.781784 -784.215299
9.843025 770.781784 -784.215299
-5.659572 749.520351 -684.483601
-5.659572 749.520351 -684.483601
5.213044 774.263165 -779.731240
5.213044 774.263165 -779.731240
0.334117 753.646084 -685.545008
0.334117 753.646084 -685.545008
-79.260549 754.238958 -828.227759
-79.260549 754.238958 -828.227759
-47.260654 741.805301 -760.890587
-47.260654 741.805301 -760.890587
6.495965 746.272047 -793.062606
6.495965 746.272047 -793.062606
-44.042337 766.311984 -751.965567
-44.042337 766.311984 -751.965567
9.843025 770.781784 -784.215299
9.843025 770.781784 -784.215299
-39.175326 757.565268 -852.218168
-39.175326 757.565268 -852.218168
-33.812077 762.034734 -854.485174
-33.812077 762.034734 -854.485174
-47.260654 741.805301 -760.890587
-47.260654 741.805301 -760.890587
-32.851785 785.091109 -849.695196
-32.851785 785.091109 -849.695196
-44.042337 766.311984 -751.965567
-44.042337 766.311984 -751.965567
-37.862393 788.695504 -845.758330
-37.862393 788.695504 -845.758330
-38.379146 770.630825 -753.643264
-38.379146 770.630825 -753.643264
-115.466183 767.843611 -888.071765
-115.466183 767.843611 -888.071765
-84.287377 757.857920 -824.275446
-84.287377 757.857920 -824.275446
-33.812077 762.034734 -854.485174
-33.812077 762.034734 -854.485174
-83.340783 780.909445 -819.477593
-83.340783 780.909445 -819.477593
-32.851785 785.091109 -849.695196
-32.851785 785.091109 -849.695196
-76.468794 771.082468 -911.410877
-76.468794 771.082468 -911.410877
-71.338416 775.636126 -914.096069
-71.338416 775.636126 -914.096069
-84.287377 757.857920 -824.275446
-84.287377 757.857920 -824.275446
-71.338416 775.636126 -914.096069
-71.338416 775.636126 -914.096069
-83.340783 780.909445 -819.477593
-83.340783 780.909445 -819.477593
-77.193729 802.074579 -908.333092
-77.193729 802.074579 -908.333092
-77.994866 785.373729 -821.738910
-77.994866 785.373729 -821.738910
-117.657929 772.737501 -891.137535
-117.657929 772.737501 -891.137535
-120.756702 771.535852 -884.519917
-120.756702 771.535852 -884.519917
-120.756702 771.535852 -884.519917
-120.756702 771.535852 -884.519917
-71.880594 798.376549 -911.836166
-71.880594 798.376549 -911.836166
-71.880594 798.376549 -911.836166
-71.880594 798.376549 -911.836166
-78.730049 775.973013 -914.434838
-78.730049 775.973013 -914.434838
-121.292030 794.278700 -882.263952
-121.292030 794.278700 -882.263952
-71.880594 798.376549 -911.836166
-71.880594 798.376549 -911.836166
-121.292030 794.278700 -882.263952
-121.292030 794.278700 -882.263952
-79.268802 798.714649 -912.176904
-77.193729 802.074579 -908.333092
-71.880594 798.376549 -911.836166
-71.880594 798.376549 -911.836166
-77.193729 802.074579 -908.333092
-79.268802 798.714649 -912.176904
-116.194542 798.834510 -884.992011
-116.194542 798.834510 -884.992011
-118.196683 795.479137 -888.879601
-118.196683 795.479137 -888.879601
-121.292030 794.278700 -882.263952
-121.292030 794.278700 -882.263952
-79.268802 798.714649 -912.176904
-79.268802 798.714649 -912.176904
-116.194542 798.834510 -884.992011
-116.194542 798.834510 -884.992011
-121.292030 794.278700 -882.263952
-118.196683 795.479137 -888.879601
-118.196683 795.479137 -888.879601
-121.292030 794.278700 -882.263952
245.372911 400.343552 -266.057127
215.740870 359.414527 -320.639124
199.406091 391.310605 -242.937116
199.406091 391.310605 -242.937116
215.740870 359.414527 -320.639124
245.372911 400.343552 -266.057127
245.830372 400.924957 -261.209572
245.830372 400.924957 -261.209572
220.791369 355.654454 -320.635376
215.740870 359.414527 -320.639124
245.372911 400.343552 -266.057127
245.372911 400.343552 -266.057127
215.740870 359.414527 -320.639124
220.791369 355.654454 -320.635376
178.791213 352.297811 -302.812133
178.791213 352.297811 -302.812133
250.352027 396.468289 -266.192092
245.830372 400.924957 -261.209572
245.830372 400.924957 -261.209572
250.352027 396.468289 -266.192092
192.438792 388.153805 -233.511969
192.438792 388.153805 -233.511969
214.039671 354.654628 -321.815918
214.039671 354.654628 -321.815918
173.673660 345.647889 -301.889716
178.791213 352.297811 -302.812133
215.740870 359.414527 -320.639124
215.740870 359.414527 -320.639124
178.791213 352.297811 -302.812133
173.673660 345.647889 -301.889716
162.476390 383.968509 -225.439655
162.476390 383.968509 -225.439655
271.654019 333.281527 -230.498316
271.654019 333.281527 -230.498316
162.476390 383.968509 -225.439655
162.476390 383.968509 -225.439655
-96.940297 202.594951 -17.267476
245.830372 400.924957 -261.209572
192.438792 388.153805 -233.511969
192.438792 388.153805 -233.511969
245.830372 400.924957 -261.209572
-96.940297 202.594951 -17.267476
276.605405 211.028585 -245.603266
276.605405 211.028585 -245.603266
214.039671 354.654628 -321.815918
214.039671 354.654628 -321.815918
276.605405 211.028585 -245.603266
220.791369 355.654454 -320.635376
250.352027 396.468289 -266.192092
250.352027 396.468289 -266.192092
220.791369 355.654454 -320.635376
276.605405 211.028585 -245.603266
137.224735 338.273530 -284.538497
137.224735 338.273530 -284.538497
141.861512 344.955715 -285.314672
141.861512 344.955715 -285.314672
271.654019 333.281527 -230.498316
271.654019 333.281527 -230.498316
274.346169 329.015376 -234.591186
274.346169 329.015376 -234.591186
156.073686 380.706552 -216.137904
156.073686 380.706552 -216.137904
156.073686 380.706552 -216.137904
156.073686 380.706552 -216.137904
274.097063 201.559183 -242.911103
274.097063 201.559183 -242.911103
-68.583534 76.608667 -46.167111
173.673660 345.647889 -301.889716
173.673660 345.647889 -301.889716
-68.583534 76.608667 -46.167111
276.605405 211.028585 -245.603266
250.352027 396.468289 -266.192092
274.346169 329.015376 -234.591186
274.346169 329.015376 -234.591186
250.352027 396.468289 -266.192092
276.605405 211.028585 -245.603266
137.224735 338.273530 -284.538497
137.224735 338.273530 -284.538497
141.861512 344.955715 -285.314672
141.861512 344.955715 -285.314672
120.378883 374.313033 -204.649307
120.378883 374.313033 -204.649307
273.000240 325.603052 -229.212952
273.000240 325.603052 -229.212952
273.000240 325.603052 -229.212952
273.000240 325.603052 -229.212952
120.378883 374.313033 -204.649307
120.378883 374.313033 -204.649307
114.717096 370.914267 -195.539314
114.717096 370.914267 -195.539314
274.097063 201.559183 -242.911103
276.605405 211.028585 -245.603266
275.359196 202.201837 -240.727903
275.359196 202.201837 -240.727903
276.605405 211.028585 -245.603266
274.097063 201.559183 -242.911103
275.359196 202.201837 -240.727903
276.605405 211.028585 -245.603266
276.605405 211.028585 -245.603266
275.359196 202.201837 -240.727903
95.724094 328.579588 -263.943443
95.724094 328.579588 -263.943443
95.724094 328.579588 -263.943443
95.724094 328.579588 -263.943443
99.764005 335.300239 -264.524324
99.764005 335.300239 -264.524324
-94.641492 195.348375 -17.827148
-94.641492 195.348375 -17.827148
275.359196 202.201837 -240.727903
275.359196 202.201837 -240.727903
114.717096 370.914267 -195.539314
114.717096 370.914267 -195.539314
66.064817 357.825598 -170.269813
66.064817 357.825598 -170.269813
-67.712738 77.159007 -43.771841
274.097063 201.559183 -242.911103
275.359196 202.201837 -240.727903
275.359196 202.201837 -240.727903
274.097063 201.559183 -242.911103
-67.712738 77.159007 -43.771841
-68.583534 76.608667 -46.167111
-68.583534 76.608667 -46.167111
46.678645 315.503180 -238.543740
46.678645 315.503180 -238.543740
99.764005 335.300239 -264.524324
99.764005 335.300239 -264.524324
70.532743 361.177943 -178.922321
70.532743 361.177943 -178.922321
-444.955170 79.511699 181.546681
-444.955170 79.511699 181.546681
-67.712738 77.159007 -43.771841
-67.712738 77.159007 -43.771841
275.359196 202.201837 -240.727903
275.359196 202.201837 -240.727903
70.532743 361.177943 -178.922321
70.532743 361.177943 -178.922321
66.064817 357.825598 -170.269813
66.064817 357.825598 -170.269813
7.724730 340.392678 -138.830864
7.724730 340.392678 -138.830864
-388.363481 -32.077102 140.973796
-388.363481 -32.077102 140.973796
-12.435169 297.944595 -206.741513
-12.435169 297.944595 -206.741513
46.678645 315.503180 -238.543740
46.678645 315.503180 -238.543740
49.917865 322.165150 -238.797338
49.917865 322.165150 -238.797338
-493.728567 138.620045 164.020233
-493.728567 138.620045 164.020233
-440.576923 72.949293 181.092321
-440.576923 72.949293 181.092321
-388.363481 -32.077102 140.973796
-388.363481 -32.077102 140.973796
10.361590 343.377316 -146.619343
10.361590 343.377316 -146.619343
7.724730 340.392678 -138.830864
7.724730 340.392678 -138.830864
-62.821141 317.520954 -99.642056
-62.821141 317.520954 -99.642056
-389.290018 -32.600933 138.597629
-389.290018 -32.600933 138.597629
-84.156263 274.733826 -166.930830
-84.156263 274.733826 -166.930830
-12.435169 297.944595 -206.741513
49.917865 322.165150 -238.797338
49.917865 322.165150 -238.797338
-12.435169 297.944595 -206.741513
10.361590 343.377316 -146.619343
10.361590 343.377316 -146.619343
-450.213982 160.734241 135.949868
-450.213982 160.734241 135.949868
-446.993248 73.485672 180.166311
-444.955170 79.511699 181.546681
-493.728567 138.620045 164.020233
-493.728567 138.620045 164.020233
-444.955170 79.511699 181.546681
-446.993248 73.485672 180.166311
-440.576923 72.949293 181.092321
-440.576923 72.949293 181.092321
-62.731514 319.803540 -106.084204
-62.731514 319.803540 -106.084204
-62.821141 317.520954 -99.642056
-62.821141 317.520954 -99.642056
-148.171590 288.039956 -51.058812
-148.171590 288.039956 -51.058812
-389.290018 -32.600933 138.597629
-388.363481 -32.077102 140.973796
-397.081451 -26.905928 141.816759
-397.081451 -26.905928 141.816759
-388.363481 -32.077102 140.973796
-389.290018 -32.600933 138.597629
-506.284385 99.411082 92.394991
-389.290018 -32.600933 138.597629
-389.290018 -32.600933 138.597629
-506.284385 99.411082 92.394991
-171.062140 244.749939 -117.473294
-171.062140 244.749939 -117.473294
-84.156263 274.733826 -166.930830
-10.253288 304.364522 -206.494360
-10.253288 304.364522 -206.494360
-84.156263 274.733826 -166.930830
-10.253288 304.364522 -206.494360
-10.253288 304.364522 -206.494360
-423.956241 175.413924 117.326508
-423.956241 175.413924 117.326508
-493.728567 138.620045 164.020233
-450.213982 160.734241 135.949868
-497.048699 137.156861 160.713867
-497.048699 137.156861 160.713867
-450.213982 160.734241 135.949868
-493.728567 138.620045 164.020233
-496.927416 131.392582 163.449540
-496.927416 131.392582 163.449540
-397.081451 -26.905928 141.816759
-397.081451 -26.905928 141.816759
-397.081451 -26.905928 141.816759
-388.363481 -32.077102 140.973796
-388.363481 -32.077102 140.973796
-397.081451 -26.905928 141.816759
-62.731514 319.803540 -106.084204
-62.731514 319.803540 -106.084204
-151.318505 289.250999 -55.681950
-151.318505 289.250999 -55.681950
-148.171590 288.039956 -51.058812
-148.171590 288.039956 -51.058812
-232.096970 257.586056 -2.308833
-232.096970 257.586056 -2.308833
-397.081451 -26.905928 141.816759
-508.235986 97.296383 98.533455
-508.235986 97.296383 98.533455
-397.081451 -26.905928 141.816759
-476.075342 115.669543 71.665384
-476.075342 115.669543 71.665384
-256.491196 213.716332 -67.841005
-256.491196 213.716332 -67.841005
-171.062140 244.749939 -117.473294
-83.346392 280.790746 -165.959221
-83.346392 280.790746 -165.959221
-171.062140 244.749939 -117.473294
-391.729927 191.670634 95.634101
-391.729927 191.670634 95.634101
-423.956241 175.413924 117.326508
-460.895150 157.520064 136.734621
-460.895150 157.520064 136.734621
-423.956241 175.413924 117.326508
-497.048699 137.156861 160.713867
-497.048699 137.156861 160.713867
-446.993248 73.485672 180.166311
-496.927416 131.392582 163.449540
-508.235986 97.296383 98.533455
-508.235986 97.296383 98.533455
-496.927416 131.392582 163.449540
-446.993248 73.485672 180.166311
-397.081451 -26.905928 141.816759
-446.993248 73.485672 180.166311
-508.235986 97.296383 98.533455
-508.235986 97.296383 98.533455
-446.993248 73.485672 180.166311
-397.081451 -26.905928 141.816759
-83.346392 280.790746 -165.959221
-83.346392 280.790746 -165.959221
-151.318505 289.250999 -55.681950
-151.318505 289.250999 -55.681950
-238.385386 257.610391 -5.083621
-238.385386 257.610391 -5.083621
-232.096970 257.586056 -2.308833
-232.096970 257.586056 -2.308833
-298.648837 231.917657 37.326124
-298.648837 231.917657 37.326124
-508.387511 102.980773 95.639632
-508.387511 102.980773 95.639632
-481.510028 118.507271 76.859604
-476.075342 115.669543 71.665384
-476.075342 115.669543 71.665384
-481.510028 118.507271 76.859604
-449.963013 130.421047 53.058813
-449.963013 130.421047 53.058813
-324.090532 187.598406 -27.542752
-324.090532 187.598406 -27.542752
-256.491196 213.716332 -67.841005
-171.933384 250.238205 -115.556967
-171.933384 250.238205 -115.556967
-256.491196 213.716332 -67.841005
-350.882121 210.224171 69.456577
-350.882121 210.224171 69.456577
-391.729927 191.670634 95.634101
-434.633426 172.551934 117.897154
-434.633426 172.551934 117.897154
-391.729927 191.670634 95.634101
-497.048699 137.156861 160.713867
-460.895150 157.520064 136.734621
-460.895150 157.520064 136.734621
-497.048699 137.156861 160.713867
-171.933384 250.238205 -115.556967
-171.933384 250.238205 -115.556967
-238.385386 257.610391 -5.083621
-238.385386 257.610391 -5.083621
-307.205024 230.937621 35.980750
-307.205024 230.937621 35.980750
-298.648837 231.917657 37.326124
-298.648837 231.917657 37.326124
-455.248304 133.539140 58.022138
-455.248304 133.539140 58.022138
-449.963013 130.421047 53.058813
-449.963013 130.421047 53.058813
-417.856183 146.764595 31.342149
-417.856183 146.764595 31.342149
-376.881777 165.558017 4.994894
-376.881777 165.558017 4.994894
-324.090532 187.598406 -27.542752
-259.000264 218.597597 -64.958638
-259.000264 218.597597 -64.958638
-324.090532 187.598406 -27.542752
-350.882121 210.224171 69.456577
-402.293607 189.252220 95.886206
-402.293607 189.252220 95.886206
-350.882121 210.224171 69.456577
-434.633426 172.551934 117.897154
-455.248304 133.539140 58.022138
-455.248304 133.539140 58.022138
-434.633426 172.551934 117.897154
-259.000264 218.597597 -64.958638
-259.000264 218.597597 -64.958638
-307.205024 230.937621 35.980750
-307.205024 230.937621 35.980750
-360.833567 208.445589 69.112342
-360.833567 208.445589 69.112342
-422.908485 150.239427 36.011189
-422.908485 150.239427 36.011189
-417.856183 146.764595 31.342149
-417.856183 146.764595 31.342149
-376.881777 165.558017 4.994894
-327.819902 191.924827 -23.894267
-327.819902 191.924827 -23.894267
-376.881777 165.558017 4.994894
-402.293607 189.252220 95.886206
-422.908485 150.239427 36.011189
-422.908485 150.239427 36.011189
-402.293607 189.252220 95.886206
-327.819902 191.924827 -23.894267
-327.819902 191.924827 -23.894267
-360.833567 208.445589 69.112342
-360.833567 208.445589 69.112342
-381.448445 169.432796 9.237326
-381.448445 169.432796 9.237326
-381.448445 169.432796 9.237326
-381.448445 169.432796 9.237326
340.371135 -58.423504 -275.661929
435.501953 12.494520 -327.135793
342.557924 -87.506962 -312.308461
342.557924 -87.506962 -312.308461
435.501953 12.494520 -327.135793
340.371135 -58.423504 -275.661929
338.014430 -66.490528 -273.078162
338.014430 -66.490528 -273.078162
437.835849 11.830602 -323.745787
435.501953 12.494520 -327.135793
340.371135 -58.423504 -275.661929
340.371135 -58.423504 -275.661929
435.501953 12.494520 -327.135793
437.835849 11.830602 -323.745787
437.328441 -16.844100 -363.586208
437.328441 -16.844100 -363.586208
338.014430 -66.490528 -273.078162
342.709474 -59.107113 -272.276320
342.709474 -59.107113 -272.276320
338.014430 -66.490528 -273.078162
340.166377 -95.248121 -309.471904
340.166377 -95.248121 -309.471904
443.712983 12.315893 -330.269171
443.712983 12.315893 -330.269171
445.431330 -16.765345 -366.428334
445.431330 -16.765345 -366.428334
343.237811 -120.683795 -358.744077
343.237811 -120.683795 -358.744077
338.014430 -66.490528 -273.078162
385.675946 -126.873916 -270.184867
342.709474 -59.107113 -272.276320
342.709474 -59.107113 -272.276320
385.675946 -126.873916 -270.184867
338.014430 -66.490528 -273.078162
385.675946 -126.873916 -270.184867
338.014430 -66.490528 -273.078162
340.166377 -95.248121 -309.471904
340.166377 -95.248121 -309.471904
338.014430 -66.490528 -273.078162
385.675946 -126.873916 -270.184867
437.835849 11.830602 -323.745787
485.332807 -50.558108 -320.192679
443.712983 12.315893 -330.269171
443.712983 12.315893 -330.269171
485.332807 -50.558108 -320.192679
437.835849 11.830602 -323.745787
443.712983 12.315893 -330.269171
443.712983 12.315893 -330.269171
444.822325 -50.628124 -411.968342
444.822325 -50.628124 -411.968342
436.844870 -50.879444 -409.391530
436.844870 -50.879444 -409.391530
391.226389 -120.730652 -269.274678
391.226389 -120.730652 -269.274678
340.870161 -128.135720 -355.722544
340.870161 -128.135720 -355.722544
384.772287 -153.169580 -309.722067
384.772287 -153.169580 -309.722067
490.204194 -48.928430 -326.741645
490.204194 -48.928430 -326.741645
490.204194 -48.928430 -326.741645
445.431330 -16.765345 -366.428334
443.712983 12.315893 -330.269171
443.712983 12.315893 -330.269171
445.431330 -16.765345 -366.428334
490.204194 -48.928430 -326.741645
488.349760 -75.943506 -365.765316
444.822325 -50.628124 -411.968342
444.822325 -50.628124 -411.968342
488.349760 -75.943506 -365.765316
341.362846 -154.032885 -410.678502
341.362846 -154.032885 -410.678502
393.719137 -126.264303 -272.552464
393.719137 -126.264303 -272.552464
340.870161 -128.135720 -355.722544
340.870161 -128.135720 -355.722544
384.772287 -153.169580 -309.722067
384.772287 -153.169580 -309.722067
487.674512 -56.209033 -323.389143
487.674512 -56.209033 -323.389143
485.305742 -105.042430 -408.695970
485.305742 -105.042430 -408.695970
441.393689 -84.728134 -462.692561
441.393689 -84.728134 -462.692561
433.500939 -85.322807 -460.531048
433.500939 -85.322807 -460.531048
338.967688 -161.099941 -407.272715
338.967688 -161.099941 -407.272715
383.367114 -181.050288 -353.539780
383.367114 -181.050288 -353.539780
392.753577 -152.901594 -312.563765
392.753577 -152.901594 -312.563765
485.823935 -83.521188 -362.922883
485.823935 -83.521188 -362.922883
488.349760 -75.943506 -365.765316
488.349760 -75.943506 -365.765316
482.815824 -112.420217 -405.741705
485.305742 -105.042430 -408.695970
485.305742 -105.042430 -408.695970
482.815824 -112.420217 -405.741705
441.393689 -84.728134 -462.692561
441.393689 -84.728134 -462.692561
336.084699 -186.000359 -467.676434
336.084699 -186.000359 -467.676434
338.967688 -161.099941 -407.272715
338.967688 -161.099941 -407.272715
383.367114 -181.050288 -353.539780
383.367114 -181.050288 -353.539780
477.997164 -140.100207 -450.121896
477.997164 -140.100207 -450.121896
480.459517 -133.075769 -453.463080
480.459517 -133.075769 -453.463080
434.306615 -117.725560 -518.168207
434.306615 -117.725560 -518.168207
426.363029 -118.693043 -516.524108
426.363029 -118.693043 -516.524108
333.692760 -192.753995 -463.729539
333.692760 -192.753995 -463.729539
380.171719 -207.861166 -399.200840
380.171719 -207.861166 -399.200840
391.248677 -180.694225 -356.197185
391.248677 -180.694225 -356.197185
480.459517 -133.075769 -453.463080
480.459517 -133.075769 -453.463080
434.306615 -117.725560 -518.168207
434.306615 -117.725560 -518.168207
326.894849 -215.049461 -528.882554
326.894849 -215.049461 -528.882554
333.692760 -192.753995 -463.729539
333.692760 -192.753995 -463.729539
380.171719 -207.861166 -399.200840
380.171719 -207.861166 -399.200840
387.994544 -207.203578 -401.423543
387.994544 -207.203578 -401.423543
470.281628 -166.322066 -497.649421
470.281628 -166.322066 -497.649421
472.677452 -159.624973 -501.533328
472.677452 -159.624973 -501.533328
422.841728 -148.286463 -577.524283
422.841728 -148.286463 -577.524283
414.710631 -149.570985 -576.397179
414.710631 -149.570985 -576.397179
324.538359 -221.582428 -524.334913
324.538359 -221.582428 -524.334913
374.079540 -233.131552 -448.183809
374.079540 -233.131552 -448.183809
472.677452 -159.624973 -501.533328
472.677452 -159.624973 -501.533328
460.770579 -184.347985 -554.377995
460.770579 -184.347985 -554.377995
422.841728 -148.286463 -577.524283
422.841728 -148.286463 -577.524283
313.293684 -239.568485 -593.379892
313.293684 -239.568485 -593.379892
364.069405 -256.459975 -502.056453
324.538359 -221.582428 -524.334913
324.538359 -221.582428 -524.334913
364.069405 -256.459975 -502.056453
374.079540 -233.131552 -448.183809
374.079540 -233.131552 -448.183809
381.954502 -232.172978 -449.857357
381.954502 -232.172978 -449.857357
458.509947 -190.863501 -549.908700
458.509947 -190.863501 -549.908700
460.770579 -184.347985 -554.377995
460.770579 -184.347985 -554.377995
443.542972 -207.024270 -613.416548
443.542972 -207.024270 -613.416548
406.287922 -175.100549 -639.872628
406.287922 -175.100549 -639.872628
397.850611 -176.519773 -639.131229
397.850611 -176.519773 -639.131229
311.024895 -246.129179 -588.328272
311.024895 -246.129179 -588.328272
349.209480 -277.362274 -562.375350
349.209480 -277.362274 -562.375350
364.069405 -256.459975 -502.056453
364.069405 -256.459975 -502.056453
441.440270 -213.526158 -608.460426
441.440270 -213.526158 -608.460426
443.542972 -207.024270 -613.416548
443.542972 -207.024270 -613.416548
406.287922 -175.100549 -639.872628
406.287922 -175.100549 -639.872628
294.763722 -258.071645 -660.191010
294.763722 -258.071645 -660.191010
311.024895 -246.129179 -588.328272
311.024895 -246.129179 -588.328272
372.117970 -255.264225 -503.160638
349.209480 -277.362274 -562.375350
349.209480 -277.362274 -562.375350
372.117970 -255.264225 -503.160638
417.759798 -234.178800 -674.830564
417.759798 -234.178800 -674.830564
419.835796 -227.514163 -679.862982
419.835796 -227.514163 -679.862982
383.866459 -196.752900 -704.473666
383.866459 -196.752900 -704.473666
375.187051 -198.123924 -703.707406
375.187051 -198.123924 -703.707406
292.505839 -264.868722 -655.040527
292.505839 -264.868722 -655.040527
328.777262 -295.395436 -630.592487
328.777262 -295.395436 -630.592487
357.521758 -276.093645 -563.054067
357.521758 -276.093645 -563.054067
419.835796 -227.514163 -679.862982
419.835796 -227.514163 -679.862982
383.866459 -196.752900 -704.473666
383.866459 -196.752900 -704.473666
274.164820 -271.259706 -724.452896
274.164820 -271.259706 -724.452896
292.505839 -264.868722 -655.040527
292.505839 -264.868722 -655.040527
328.777262 -295.395436 -630.592487
328.777262 -295.395436 -630.592487
337.276868 -294.190155 -631.283581
337.276868 -294.190155 -631.283581
388.803199 -252.251386 -745.466798
388.803199 -252.251386 -745.466798
391.111161 -245.266706 -749.950754
391.111161 -245.266706 -749.950754
358.500871 -213.609284 -766.832392
358.500871 -213.609284 -766.832392
349.890127 -214.804205 -765.426392
349.890127 -214.804205 -765.426392
271.682094 -278.351980 -719.857879
271.682094 -278.351980 -719.857879
304.422880 -309.899402 -703.045748
304.422880 -309.899402 -703.045748
391.111161 -245.266706 -749.950754
391.111161 -245.266706 -749.950754
358.500871 -213.609284 -766.832392
358.500871 -213.609284 -766.832392
252.143595 -282.576912 -789.793586
252.143595 -282.576912 -789.793586
271.682094 -278.351980 -719.857879
271.682094 -278.351980 -719.857879
304.422880 -309.899402 -703.045748
304.422880 -309.899402 -703.045748
312.873078 -308.864466 -704.382904
312.873078 -308.864466 -704.382904
357.102668 -267.365839 -815.814862
357.102668 -267.365839 -815.814862
359.658233 -260.139578 -819.771471
359.658233 -260.139578 -819.771471
331.043494 -229.003030 -829.894969
331.043494 -229.003030 -829.894969
322.570827 -230.060007 -827.899419
322.570827 -230.060007 -827.899419
249.431350 -289.860771 -785.737383
249.431350 -289.860771 -785.737383
278.127951 -320.925804 -775.657269
278.127951 -320.925804 -775.657269
359.658233 -260.139578 -819.771471
359.658233 -260.139578 -819.771471
331.043494 -229.003030 -829.894969
331.043494 -229.003030 -829.894969
228.480841 -292.097119 -856.006784
228.480841 -292.097119 -856.006784
249.431350 -289.860771 -785.737383
249.431350 -289.860771 -785.737383
278.127951 -320.925804 -775.657269
278.127951 -320.925804 -775.657269
286.479876 -320.015781 -777.602109
286.479876 -320.015781 -777.602109
323.263381 -279.792051 -885.898946
323.263381 -279.792051 -885.898946
326.078119 -272.404641 -889.344606
326.078119 -272.404641 -889.344606
301.728681 -242.742673 -893.699554
301.728681 -242.742673 -893.699554
293.430867 -243.667297 -891.149324
293.430867 -243.667297 -891.149324
225.554364 -299.527276 -852.482617
225.554364 -299.527276 -852.482617
250.037029 -329.099542 -848.200590
250.037029 -329.099542 -848.200590
326.078119 -272.404641 -889.344606
326.078119 -272.404641 -889.344606
301.728681 -242.742673 -893.699554
301.728681 -242.742673 -893.699554
202.906764 -299.939203 -922.832809
202.906764 -299.939203 -922.832809
225.554364 -299.527276 -852.482617
225.554364 -299.527276 -852.482617
250.037029 -329.099542 -848.200590
250.037029 -329.099542 -848.200590
258.244173 -328.267634 -850.718469
258.244173 -328.267634 -850.718469
287.981231 -289.686445 -955.771399
287.981231 -289.686445 -955.771399
291.065098 -282.177424 -958.713144
291.065098 -282.177424 -958.713144
270.824477 -254.498289 -958.287871
270.824477 -254.498289 -958.287871
262.736459 -255.342513 -955.206205
262.736459 -255.342513 -955.206205
199.762947 -307.473695 -919.837585
199.762947 -307.473695 -919.837585
220.185431 -335.024642 -920.361901
220.185431 -335.024642 -920.361901
291.065098 -282.177424 -958.713144
291.065098 -282.177424 -958.713144
270.824477 -254.498289 -958.287871
270.824477 -254.498289 -958.287871
175.134352 -306.257355 -989.968284
175.134352 -306.257355 -989.968284
199.762947 -307.473695 -919.837585
199.762947 -307.473695 -919.837585
220.185431 -335.024642 -920.361901
220.185431 -335.024642 -920.361901
228.215581 -334.239193 -923.432988
228.215581 -334.239193 -923.432988
252.020683 -297.229534 -1025.501549
252.020683 -297.229534 -1025.501549
255.394774 -289.632371 -1027.962321
255.394774 -289.632371 -1027.962321
238.696310 -263.980412 -1023.713268
238.696310 -263.980412 -1023.713268
230.807171 -264.748631 -1020.091512
230.807171 -264.748631 -1020.091512
171.738577 -313.886644 -987.482630
171.738577 -313.886644 -987.482630
188.578830 -339.445870 -991.809525
188.578830 -339.445870 -991.809525
255.394774 -289.632371 -1027.962321
255.394774 -289.632371 -1027.962321
238.696310 -263.980412 -1023.713268
238.696310 -263.980412 -1023.713268
144.858631 -311.241831 -1057.063563
144.858631 -311.241831 -1057.063563
171.738577 -313.886644 -987.482630
171.738577 -313.886644 -987.482630
188.578830 -339.445870 -991.809525
188.578830 -339.445870 -991.809525
196.432457 -338.687041 -995.425119
196.432457 -338.687041 -995.425119
216.144718 -302.588522 -1095.122758
216.144718 -302.588522 -1095.122758
205.750105 -270.799021 -1089.953113
205.750105 -270.799021 -1089.953113
205.750105 -270.799021 -1089.953113
205.750105 -270.799021 -1089.953113
198.025404 -271.598615 -1085.830572
198.025404 -271.598615 -1085.830572
141.171347 -318.948534 -1055.011154
141.171347 -318.948534 -1055.011154
141.171347 -318.948534 -1055.011154
141.171347 -318.948534 -1055.011154
219.813919 -294.887744 -1097.166908
219.813919 -294.887744 -1097.166908
219.813919 -294.887744 -1097.166908
219.813919 -294.887744 -1097.166908
113.573019 -314.625516 -1120.602504
113.573019 -314.625516 -1120.602504
155.223176 -343.041500 -1062.218057
155.223176 -343.041500 -1062.218057
155.223176 -343.041500 -1062.218057
155.223176 -343.041500 -1062.218057
162.934341 -342.268389 -1066.332755
162.934341 -342.268389 -1066.332755
182.174127 -305.977438 -1161.448469
182.174127 -305.977438 -1161.448469
173.737862 -274.641758 -1153.529636
173.737862 -274.641758 -1153.529636
173.737862 -274.641758 -1153.529636
173.737862 -274.641758 -1153.529636
166.128771 -275.453824 -1149.040287
166.128771 -275.453824 -1149.040287
109.666004 -322.399142 -1118.860719
109.666004 -322.399142 -1118.860719
109.666004 -322.399142 -1118.860719
109.666004 -322.399142 -1118.860719
186.121156 -298.212090 -1163.112753
186.121156 -298.212090 -1163.112753
186.121156 -298.212090 -1163.112753
186.121156 -298.212090 -1163.112753
113.573965 -318.252835 -1125.713311
113.573965 -318.252835 -1125.713311
122.056148 -345.967049 -1128.447774
122.056148 -345.967049 -1128.447774
122.056148 -345.967049 -1128.447774
122.056148 -345.967049 -1128.447774
129.616662 -345.149736 -1133.009701
129.616662 -345.149736 -1133.009701
178.468020 -302.731147 -1163.714107
186.121156 -298.212090 -1163.112753
182.174127 -305.977438 -1161.448469
182.174127 -305.977438 -1161.448469
186.121156 -298.212090 -1163.112753
178.468020 -302.731147 -1163.714107
166.062247 -279.126297 -1154.114142
186.121156 -298.212090 -1163.112753
186.121156 -298.212090 -1163.112753
166.062247 -279.126297 -1154.114142
125.979738 -341.857685 -1135.313275
125.979738 -341.857685 -1135.313275
122.056148 -345.967049 -1128.447774
122.056148 -345.967049 -1128.447774
129.616662 -345.149736 -1133.009701
129.616662 -345.149736 -1133.009701
178.468020 -302.731147 -1163.714107
178.468020 -302.731147 -1163.714107
122.056148 -345.967049 -1128.447774
125.979738 -341.857685 -1135.313275
125.979738 -341.857685 -1135.313275
122.056148 -345.967049 -1128.447774
393.498293 -182.622613 -367.419956
350.202107 -203.490371 -346.942870
344.835165 -139.211529 -403.165498
344.835165 -139.211529 -403.165498
350.202107 -203.490371 -346.942870
393.498293 -182.622613 -367.419956
310.017393 -155.780188 -387.451092
310.017393 -155.780188 -387.451092
393.498293 -182.622613 -367.419956
344.835165 -139.211529 -403.165498
347.877134 -134.070878 -401.174059
347.877134 -134.070878 -401.174059
344.835165 -139.211529 -403.165498
393.498293 -182.622613 -367.419956
394.600083 -184.896529 -363.210045
394.600083 -184.896529 -363.210045
315.280936 -219.733191 -331.433100
315.280936 -219.733191 -331.433100
302.726895 -152.800787 -384.378275
344.835165 -139.211529 -403.165498
310.017393 -155.780188 -387.451092
310.017393 -155.780188 -387.451092
344.835165 -139.211529 -403.165498
302.726895 -152.800787 -384.378275
396.421066 -177.380695 -365.517094
396.421066 -177.380695 -365.517094
341.231017 -135.543157 -402.461904
341.231017 -135.543157 -402.461904
343.448103 -207.592380 -337.728805
343.448103 -207.592380 -337.728805
394.600083 -184.896529 -363.210045
394.600083 -184.896529 -363.210045
275.096222 -172.023007 -371.941322
275.096222 -172.023007 -371.941322
315.280936 -219.733191 -331.433100
315.280936 -219.733191 -331.433100
341.231017 -135.543157 -402.461904
341.231017 -135.543157 -402.461904
268.216469 -168.760953 -368.942623
268.216469 -168.760953 -368.942623
396.421066 -177.380695 -365.517094
347.877134 -134.070878 -401.174059
346.100394 -23.490013 -269.151507
346.100394 -23.490013 -269.151507
347.877134 -134.070878 -401.174059
396.421066 -177.380695 -365.517094
346.100394 -23.490013 -269.151507
346.100394 -23.490013 -269.151507
37.337444 -254.353494 -65.115296
343.448103 -207.592380 -337.728805
394.600083 -184.896529 -363.210045
394.600083 -184.896529 -363.210045
343.448103 -207.592380 -337.728805
37.337444 -254.353494 -65.115296
405.891767 -123.489691 -278.306558
405.891767 -123.489691 -278.306558
275.024167 -237.541252 -312.461574
275.024167 -237.541252 -312.461574
275.096222 -172.023007 -371.941322
275.096222 -172.023007 -371.941322
308.984879 -223.467752 -322.236890
308.984879 -223.467752 -322.236890
-4.002154 -136.130880 -64.849904
302.726895 -152.800787 -384.378275
302.726895 -152.800787 -384.378275
-4.002154 -136.130880 -64.849904
268.216469 -168.760953 -368.942623
268.216469 -168.760953 -368.942623
406.206564 -117.220693 -280.046741
406.206564 -117.220693 -280.046741
340.188217 -17.875446 -263.090824
340.188217 -17.875446 -263.090824
405.891767 -123.489691 -278.306558
405.891767 -123.489691 -278.306558
234.839453 -189.831068 -352.969796
234.839453 -189.831068 -352.969796
275.024167 -237.541252 -312.461574
275.024167 -237.541252 -312.461574
228.470002 -186.233029 -350.086363
228.470002 -186.233029 -350.086363
228.470002 -186.233029 -350.086363
228.470002 -186.233029 -350.086363
341.796954 -18.768757 -261.250632
341.796954 -18.768757 -261.250632
340.188217 -17.875446 -263.090824
340.188217 -17.875446 -263.090824
269.325764 -240.782330 -303.318163
269.325764 -240.782330 -303.318163
404.082996 -117.186941 -273.898936
404.082996 -117.186941 -273.898936
404.082996 -117.186941 -273.898936
404.082996 -117.186941 -273.898936
226.755524 -257.666954 -288.295717
226.755524 -257.666954 -288.295717
234.839453 -189.831068 -352.969796
234.839453 -189.831068 -352.969796
-2.772490 -137.175429 -62.812597
340.188217 -17.875446 -263.090824
-4.002154 -136.130880 -64.849904
-4.002154 -136.130880 -64.849904
340.188217 -17.875446 -263.090824
-2.772490 -137.175429 -62.812597
180.927575 -205.965440 -326.171268
180.927575 -205.965440 -326.171268
341.796954 -18.768757 -261.250632
341.796954 -18.768757 -261.250632
222.122115 -260.290548 -279.482262
222.122115 -260.290548 -279.482262
36.401272 -247.264391 -62.473554
36.401272 -247.264391 -62.473554
186.569742 -209.956617 -328.805701
186.569742 -209.956617 -328.805701
226.755524 -257.666954 -288.295717
226.755524 -257.666954 -288.295717
180.927575 -205.965440 -326.171268
180.927575 -205.965440 -326.171268
-321.623555 -254.386743 120.152033
-321.623555 -254.386743 120.152033
122.991328 -228.742370 -295.534391
122.991328 -228.742370 -295.534391
-2.772490 -137.175429 -62.812597
341.796954 -18.768757 -261.250632
341.796954 -18.768757 -261.250632
-2.772490 -137.175429 -62.812597
164.910715 -282.725202 -249.160290
164.910715 -282.725202 -249.160290
-310.739640 -377.161060 133.760426
-310.739640 -377.161060 133.760426
167.814194 -280.922075 -257.212621
167.814194 -280.922075 -257.212621
186.569742 -209.956617 -328.805701
186.569742 -209.956617 -328.805701
-322.896696 -253.374609 118.118874
-322.896696 -253.374609 118.118874
-321.623555 -254.386743 120.152033
-321.623555 -254.386743 120.152033
122.991328 -228.742370 -295.534391
122.991328 -228.742370 -295.534391
52.037918 -255.359679 -256.486246
52.037918 -255.359679 -256.486246
95.099114 -308.846235 -210.695315
95.099114 -308.846235 -210.695315
167.814194 -280.922075 -257.212621
167.814194 -280.922075 -257.212621
-309.494166 -369.840700 136.406337
-309.494166 -369.840700 136.406337
-345.145489 -446.374381 62.204458
-345.145489 -446.374381 62.204458
127.629480 -233.211891 -297.720843
127.629480 -233.211891 -297.720843
-379.173025 -390.432249 11.828161
-322.896696 -253.374609 118.118874
-322.896696 -253.374609 118.118874
-379.173025 -390.432249 11.828161
-327.342061 -262.507578 118.026652
-321.623555 -254.386743 120.152033
-322.896696 -253.374609 118.118874
-322.896696 -253.374609 118.118874
-321.623555 -254.386743 120.152033
-327.342061 -262.507578 118.026652
127.629480 -233.211891 -297.720843
127.629480 -233.211891 -297.720843
52.037918 -255.359679 -256.486246
52.037918 -255.359679 -256.486246
-34.592453 -286.564461 -207.301357
-34.592453 -286.564461 -207.301357
10.009772 -339.488901 -162.373288
10.009772 -339.488901 -162.373288
95.529835 -308.079771 -217.477837
95.529835 -308.079771 -217.477837
-315.181734 -372.533787 134.759130
-310.739640 -377.161060 133.760426
-309.494166 -369.840700 136.406337
-309.494166 -369.840700 136.406337
-310.739640 -377.161060 133.760426
-315.181734 -372.533787 134.759130
-345.145489 -446.374381 62.204458
-345.145489 -446.374381 62.204458
-299.160234 -435.208864 31.689056
-299.160234 -435.208864 31.689056
95.529835 -308.079771 -217.477837
95.529835 -308.079771 -217.477837
-346.995445 -382.897285 -10.849559
-346.995445 -382.897285 -10.849559
-381.247981 -391.995728 18.091518
-381.247981 -391.995728 18.091518
-327.342061 -262.507578 118.026652
-327.342061 -262.507578 118.026652
55.345120 -260.369587 -257.986058
55.345120 -260.369587 -257.986058
-34.592453 -286.564461 -207.301357
-34.592453 -286.564461 -207.301357
-120.297015 -316.377173 -157.396421
-120.297015 -316.377173 -157.396421
-74.177783 -368.780981 -113.363854
-74.177783 -368.780981 -113.363854
7.225524 -339.893198 -167.356040
7.225524 -339.893198 -167.356040
-351.062784 -441.550576 64.326825
-351.062784 -441.550576 64.326825
-345.145489 -446.374381 62.204458
-349.060003 -445.199008 59.489125
-299.160234 -435.208864 31.689056
-299.160234 -435.208864 31.689056
-349.060003 -445.199008 59.489125
-345.145489 -446.374381 62.204458
-271.018386 -428.878531 11.201136
-271.018386 -428.878531 11.201136
55.345120 -260.369587 -257.986058
55.345120 -260.369587 -257.986058
-318.950128 -376.711742 -31.369064
-318.950128 -376.711742 -31.369064
-346.995445 -382.897285 -10.849559
-350.283848 -389.570728 -7.779355
-350.283848 -389.570728 -7.779355
-346.995445 -382.897285 -10.849559
-379.319878 -395.527132 13.139643
-379.319878 -395.527132 13.139643
-315.181734 -372.533787 134.759130
-327.342061 -262.507578 118.026652
-327.342061 -262.507578 118.026652
-315.181734 -372.533787 134.759130
-32.959190 -292.183014 -207.864262
-32.959190 -292.183014 -207.864262
-120.297015 -316.377173 -157.396421
-120.297015 -316.377173 -157.396421
-188.660659 -339.108098 -116.341790
-188.660659 -339.108098 -116.341790
-141.461785 -391.200375 -73.001540
-141.461785 -391.200375 -73.001540
-80.124038 -370.272920 -116.477253
-80.124038 -370.272920 -116.477253
7.225524 -339.893198 -167.356040
7.225524 -339.893198 -167.356040
-349.060003 -445.199008 59.489125
-349.060003 -445.199008 59.489125
-310.099134 -437.280912 32.728867
-310.099134 -437.280912 32.728867
-271.018386 -428.878531 11.201136
-271.018386 -428.878531 11.201136
-237.099041 -420.124422 -12.166735
-237.099041 -420.124422 -12.166735
-285.101387 -368.087405 -54.809566
-285.101387 -368.087405 -54.809566
-318.950128 -376.711742 -31.369064
-322.013594 -383.439582 -28.604512
-322.013594 -383.439582 -28.604512
-318.950128 -376.711742 -31.369064
-32.959190 -292.183014 -207.864262
-32.959190 -292.183014 -207.864262
-120.308752 -322.562736 -156.985475
-120.308752 -322.562736 -156.985475
-188.660659 -339.108098 -116.341790
-188.660659 -339.108098 -116.341790
-242.626740 -355.950440 -82.642208
-242.626740 -355.950440 -82.642208
-194.814868 -407.931511 -39.762905
-194.814868 -407.931511 -39.762905
-141.461785 -391.200375 -73.001540
-149.752419 -393.361770 -74.612529
-149.752419 -393.361770 -74.612529
-141.461785 -391.200375 -73.001540
-80.124038 -370.272920 -116.477253
-80.124038 -370.272920 -116.477253
-349.060003 -445.199008 59.489125
-310.099134 -437.280912 32.728867
-310.099134 -437.280912 32.728867
-349.060003 -445.199008 59.489125
-281.828880 -431.149766 11.903710
-281.828880 -431.149766 11.903710
-237.099041 -420.124422 -12.166735
-237.099041 -420.124422 -12.166735
-285.101387 -368.087405 -54.809566
-287.833037 -374.891881 -52.434283
-287.833037 -374.891881 -52.434283
-285.101387 -368.087405 -54.809566
-322.013594 -383.439582 -28.604512
-322.013594 -383.439582 -28.604512
-120.308752 -322.562736 -156.985475
-120.308752 -322.562736 -156.985475
-189.937134 -345.651586 -115.120751
-189.937134 -345.651586 -115.120751
-242.626740 -355.950440 -82.642208
-242.626740 -355.950440 -82.642208
-194.814868 -407.931511 -39.762905
-204.610787 -410.399308 -40.261053
-204.610787 -410.399308 -40.261053
-194.814868 -407.931511 -39.762905
-149.752419 -393.361770 -74.612529
-149.752419 -393.361770 -74.612529
-281.828880 -431.149766 11.903710
-281.828880 -431.149766 11.903710
-247.648323 -422.602064 -11.926061
-247.648323 -422.602064 -11.926061
-244.796568 -362.688971 -80.771038
-244.796568 -362.688971 -80.771038
-287.833037 -374.891881 -52.434283
-287.833037 -374.891881 -52.434283
-189.937134 -345.651586 -115.120751
-189.937134 -345.651586 -115.120751
-204.610787 -410.399308 -40.261053
-204.610787 -410.399308 -40.261053
-247.648323 -422.602064 -11.926061
-247.648323 -422.602064 -11.926061
-244.796568 -362.688971 -80.771038
-244.796568 -362.688971 -80.771038
-427.181013 -292.952607 168.904983
-316.490243 -290.996104 102.031895
-332.104404 -326.382812 75.623244
-332.104404 -326.382812 75.623244
-316.490243 -290.996104 102.031895
-427.181013 -292.952607 168.904983
-442.383260 -328.321062 142.248429
-442.383260 -328.321062 142.248429
-425.052584 -293.689274 172.413132
-316.490243 -290.996104 102.031895
-427.181013 -292.952607 168.904983
-427.181013 -292.952607 168.904983
-316.490243 -290.996104 102.031895
-425.052584 -293.689274 172.413132
-309.645444 -295.805184 99.324817
-309.645444 -295.805184 99.324817
-352.902039 -367.163586 41.534780
-352.902039 -367.163586 41.534780
-447.695019 -332.991453 147.117320
-447.695019 -332.991453 147.117320
-314.357371 -291.752463 105.535647
-314.357371 -291.752463 105.535647
-432.636973 -297.970257 173.630094
-432.636973 -297.970257 173.630094
-325.206478 -330.834350 73.116000
-325.206478 -330.834350 73.116000
-309.645444 -295.805184 99.324817
-309.645444 -295.805184 99.324817
-461.829093 -369.069777 107.343989
-461.829093 -369.069777 107.343989
-432.636973 -297.970257 173.630094
-432.636973 -297.970257 173.630094
-466.967291 -373.462270 112.308648
-466.967291 -373.462270 112.308648
-409.649596 -367.441383 194.420202
-314.357371 -291.752463 105.535647
-425.052584 -293.689274 172.413132
-425.052584 -293.689274 172.413132
-314.357371 -291.752463 105.535647
-409.649596 -367.441383 194.420202
-432.636973 -297.970257 173.630094
-432.636973 -297.970257 173.630094
-295.798685 -368.161244 121.661522
-325.206478 -330.834350 73.116000
-309.645444 -295.805184 99.324817
-309.645444 -295.805184 99.324817
-325.206478 -330.834350 73.116000
-295.798685 -368.161244 121.661522
-295.798685 -368.161244 121.661522
-309.645444 -295.805184 99.324817
-309.645444 -295.805184 99.324817
-295.798685 -368.161244 121.661522
-377.001701 -408.381696 2.379506
-377.001701 -408.381696 2.379506
-346.004833 -371.335136 39.229041
-346.004833 -371.335136 39.229041
-417.434986 -370.293046 195.148854
-432.636973 -297.970257 173.630094
-447.695019 -332.991453 147.117320
-447.695019 -332.991453 147.117320
-432.636973 -297.970257 173.630094
-417.434986 -370.293046 195.148854
-434.425500 -402.667301 164.828395
-466.967291 -373.462270 112.308648
-466.967291 -373.462270 112.308648
-434.425500 -402.667301 164.828395
-300.141486 -365.520847 128.260304
-300.141486 -365.520847 128.260304
-417.434986 -370.293046 195.148854
-417.434986 -370.293046 195.148854
-313.899945 -400.546003 92.012904
-313.899945 -400.546003 92.012904
-484.219830 -410.256975 67.156341
-484.219830 -410.256975 67.156341
-489.165352 -414.207905 72.376806
-489.165352 -414.207905 72.376806
-346.004833 -371.335136 39.229041
-346.004833 -371.335136 39.229041
-453.043929 -437.280601 130.852992
-453.043929 -437.280601 130.852992
-410.302574 -374.152626 192.945674
-410.302574 -374.152626 192.945674
-300.972169 -372.231213 126.893484
-313.899945 -400.546003 92.012904
-313.899945 -400.546003 92.012904
-300.972169 -372.231213 126.893484
-404.499409 -448.216372 -41.842229
-404.499409 -448.216372 -41.842229
-369.979614 -412.114422 0.370399
-369.979614 -412.114422 0.370399
-489.165352 -414.207905 72.376806
-489.165352 -414.207905 72.376806
-334.423838 -435.196008 59.188412
-334.423838 -435.196008 59.188412
-427.551203 -406.916714 162.265779
-434.425500 -402.667301 164.828395
-434.425500 -402.667301 164.828395
-427.551203 -406.916714 162.265779
-446.191940 -441.350732 128.435681
-453.043929 -437.280601 130.852992
-453.043929 -437.280601 130.852992
-446.191940 -441.350732 128.435681
-319.258611 -405.001248 96.841651
-319.258611 -405.001248 96.841651
-509.548432 -450.067926 21.622889
-509.548432 -450.067926 21.622889
-514.285594 -453.590270 27.270192
-514.285594 -453.590270 27.270192
-369.979614 -412.114422 0.370399
-369.979614 -412.114422 0.370399
-472.957746 -470.648869 94.749714
-472.957746 -470.648869 94.749714
-334.423838 -435.196008 59.188412
-334.423838 -435.196008 59.188412
-465.982307 -474.331702 92.664188
-465.982307 -474.331702 92.664188
-435.280433 -484.910185 -90.633472
-435.280433 -484.910185 -90.633472
-397.203571 -451.539891 -43.465783
-397.203571 -451.539891 -43.465783
-514.285594 -453.590270 27.270192
-514.285594 -453.590270 27.270192
-356.255104 -468.605224 24.242936
-356.255104 -468.605224 24.242936
-472.957746 -470.648869 94.749714
-472.957746 -470.648869 94.749714
-339.642517 -439.478302 64.063618
-339.642517 -439.478302 64.063618
-537.466980 -486.705166 -28.897182
-537.466980 -486.705166 -28.897182
-542.020055 -489.911684 -22.730915
-542.020055 -489.911684 -22.730915
-397.203571 -451.539891 -43.465783
-397.203571 -451.539891 -43.465783
-495.105389 -502.284443 54.939641
-495.105389 -502.284443 54.939641
-356.255104 -468.605224 24.242936
-356.255104 -468.605224 24.242936
-487.885351 -505.576881 53.294449
-487.885351 -505.576881 53.294449
-361.253429 -472.487175 29.392366
-361.253429 -472.487175 29.392366
-469.215997 -516.628938 -143.438575
-469.215997 -516.628938 -143.438575
-427.630672 -487.900274 -91.839403
-427.630672 -487.900274 -91.839403
-520.371052 -531.737355 9.776249
-542.020055 -489.911684 -22.730915
-542.020055 -489.911684 -22.730915
-520.371052 -531.737355 9.776249
-380.377026 -500.259337 -14.372971
-380.377026 -500.259337 -14.372971
-495.105389 -502.284443 54.939641
-495.105389 -502.284443 54.939641
-567.610451 -518.357180 -83.993278
-567.610451 -518.357180 -83.993278
-572.038809 -521.493257 -77.336946
-572.038809 -521.493257 -77.336946
-407.841596 -529.767791 -58.209354
-427.630672 -487.900274 -91.839403
-427.630672 -487.900274 -91.839403
-407.841596 -529.767791 -58.209354
-549.538012 -558.640965 -42.397202
-549.538012 -558.640965 -42.397202
-380.377026 -500.259337 -14.372971
-380.377026 -500.259337 -14.372971
-512.826408 -534.781682 8.609909
-520.371052 -531.737355 9.776249
-520.371052 -531.737355 9.776249
-512.826408 -534.781682 8.609909
-385.109186 -503.764523 -8.797452
-385.109186 -503.764523 -8.797452
-506.065068 -541.618281 -199.716246
-506.065068 -541.618281 -199.716246
-461.187457 -519.543693 -144.307896
-461.187457 -519.543693 -144.307896
-572.038809 -521.493257 -77.336946
-572.038809 -521.493257 -77.336946
-439.767280 -556.712503 -108.715477
-439.767280 -556.712503 -108.715477
-541.673846 -561.613919 -43.172009
-549.538012 -558.640965 -42.397202
-549.538012 -558.640965 -42.397202
-541.673846 -561.613919 -43.172009
-407.841596 -529.767791 -58.209354
-407.841596 -529.767791 -58.209354
-599.641602 -543.278080 -143.183111
-599.641602 -543.278080 -143.183111
-604.154897 -546.578150 -136.363595
-604.154897 -546.578150 -136.363595
-461.187457 -519.543693 -144.307896
-461.187457 -519.543693 -144.307896
-583.194936 -582.653730 -103.122554
-583.194936 -582.653730 -103.122554
-412.304268 -533.001851 -52.119605
-439.767280 -556.712503 -108.715477
-439.767280 -556.712503 -108.715477
-412.304268 -533.001851 -52.119605
-575.204755 -585.754271 -103.878167
-575.204755 -585.754271 -103.878167
-542.709243 -560.487436 -254.752136
-542.709243 -560.487436 -254.752136
-497.845838 -544.705764 -200.590080
-497.845838 -544.705764 -200.590080
-604.154897 -546.578150 -136.363595
-604.154897 -546.578150 -136.363595
-477.241286 -580.779592 -167.133624
-477.241286 -580.779592 -167.133624
-583.194936 -582.653730 -103.122554
-583.194936 -582.653730 -103.122554
-444.024455 -559.894297 -102.166787
-444.024455 -559.894297 -102.166787
-630.825159 -562.042621 -201.517296
-630.825159 -562.042621 -201.517296
-635.732442 -565.633980 -195.150460
-635.732442 -565.633980 -195.150460
-497.845838 -544.705764 -200.590080
-497.845838 -544.705764 -200.590080
-619.186904 -602.979923 -169.029249
-619.186904 -602.979923 -169.029249
-477.241286 -580.779592 -167.133624
-477.241286 -580.779592 -167.133624
-611.386949 -606.385198 -170.359700
-611.386949 -606.385198 -170.359700
-481.549133 -584.109000 -160.460462
-481.549133 -584.109000 -160.460462
-580.585684 -577.418442 -310.976113
-580.585684 -577.418442 -310.976113
-534.704584 -563.866477 -256.187343
-534.704584 -563.866477 -256.187343
-635.732442 -565.633980 -195.150460
-635.732442 -565.633980 -195.150460
-518.312779 -601.203056 -229.972208
-518.312779 -601.203056 -229.972208
-619.186904 -602.979923 -169.029249
-619.186904 -602.979923 -169.029249
-662.541457 -578.855252 -261.462059
-662.541457 -578.855252 -261.462059
-667.795708 -582.658517 -255.564661
-667.795708 -582.658517 -255.564661
-534.704584 -563.866477 -256.187343
-534.704584 -563.866477 -256.187343
-655.349522 -619.519807 -236.144281
-655.349522 -619.519807 -236.144281
-518.312779 -601.203056 -229.972208
-518.312779 -601.203056 -229.972208
-647.753297 -623.151660 -238.024930
-647.753297 -623.151660 -238.024930
-523.030669 -604.829969 -223.740119
-523.030669 -604.829969 -223.740119
-619.411914 -592.307528 -368.470346
-619.411914 -592.307528 -368.470346
-572.825952 -580.994525 -312.941272
-572.825952 -580.994525 -312.941272
-667.795708 -582.658517 -255.564661
-667.795708 -582.658517 -255.564661
-560.479401 -617.848563 -293.459917
-560.479401 -617.848563 -293.459917
-655.349522 -619.519807 -236.144281
-655.349522 -619.519807 -236.144281
-694.991150 -593.634407 -322.808874
-694.991150 -593.634407 -322.808874
-700.555520 -597.617919 -317.388380
-700.555520 -597.617919 -317.388380
-572.825952 -580.994525 -312.941272
-572.825952 -580.994525 -312.941272
-691.789053 -632.797295 -304.073258
-691.789053 -632.797295 -304.073258
-560.479401 -617.848563 -293.459917
-560.479401 -617.848563 -293.459917
-684.422894 -636.579990 -306.481591
-684.422894 -636.579990 -306.481591
-565.577013 -621.700570 -287.671303
-565.577013 -621.700570 -287.671303
-658.825916 -605.049865 -427.338445
-658.825916 -605.049865 -427.338445
-611.922919 -596.049915 -370.935053
-611.922919 -596.049915 -370.935053
-700.555520 -597.617919 -317.388380
-700.555520 -597.617919 -317.388380
-603.305742 -631.239619 -357.530405
-603.305742 -631.239619 -357.530405
-691.789053 -632.797295 -304.073258
-691.789053 -632.797295 -304.073258
-728.438817 -606.284460 -385.282637
-728.438817 -606.284460 -385.282637
-734.307157 -610.381715 -380.339430
-734.307157 -610.381715 -380.339430
-611.922919 -596.049915 -370.935053
-611.922919 -596.049915 -370.935053
-728.740960 -643.257102 -372.324565
-728.740960 -643.257102 -372.324565
-603.305742 -631.239619 -357.530405
-603.305742 -631.239619 -357.530405
-721.614177 -647.150343 -375.256298
-721.614177 -647.150343 -375.256298
-608.763876 -635.246128 -352.190779
-608.763876 -635.246128 -352.190779
-698.400704 -615.546843 -487.687580
-698.400704 -615.546843 -487.687580
-651.619325 -608.919625 -430.294682
-651.619325 -608.919625 -430.294682
-734.307157 -610.381715 -380.339430
-734.307157 -610.381715 -380.339430
-646.263366 -641.805654 -422.153405
-646.263366 -641.805654 -422.153405
-728.740960 -643.257102 -372.324565
-728.740960 -643.257102 -372.324565
-763.183006 -616.687241 -448.549383
-763.183006 -616.687241 -448.549383
-769.364943 -620.901118 -444.080302
-769.364943 -620.901118 -444.080302
-651.619325 -608.919625 -430.294682
-651.619325 -608.919625 -430.294682
-766.484145 -651.445450 -440.384227
-766.484145 -651.445450 -440.384227
-646.263366 -641.805654 -422.153405
-646.263366 -641.805654 -422.153405
-759.584878 -655.405161 -443.830613
-759.584878 -655.405161 -443.830613
-652.074208 -645.920306 -417.268328
-652.074208 -645.920306 -417.268328
-737.658871 -623.711650 -549.618211
-737.658871 -623.711650 -549.618211
-691.458056 -619.515643 -491.146496
-691.458056 -619.515643 -491.146496
-769.364943 -620.901118 -444.080302
-769.364943 -620.901118 -444.080302
-688.738534 -650.074547 -487.354003
-688.738534 -650.074547 -487.354003
-766.484145 -651.445450 -440.384227
-766.484145 -651.445450 -440.384227
-799.526311 -624.798193 -512.240805
-799.526311 -624.798193 -512.240805
-806.057499 -629.046185 -508.166003
-806.057499 -629.046185 -508.166003
-691.458056 -619.515643 -491.146496
-691.458056 -619.515643 -491.146496
-806.057499 -629.046185 -508.166003
-806.057499 -629.046185 -508.166003
-688.738534 -650.074547 -487.354003
-688.738534 -650.074547 -487.354003
-798.565216 -661.863250 -511.667052
-798.565216 -661.863250 -511.667052
-694.896055 -654.276595 -482.913218
-694.896055 -654.276595 -482.913218
-774.510824 -629.066243 -609.956280
-774.510824 -629.066243 -609.956280
-730.911741 -627.723929 -553.565328
-730.911741 -627.723929 -553.565328
-730.911741 -627.723929 -553.565328
-730.911741 -627.723929 -553.565328
-805.295971 -657.844801 -507.731014
-805.295971 -657.844801 -507.731014
-805.295971 -657.844801 -507.731014
-805.295971 -657.844801 -507.731014
-835.658884 -630.153260 -573.014626
-835.658884 -630.153260 -573.014626
-842.444481 -634.437870 -569.227062
-842.444481 -634.437870 -569.227062
-730.136515 -656.517695 -553.138215
-730.136515 -656.517695 -553.138215
-842.444481 -634.437870 -569.227062
-842.444481 -634.437870 -569.227062
-730.136515 -656.517695 -553.138215
-730.136515 -656.517695 -553.138215
-836.610799 -666.695037 -575.649415
-836.610799 -666.695037 -575.649415
-736.643678 -660.778818 -549.077407
-736.643678 -660.778818 -549.077407
-776.782003 -633.498044 -613.760621
-776.782003 -633.498044 -613.760621
-767.892784 -633.113299 -614.266378
-767.892784 -633.113299 -614.266378
-767.892784 -633.113299 -614.266378
-767.892784 -633.113299 -614.266378
-843.176840 -662.652015 -571.268707
-843.176840 -662.652015 -571.268707
-843.176840 -662.652015 -571.268707
-843.176840 -662.652015 -571.268707
-837.855418 -634.579897 -576.863730
-837.855418 -634.579897 -576.863730
-768.632098 -661.329854 -616.304262
-768.632098 -661.329854 -616.304262
-843.176840 -662.652015 -571.268707
-843.176840 -662.652015 -571.268707
-768.632098 -661.329854 -616.304262
-768.632098 -661.329854 -616.304262
-843.176840 -662.652015 -571.268707
-838.592694 -662.838261 -578.906470
-836.610799 -666.695037 -575.649415
-836.610799 -666.695037 -575.649415
-838.592694 -662.838261 -578.906470
-843.176840 -662.652015 -571.268707
-775.457603 -665.606201 -612.594023
-775.457603 -665.606201 -612.594023
-777.519279 -661.756408 -615.803361
-777.519279 -661.756408 -615.803361
-768.632098 -661.329854 -616.304262
-768.632098 -661.329854 -616.304262
-838.592694 -662.838261 -578.906470
-838.592694 -662.838261 -578.906470
-775.457603 -665.606201 -612.594023
-775.457603 -665.606201 -612.594023
-768.632098 -661.329854 -616.304262
-777.519279 -661.756408 -615.803361
-777.519279 -661.756408 -615.803361
-768.632098 -661.329854 -616.304262
3 0 1 2
3 3 4 5
3 2 1 6
3 7 4 3
3 8 9 10
3 11 12 13
3 14 15 1
3 4 16 17
3 1 18 6
3 7 19 4
3 2 6 20
3 21 7 3
3 22 23 24
3 25 26 27
3 8 10 28
3 29 11 13
3 30 22 24
3 25 27 31
3 15 32 1
3 4 33 16
3 34 35 36
3 37 38 39
3 1 40 18
3 19 41 4
3 42 6 43
3 44 7 45
3 28 10 46
3 47 11 29
3 48 49 50
3 51 52 53
3 30 24 54
3 55 25 31
3 56 57 58
3 59 60 61
3 15 62 32
3 33 63 16
3 35 64 36
3 37 65 38
3 34 36 66
3 67 37 39
3 68 69 70
3 71 72 73
3 40 74 18
3 19 75 41
3 6 76 43
3 44 77 7
3 42 43 78
3 79 44 45
3 28 46 80
3 81 47 29
3 82 83 49
3 52 84 85
3 83 86 49
3 52 87 84
3 30 54 88
3 89 55 31
3 57 90 58
3 59 91 60
3 56 58 92
3 93 59 61
3 62 94 32
3 33 95 63
3 96 97 98
3 99 100 101
3 35 102 64
3 65 103 38
3 104 96 105
3 106 101 107
3 108 109 110
3 111 112 113
3 70 69 114
3 115 72 71
3 68 116 69
3 72 117 73
3 40 118 74
3 75 119 41
3 120 121 122
3 123 124 125
3 6 126 76
3 77 127 7
3 78 43 128
3 129 44 79
3 130 131 132
3 133 134 135
3 136 83 137
3 138 84 139
3 83 140 86
3 87 141 84
3 88 54 142
3 143 55 89
3 140 144 145
3 146 147 141
3 57 148 90
3 91 149 60
3 62 150 94
3 95 151 63
3 97 152 98
3 99 153 100
3 96 98 105
3 106 99 101
3 102 154 64
3 65 155 103
3 104 105 83
3 84 106 107
3 156 157 104
3 107 158 159
3 108 110 160
3 161 111 113
3 70 114 162
3 163 115 71
3 118 164 74
3 75 165 119
3 121 166 122
3 123 167 124
3 120 122 168
3 169 123 125
3 126 170 76
3 77 171 127
3 43 172 128
3 129 173 44
3 174 128 175
3 176 129 177
3 80 178 179
3 180 181 81
3 182 104 83
3 84 107 183
3 140 145 86
3 87 146 141
3 88 142 184
3 185 143 89
3 144 186 145
3 146 187 147
3 148 188 90
3 91 189 149
3 150 190 94
3 95 191 151
3 162 114 192
3 193 115 163
3 97 194 152
3 153 195 100
3 102 196 154
3 155 197 103
3 198 156 104
3 107 159 199
3 156 200 157
3 158 201 159
3 160 110 202
3 203 111 161
3 118 204 164
3 165 205 119
3 200 206 207
3 208 209 201
3 121 210 166
3 167 211 124
3 212 213 214
3 215 216 217
3 126 218 170
3 171 219 127
3 220 221 222
3 223 224 225
3 43 226 172
3 173 227 44
3 228 128 229
3 230 129 231
3 232 132 233
3 234 133 235
3 236 104 237
3 238 107 239
3 184 142 240
3 241 143 185
3 144 242 186
3 187 243 147
3 148 244 188
3 189 245 149
3 150 246 190
3 191 247 151
3 162 192 248
3 249 193 163
3 194 250 152
3 153 251 195
3 196 252 154
3 155 253 197
3 254 255 156
3 159 256 257
3 200 207 157
3 158 208 201
3 160 202 258
3 259 203 161
3 204 260 164
3 165 261 205
3 206 262 207
3 208 263 209
3 210 264 166
3 167 265 211
3 266 267 156
3 159 268 269
3 212 214 270
3 271 215 217
3 218 272 170
3 171 273 219
3 221 274 222
3 223 275 224
3 220 222 276
3 277 223 225
3 172 226 278
3 279 227 173
3 128 280 229
3 230 281 129
3 228 229 282
3 283 230 231
3 284 233 285
3 286 234 287
3 184 240 288
3 289 241 185
3 242 290 186
3 187 291 243
3 244 292 188
3 189 293 245
3 246 294 190
3 191 295 247
3 248 192 296
3 297 193 249
3 194 298 250
3 251 299 195
3 196 300 252
3 253 301 197
3 302 266 156
3 159 269 303
3 258 202 304
3 305 203 259
3 204 306 260
3 261 307 205
3 206 308 262
3 263 309 209
3 210 310 264
3 265 311 211
3 266 312 267
3 268 313 269
3 270 214 314
3 315 215 271
3 218 316 272
3 273 317 219
3 312 318 319
3 320 321 313
3 221 322 274
3 275 323 224
3 324 325 326
3 327 328 329
3 226 330 278
3 279 331 227
3 332 333 334
3 335 336 337
3 128 338 280
3 281 339 129
3 340 229 341
3 342 230 343
3 344 345 346
3 347 348 349
3 288 240 350
3 351 241 289
3 242 352 290
3 291 353 243
3 244 354 292
3 293 355 245
3 246 356 294
3 295 357 247
3 248 296 358
3 359 297 249
3 298 360 250
3 251 361 299
3 300 362 252
3 253 363 301
3 364 266 365
3 366 269 367
3 258 304 368
3 369 305 259
3 306 370 260
3 261 371 307
3 308 372 262
3 263 373 309
3 310 374 264
3 265 375 311
3 312 319 267
3 268 320 313
3 270 314 376
3 377 315 271
3 316 378 272
3 273 379 317
3 318 380 319
3 320 381 321
3 322 382 274
3 275 383 323
3 384 385 266
3 269 386 387
3 324 326 388
3 389 327 329
3 330 390 278
3 279 391 331
3 333 392 334
3 335 393 336
3 332 334 394
3 395 335 337
3 338 396 280
3 281 397 339
3 229 398 341
3 342 399 230
3 282 341 400
3 401 342 283
3 402 403 404
3 405 406 407
3 288 350 408
3 409 351 289
3 352 410 290
3 291 411 353
3 354 412 292
3 293 413 355
3 356 414 294
3 295 415 357
3 358 296 416
3 417 297 359
3 298 418 360
3 361 419 299
3 300 420 362
3 363 421 301
3 422 384 266
3 269 387 423
3 368 304 424
3 425 305 369
3 306 426 370
3 371 427 307
3 308 428 372
3 373 429 309
3 310 430 374
3 375 431 311
3 376 314 432
3 433 315 377
3 316 434 378
3 379 435 317
3 318 436 380
3 381 437 321
3 322 438 382
3 383 439 323
3 384 440 385
3 386 441 387
3 388 326 442
3 443 327 389
3 330 444 390
3 391 445 331
3 440 446 447
3 448 449 441
3 333 450 392
3 393 451 336
3 452 453 454
3 455 456 457
3 338 458 396
3 397 459 339
3 460 461 462
3 463 464 465
3 229 466 398
3 399 467 230
3 468 341 469
3 470 342 471
3 404 403 472
3 473 406 405
3 408 350 474
3 475 351 409
3 352 476 410
3 411 477 353
3 354 478 412
3 413 479 355
3 356 480 414
3 415 481 357
3 358 416 482
3 483 417 359
3 418 484 360
3 361 485 419
3 420 486 362
3 363 487 421
3 488 384 489
3 490 387 491
3 368 424 492
3 493 425 369
3 426 494 370
3 371 495 427
3 428 496 372
3 373 497 429
3 430 498 374
3 375 499 431
3 376 432 500
3 501 433 377
3 434 502 378
3 379 503 435
3 436 504 380
3 381 505 437
3 438 506 382
3 383 507 439
3 440 447 385
3 386 448 441
3 388 442 508
3 509 443 389
3 444 510 390
3 391 511 445
3 446 512 447
3 448 513 449
3 450 514 392
3 393 515 451
3 516 517 384
3 387 518 519
3 452 454 520
3 521 455 457
3 458 522 396
3 397 523 459
3 461 524 462
3 463 525 464
3 460 462 526
3 527 463 465
3 466 528 398
3 399 529 467
3 341 530 469
3 470 531 342
3 400 469 532
3 533 470 401
3 534 535 536
3 537 538 539
3 408 474 540
3 541 475 409
3 476 542 410
3 411 543 477
3 478 544 412
3 413 545 479
3 480 546 414
3 415 547 481
3 482 416 548
3 549 417 483
3 418 550 484
3 485 551 419
3 420 552 486
3 487 553 421
3 554 516 384
3 387 519 555
3 492 424 556
3 557 425 493
3 426 558 494
3 495 559 427
3 428 560 496
3 497 561 429
3 430 562 498
3 499 563 431
3 500 432 564
3 565 433 501
3 434 566 502
3 503 567 435
3 436 568 504
3 505 569 437
3 438 570 506
3 507 571 439
3 508 442 572
3 573 443 509
3 444 574 510
3 511 575 445
3 446 576 512
3 513 577 449
3 450 578 514
3 515 579 451
3 516 580 517
3 518 581 519
3 520 454 582
3 583 455 521
3 458 584 522
3 523 585 459
3 580 586 587
3 588 589 581
3 461 590 524
3 525 591 464
3 592 593 594
3 595 596 597
3 466 598 528
3 529 599 467
3 600 601 602
3 603 604 605
3 341 606 530
3 531 607 342
3 608 469 609
3 610 470 611
3 472 612 613
3 614 615 473
3 540 474 616
3 617 475 541
3 476 618 542
3 543 619 477
3 478 620 544
3 545 621 479
3 480 622 546
3 547 623 481
3 482 548 624
3 625 549 483
3 626 484 550
3 551 485 627
3 552 628 486
3 487 629 553
3 630 516 631
3 632 519 633
3 492 556 634
3 635 557 493
3 558 636 494
3 495 637 559
3 560 638 496
3 497 639 561
3 562 640 498
3 499 641 563
3 500 564 642
3 643 565 501
3 566 644 502
3 503 645 567
3 568 646 504
3 505 647 569
3 570 648 506
3 507 649 571
3 508 572 650
3 651 573 509
3 574 652 510
3 511 653 575
3 576 654 512
3 513 655 577
3 578 656 514
3 515 657 579
3 580 587 517
3 518 588 581
3 520 582 658
3 659 583 521
3 584 660 522
3 523 661 585
3 586 662 587
3 588 663 589
3 590 664 524
3 525 665 591
3 666 667 516
3 519 668 669
3 592 594 670
3 671 595 597
3 598 672 528
3 529 673 599
3 601 674 602
3 603 675 604
3 600 602 676
3 677 603 605
3 606 678 530
3 531 679 607
3 469 680 609
3 610 681 470
3 608 609 682
3 683 610 611
3 684 685 686
3 687 688 689
3 540 616 690
3 691 617 541
3 692 542 618
3 619 543 693
3 620 694 544
3 545 695 621
3 622 696 546
3 547 697 623
3 624 548 698
3 699 549 625
3 548 700 698
3 699 701 549
3 626 550 702
3 703 551 627
3 486 628 704
3 705 629 487
3 706 666 516
3 519 669 707
3 634 556 708
3 709 557 635
3 710 636 558
3 559 637 711
3 560 712 638
3 639 713 561
3 562 714 640
3 641 715 563
3 642 564 716
3 717 565 643
3 566 718 644
3 645 719 567
3 568 720 646
3 647 721 569
3 570 722 648
3 649 723 571
3 650 572 724
3 725 573 651
3 574 726 652
3 653 727 575
3 576 728 654
3 655 729 577
3 578 730 656
3 657 731 579
3 658 582 732
3 733 583 659
3 584 734 660
3 661 735 585
3 586 736 662
3 663 737 589
3 590 738 664
3 665 739 591
3 666 740 667
3 668 741 669
3 670 594 742
3 743 595 671
3 598 744 672
3 673 745 599
3 740 746 747
3 748 749 741
3 601 750 674
3 675 751 604
3 752 753 754
3 755 756 757
3 606 758 678
3 679 759 607
3 760 761 762
3 763 764 765
3 469 766 680
3 681 767 470
3 682 609 768
3 769 610 683
3 612 770 771
3 772 773 615
3 690 616 774
3 775 617 691
3 616 776 774
3 775 777 617
3 692 618 778
3 779 619 693
3 544 694 780
3 781 695 545
3 782 696 622
3 623 697 783
3 698 700 784
3 785 701 699
3 786 626 702
3 703 627 787
3 628 788 704
3 705 789 629
3 790 666 791
3 792 669 793
3 634 708 794
3 795 709 635
3 710 796 636
3 637 797 711
3 798 638 712
3 713 639 799
3 714 800 640
3 641 801 715
3 642 716 802
3 803 717 643
3 718 804 644
3 645 805 719
3 720 806 646
3 647 807 721
3 722 808 648
3 649 809 723
3 650 724 810
3 811 725 651
3 726 812 652
3 653 813 727
3 728 814 654
3 655 815 729
3 730 816 656
3 657 817 731
3 658 732 818
3 819 733 659
3 734 820 660
3 661 821 735
3 736 822 662
3 663 823 737
3 738 824 664
3 665 825 739
3 740 747 667
3 668 748 741
3 670 742 826
3 827 743 671
3 744 828 672
3 673 829 745
3 746 830 747
3 748 831 749
3 750 832 674
3 675 833 751
3 834 835 666
3 669 836 837
3 752 754 838
3 839 755 757
3 758 840 678
3 679 841 759
3 761 842 762
3 763 843 764
3 760 762 844
3 845 763 765
3 680 766 846
3 847 767 681
3 609 848 768
3 769 849 610
3 682 768 850
3 851 769 683
3 852 770 853
3 854 773 855
3 774 776 856
3 857 777 775
3 858 692 778
3 779 693 859
3 694 860 780
3 781 861 695
3 782 862 696
3 697 863 783
3 864 796 710
3 711 797 865
3 700 866 784
3 785 867 701
3 786 702 868
3 869 703 787
3 704 788 870
3 871 789 705
3 872 834 666
3 669 837 873
3 794 708 874
3 875 709 795
3 708 876 874
3 875 877 709
3 798 712 878
3 879 713 799
3 640 800 880
3 881 801 641
3 802 716 882
3 883 717 803
3 884 804 718
3 719 805 885
3 720 886 806
3 807 887 721
3 722 888 808
3 809 889 723
3 810 724 890
3 891 725 811
3 726 892 812
3 813 893 727
3 728 894 814
3 815 895 729
3 730 896 816
3 817 897 731
3 818 732 898
3 899 733 819
3 734 900 820
3 821 901 735
3 736 902 822
3 823 903 737
3 738 904 824
3 825 905 739
3 826 742 906
3 907 743 827
3 744 908 828
3 829 909 745
3 746 910 830
3 831 911 749
3 750 912 832
3 833 913 751
3 834 914 835
3 836 915 837
3 838 754 916
3 917 755 839
3 758 918 840
3 841 919 759
3 914 920 921
3 922 923 915
3 761 924 842
3 843 925 764
3 926 927 928
3 929 930 931
3 766 932 846
3 847 933 767
3 934 935 936
3 937 938 939
3 609 940 848
3 849 941 610
3 850 768 942
3 943 769 851
3 944 945 853
3 854 946 947
3 948 862 782
3 783 863 949
3 776 950 856
3 857 951 777
3 858 778 952
3 953 779 859
3 780 860 954
3 955 861 781
3 864 956 796
3 797 957 865
3 784 866 958
3 959 867 785
3 960 786 868
3 869 787 961
3 788 962 870
3 871 963 789
3 964 834 965
3 966 837 967
3 874 876 968
3 969 877 875
3 970 798 878
3 879 799 971
3 800 972 880
3 881 973 801
3 802 882 974
3 975 883 803
3 884 976 804
3 805 977 885
3 978 806 886
3 887 807 979
3 888 980 808
3 809 981 889
3 810 890 982
3 983 891 811
3 892 984 812
3 813 985 893
3 894 986 814
3 815 987 895
3 896 988 816
3 817 989 897
3 818 898 990
3 991 899 819
3 900 992 820
3 821 993 901
3 902 994 822
3 823 995 903
3 904 996 824
3 825 997 905
3 826 906 998
3 999 907 827
3 908 1000 828
3 829 1001 909
3 910 1002 830
3 831 1003 911
3 912 1004 832
3 833 1005 913
3 914 921 835
3 836 922 915
3 838 916 1006
3 1007 917 839
3 918 1008 840
3 841 1009 919
3 920 1010 921
3 922 1011 923
3 924 1012 842
3 843 1013 925
3 1014 1015 834
3 837 1016 1017
3 926 928 1018
3 1019 929 931
3 932 1020 846
3 847 1021 933
3 935 1022 936
3 937 1023 938
3 934 936 1024
3 1025 937 939
3 940 1026 848
3 849 1027 941
3 768 1028 942
3 943 1029 769
3 850 942 1030
3 1031 943 851
3 853 1032 1033
3 1034 1035 854
3 948 1036 862
3 863 1037 949
3 856 950 1038
3 1039 951 857
3 1040 858 952
3 953 859 1041
3 860 1042 954
3 955 1043 861
3 1044 956 864
3 865 957 1045
3 866 1046 958
3 959 1047 867
3 960 868 1048
3 1049 869 961
3 870 962 1050
3 1051 963 871
3 1052 1014 834
3 837 1017 1053
3 1054 976 884
3 885 977 1055
3 876 1056 968
3 969 1057 877
3 970 878 1058
3 1059 879 971
3 880 972 1060
3 1061 973 881
3 974 882 1062
3 1063 883 975
3 882 1064 1062
3 1063 1065 883
3 978 886 1066
3 1067 887 979
3 808 980 1068
3 1069 981 809
3 982 890 1070
3 1071 891 983
3 1072 984 892
3 893 985 1073
3 894 1074 986
3 987 1075 895
3 896 1076 988
3 989 1077 897
3 990 898 1078
3 1079 899 991
3 900 1080 992
3 993 1081 901
3 902 1082 994
3 995 1083 903
3 904 1084 996
3 997 1085 905
3 998 906 1086
3 1087 907 999
3 908 1088 1000
3 1001 1089 909
3 910 1090 1002
3 1003 1091 911
3 912 1092 1004
3 1005 1093 913
3 1006 916 1094
3 1095 917 1007
3 918 1096 1008
3 1009 1097 919
3 920 1098 1010
3 1011 1099 923
3 924 1100 1012
3 1013 1101 925
3 1014 1102 1015
3 1016 1103 1017
3 1018 928 1104
3 1105 929 1019
3 932 1106 1020
3 1021 1107 933
3 1102 1108 1109
3 1110 1111 1103
3 935 1112 1022
3 1023 1113 938
3 1114 1115 1116
3 1117 1118 1119
3 940 1120 1026
3 1027 1121 941
3 1122 1123 1124
3 1125 1126 1127
3 768 1128 1028
3 1029 1129 769
3 1030 942 1130
3 1131 943 1031
3 1132 1133 1134
3 1135 1136 1137
3 1138 1036 948
3 949 1037 1139
3 950 1140 1038
3 1039 1141 951
3 1040 952 1142
3 1143 953 1041
3 954 1042 1144
3 1145 1043 955
3 1044 1146 956
3 957 1147 1045
3 958 1046 1148
3 1149 1047 959
3 1150 960 1048
3 1049 961 1151
3 962 1152 1050
3 1051 1153 963
3 1154 1014 1155
3 1156 1017 1157
3 1054 1158 976
3 977 1159 1055
3 968 1056 1160
3 1161 1057 969
3 1162 970 1058
3 1059 971 1163
3 972 1164 1060
3 1061 1165 973
3 1062 1064 1166
3 1167 1065 1063
3 1168 978 1066
3 1067 979 1169
3 980 1170 1068
3 1069 1171 981
3 982 1070 1172
3 1173 1071 983
3 1072 1174 984
3 985 1175 1073
3 1176 986 1074
3 1075 987 1177
3 1076 1178 988
3 989 1179 1077
3 990 1078 1180
3 1181 1079 991
3 1080 1182 992
3 993 1183 1081
3 1082 1184 994
3 995 1185 1083
3 1084 1186 996
3 997 1187 1085
3 998 1086 1188
3 1189 1087 999
3 1088 1190 1000
3 1001 1191 1089
3 1090 1192 1002
3 1003 1193 1091
3 1092 1194 1004
3 1005 1195 1093
3 1006 1094 1196
3 1197 1095 1007
3 1096 1198 1008
3 1009 1199 1097
3 1098 1200 1010
3 1011 1201 1099
3 1100 1202 1012
3 1013 1203 1101
3 1102 1109 1015
3 1016 1110 1103
3 1018 1104 1204
3 1205 1105 1019
3 1106 1206 1020
3 1021 1207 1107
3 1108 1208 1109
3 1110 1209 1111
3 1112 1210 1022
3 1023 1211 1113
3 1212 1213 1014
3 1017 1214 1215
3 1114 1116 1216
3 1217 1117 1119
3 1120 1218 1026
3 1027 1219 1121
3 1123 1220 1124
3 1125 1221 1126
3 1122 1124 1222
3 1223 1125 1127
3 1128 1224 1028
3 1029 1225 1129
3 942 1226 1130
3 1131 1227 943
3 1228 1030 1130
3 1131 1031 1229
3 1134 1133 1230
3 1231 1136 1135
3 1138 1232 1036
3 1037 1233 1139
3 1038 1140 1234
3 1235 1141 1039
3 1236 1040 1142
3 1143 1041 1237
3 1042 1238 1144
3 1145 1239 1043
3 1240 1146 1044
3 1045 1147 1241
3 1046 1242 1148
3 1149 1243 1047
3 1150 1048 1244
3 1245 1049 1151
3 1050 1152 1246
3 1247 1153 1051
3 1248 1212 1014
3 1017 1215 1249
3 1250 1158 1054
3 1055 1159 1251
3 1056 1252 1160
3 1161 1253 1057
3 1162 1058 1254
3 1255 1059 1163
3 1060 1164 1256
3 1257 1165 1061
3 1258 1174 1072
3 1073 1175 1259
3 1064 1260 1166
3 1167 1261 1065
3 1168 1066 1262
3 1263 1067 1169
3 1068 1170 1264
3 1265 1171 1069
3 1172 1070 1266
3 1267 1071 1173
3 1070 1268 1266
3 1267 1269 1071
3 1176 1074 1270
3 1271 1075 1177
3 988 1178 1272
3 1273 1179 989
3 1180 1078 1274
3 1275 1079 1181
3 1276 1182 1080
3 1081 1183 1277
3 1082 1278 1184
3 1185 1279 1083
3 1084 1280 1186
3 1187 1281 1085
3 1188 1086 1282
3 1283 1087 1189
3 1088 1284 1190
3 1191 1285 1089
3 1090 1286 1192
3 1193 1287 1091
3 1092 1288 1194
3 1195 1289 1093
3 1196 1094 1290
3 1291 1095 1197
3 1096 1292 1198
3 1199 1293 1097
3 1098 1294 1200
3 1201 1295 1099
3 1100 1296 1202
3 1203 1297 1101
3 1204 1104 1298
3 1299 1105 1205
3 1106 1300 1206
3 1207 1301 1107
3 1108 1302 1208
3 1209 1303 1111
3 1112 1304 1210
3 1211 1305 1113
3 1212 1306 1213
3 1214 1307 1215
3 1216 1116 1308
3 1309 1117 1217
3 1120 1310 1218
3 1219 1311 1121
3 1306 1312 1313
3 1314 1315 1307
3 1123 1316 1220
3 1221 1317 1126
3 1318 1319 1320
3 1321 1322 1323
3 1128 1324 1224
3 1225 1325 1129
3 1326 1327 1328
3 1329 1330 1331
3 942 1332 1226
3 1227 1333 943
3 1326 1334 1335
3 1336 1337 1331
3 1133 1338 1230
3 1231 1339 1136
3 1340 1232 1138
3 1139 1233 1341
3 1140 1342 1234
3 1235 1343 1141
3 1236 1142 1344
3 1345 1143 1237
3 1144 1238 1346
3 1347 1239 1145
3 1240 1348 1146
3 1147 1349 1241
3 1148 1242 1350
3 1351 1243 1149
3 1352 1150 1244
3 1245 1151 1353
3 1152 1354 1246
3 1247 1355 1153
3 1356 1357 1212
3 1215 1358 1359
3 1250 1360 1158
3 1159 1361 1251
3 1160 1252 1362
3 1363 1253 1161
3 1364 1162 1254
3 1255 1163 1365
3 1164 1366 1256
3 1257 1367 1165
3 1258 1368 1174
3 1175 1369 1259
3 1166 1260 1370
3 1371 1261 1167
3 1372 1168 1262
3 1263 1169 1373
3 1170 1374 1264
3 1265 1375 1171
3 1266 1268 1376
3 1377 1269 1267
3 1378 1176 1270
3 1271 1177 1379
3 1178 1380 1272
3 1273 1381 1179
3 1180 1274 1382
3 1383 1275 1181
3 1276 1384 1182
3 1183 1385 1277
3 1386 1184 1278
3 1279 1185 1387
3 1280 1388 1186
3 1187 1389 1281
3 1188 1282 1390
3 1391 1283 1189
3 1284 1392 1190
3 1191 1393 1285
3 1286 1394 1192
3 1193 1395 1287
3 1288 1396 1194
3 1195 1397 1289
3 1196 1290 1398
3 1399 1291 1197
3 1292 1400 1198
3 1199 1401 1293
3 1294 1402 1200
3 1201 1403 1295
3 1296 1404 1202
3 1203 1405 1297
3 1204 1298 1406
3 1407 1299 1205
3 1300 1408 1206
3 1207 1409 1301
3 1302 1410 1208
3 1209 1411 1303
3 1304 1412 1210
3 1211 1413 1305
3 1306 1313 1213
3 1214 1314 1307
3 1216 1308 1414
3 1415 1309 1217
3 1310 1416 1218
3 1219 1417 1311
3 1312 1418 1313
3 1314 1419 1315
3 1316 1420 1220
3 1221 1421 1317
3 1422 1423 1212
3 1215 1424 1425
3 1318 1320 1426
3 1427 1321 1323
3 1324 1428 1224
3 1225 1429 1325
3 1327 1430 1328
3 1329 1431 1330
3 1326 1328 1334
3 1337 1329 1331
3 1332 1432 1226
3 1227 1433 1333
3 1335 1334 1434
3 1435 1337 1336
3 1230 1338 1436
3 1437 1339 1231
3 1340 1438 1232
3 1233 1439 1341
3 1234 1342 1440
3 1441 1343 1235
3 1442 1236 1344
3 1345 1237 1443
3 1238 1444 1346
3 1347 1445 1239
3 1446 1348 1240
3 1241 1349 1447
3 1242 1448 1350
3 1351 1449 1243
3 1352 1244 1450
3 1451 1245 1353
3 1246 1354 1452
3 1453 1355 1247
3 1454 1422 1212
3 1215 1425 1455
3 1456 1360 1250
3 1251 1361 1457
3 1252 1458 1362
3 1363 1459 1253
3 1364 1254 1460
3 1461 1255 1365
3 1256 1366 1462
3 1463 1367 1257
3 1464 1368 1258
3 1259 1369 1465
3 1260 1466 1370
3 1371 1467 1261
3 1372 1262 1468
3 1469 1263 1373
3 1264 1374 1470
3 1471 1375 1265
3 1472 1384 1276
3 1277 1385 1473
3 1268 1474 1376
3 1377 1475 1269
3 1378 1270 1476
3 1477 1271 1379
3 1272 1380 1478
3 1479 1381 1273
3 1382 1274 1480
3 1481 1275 1383
3 1274 1482 1480
3 1481 1483 1275
3 1386 1278 1484
3 1485 1279 1387
3 1186 1388 1486
3 1487 1389 1187
3 1390 1282 1488
3 1489 1283 1391
3 1490 1392 1284
3 1285 1393 1491
3 1286 1492 1394
3 1395 1493 1287
3 1288 1494 1396
3 1397 1495 1289
3 1398 1290 1496
3 1497 1291 1399
3 1292 1498 1400
3 1401 1499 1293
3 1294 1500 1402
3 1403 1501 1295
3 1296 1502 1404
3 1405 1503 1297
3 1406 1298 1504
3 1505 1299 1407
3 1300 1506 1408
3 1409 1507 1301
3 1302 1508 1410
3 1411 1509 1303
3 1304 1510 1412
3 1413 1511 1305
3 1414 1308 1512
3 1513 1309 1415
3 1310 1514 1416
3 1417 1515 1311
3 1312 1516 1418
3 1419 1517 1315
3 1316 1518 1420
3 1421 1519 1317
3 1422 1520 1423
3 1424 1521 1425
3 1426 1320 1522
3 1523 1321 1427
3 1324 1524 1428
3 1429 1525 1325
3 1520 1526 1527
3 1528 1529 1521
3 1327 1530 1430
3 1431 1531 1330
3 1332 1532 1432
3 1433 1533 1333
3 1534 1438 1340
3 1341 1439 1535
3 1342 1536 1440
3 1441 1537 1343
3 1442 1344 1538
3 1539 1345 1443
3 1346 1444 1540
3 1541 1445 1347
3 1446 1542 1348
3 1349 1543 1447
3 1350 1448 1544
3 1545 1449 1351
3 1546 1352 1450
3 1451 1353 1547
3 1354 1548 1452
3 1453 1549 1355
3 1456 1550 1360
3 1361 1551 1457
3 1362 1458 1552
3 1553 1459 1363
3 1554 1364 1460
3 1461 1365 1555
3 1366 1556 1462
3 1463 1557 1367
3 1464 1558 1368
3 1369 1559 1465
3 1370 1466 1560
3 1561 1467 1371
3 1562 1372 1468
3 1469 1373 1563
3 1374 1564 1470
3 1471 1565 1375
3 1472 1566 1384
3 1385 1567 1473
3 1376 1474 1568
3 1569 1475 1377
3 1570 1378 1476
3 1477 1379 1571
3 1380 1572 1478
3 1479 1573 1381
3 1480 1482 1574
3 1575 1483 1481
3 1576 1386 1484
3 1485 1387 1577
3 1388 1578 1486
3 1487 1579 1389
3 1390 1488 1580
3 1581 1489 1391
3 1490 1582 1392
3 1393 1583 1491
3 1394 1492 1584
3 1585 1493 1395
3 1494 1586 1396
3 1397 1587 1495
3 1398 1496 1588
3 1589 1497 1399
3 1498 1590 1400
3 1401 1591 1499
3 1500 1592 1402
3 1403 1593 1501
3 1502 1594 1404
3 1405 1595 1503
3 1406 1504 1596
3 1597 1505 1407
3 1506 1598 1408
3 1409 1599 1507
3 1508 1600 1410
3 1411 1601 1509
3 1510 1602 1412
3 1413 1603 1511
3 1414 1512 1604
3 1605 1513 1415
3 1514 1606 1416
3 1417 1607 1515
3 1516 1608 1418
3 1419 1609 1517
3 1518 1610 1420
3 1421 1611 1519
3 1520 1527 1423
3 1424 1528 1521
3 1426 1522 1612
3 1613 1523 1427
3 1524 1614 1428
3 1429 1615 1525
3 1526 1616 1527
3 1528 1617 1529
3 1530 1618 1430
3 1431 1619 1531
3 1532 1620 1432
3 1433 1621 1533
3 1534 1622 1438
3 1439 1623 1535
3 1440 1536 1624
3 1625 1537 1441
3 1626 1442 1538
3 1539 1443 1627
3 1444 1628 1540
3 1541 1629 1445
3 1630 1542 1446
3 1447 1543 1631
3 1448 1632 1544
3 1545 1633 1449
3 1546 1450 1634
3 1635 1451 1547
3 1452 1548 1636
3 1637 1549 1453
3 1638 1550 1456
3 1457 1551 1639
3 1458 1640 1552
3 1553 1641 1459
3 1554 1460 1642
3 1643 1461 1555
3 1462 1556 1644
3 1645 1557 1463
3 1646 1558 1464
3 1465 1559 1647
3 1466 1648 1560
3 1561 1649 1467
3 1562 1468 1650
3 1651 1469 1563
3 1470 1564 1652
3 1653 1565 1471
3 1654 1566 1472
3 1473 1567 1655
3 1474 1656 1568
3 1569 1657 1475
3 1570 1476 1658
3 1659 1477 1571
3 1478 1572 1660
3 1661 1573 1479
3 1662 1582 1490
3 1491 1583 1663
3 1482 1664 1574
3 1575 1665 1483
3 1576 1484 1666
3 1667 1485 1577
3 1486 1578 1668
3 1669 1579 1487
3 1580 1488 1670
3 1671 1489 1581
3 1488 1672 1670
3 1671 1673 1489
3 1584 1492 1674
3 1675 1493 1585
3 1396 1586 1676
3 1677 1587 1397
3 1588 1496 1678
3 1679 1497 1589
3 1498 1680 1590
3 1591 1681 1499
3 1500 1682 1592
3 1593 1683 1501
3 1502 1684 1594
3 1595 1685 1503
3 1596 1504 1686
3 1687 1505 1597
3 1506 1688 1598
3 1599 1689 1507
3 1508 1690 1600
3 1601 1691 1509
3 1510 1692 1602
3 1603 1693 1511
3 1604 1512 1694
3 1695 1513 1605
3 1514 1696 1606
3 1607 1697 1515
3 1516 1698 1608
3 1609 1699 1517
3 1518 1700 1610
3 1611 1701 1519
3 1612 1522 1702
3 1703 1523 1613
3 1524 1704 1614
3 1615 1705 1525
3 1526 1706 1616
3 1617 1707 1529
3 1530 1708 1618
3 1619 1709 1531
3 1532 1710 1620
3 1621 1711 1533
3 1712 1622 1534
3 1535 1623 1713
3 1536 1714 1624
3 1625 1715 1537
3 1626 1538 1716
3 1717 1539 1627
3 1540 1628 1718
3 1719 1629 1541
3 1630 1720 1542
3 1543 1721 1631
3 1544 1632 1722
3 1723 1633 1545
3 1724 1546 1634
3 1635 1547 1725
3 1548 1726 1636
3 1637 1727 1549
3 1638 1728 1550
3 1551 1729 1639
3 1552 1640 1730
3 1731 1641 1553
3 1732 1554 1642
3 1643 1555 1733
3 1556 1734 1644
3 1645 1735 1557
3 1646 1736 1558
3 1559 1737 1647
3 1560 1648 1738
3 1739 1649 1561
3 1740 1562 1650
3 1651 1563 1741
3 1564 1742 1652
3 1653 1743 1565
3 1654 1744 1566
3 1567 1745 1655
3 1568 1656 1746
3 1747 1657 1569
3 1748 1570 1658
3 1659 1571 1749
3 1572 1750 1660
3 1661 1751 1573
3 1662 1752 1582
3 1583 1753 1663
3 1574 1664 1754
3 1755 1665 1575
3 1756 1576 1666
3 1667 1577 1757
3 1578 1758 1668
3 1669 1759 1579
3 1670 1672 1760
3 1761 1673 1671
3 1762 1584 1674
3 1675 1585 1763
3 1586 1764 1676
3 1677 1765 1587
3 1588 1678 1766
3 1767 1679 1589
3 1680 1768 1590
3 1591 1769 1681
3 1592 1682 1770
3 1771 1683 1593
3 1684 1772 1594
3 1595 1773 1685
3 1596 1686 1774
3 1775 1687 1597
3 1688 1776 1598
3 1599 1777 1689
3 1690 1778 1600
3 1601 1779 1691
3 1692 1780 1602
3 1603 1781 1693
3 1604 1694 1782
3 1783 1695 1605
3 1696 1784 1606
3 1607 1785 1697
3 1698 1786 1608
3 1609 1787 1699
3 1700 1788 1610
3 1611 1789 1701
3 1612 1702 1790
3 1791 1703 1613
3 1704 1792 1614
3 1615 1793 1705
3 1706 1794 1616
3 1617 1795 1707
3 1708 1796 1618
3 1619 1797 1709
3 1710 1798 1620
3 1621 1799 1711
3 1712 1800 1622
3 1623 1801 1713
3 1624 1714 1802
3 1803 1715 1625
3 1804 1626 1716
3 1717 1627 1805
3 1628 1806 1718
3 1719 1807 1629
3 1808 1809 1630
3 1631 1810 1811
3 1632 1812 1722
3 1723 1813 1633
3 1814 1634 1815
3 1816 1635 1817
3 1636 1726 1818
3 1819 1727 1637
3 1820 1728 1638
3 1639 1729 1821
3 1640 1822 1730
3 1731 1823 1641
3 1732 1642 1824
3 1825 1643 1733
3 1644 1734 1826
3 1827 1735 1645
3 1828 1736 1646
3 1647 1737 1829
3 1648 1830 1738
3 1739 1831 1649
3 1740 1650 1832
3 1833 1651 1741
3 1652 1742 1834
3 1835 1743 1653
3 1836 1744 1654
3 1655 1745 1837
3 1656 1838 1746
3 1747 1839 1657
3 1748 1658 1840
3 1841 1659 1749
3 1660 1750 1842
3 1843 1751 1661
3 1844 1752 1662
3 1663 1753 1845
3 1664 1846 1754
3 1755 1847 1665
3 1756 1666 1848
3 1849 1667 1757
3 1668 1758 1850
3 1851 1759 1669
3 1852 1768 1680
3 1681 1769 1853
3 1672 1854 1760
3 1761 1855 1673
3 1762 1674 1856
3 1857 1675 1763
3 1676 1764 1858
3 1859 1765 1677
3 1766 1678 1860
3 1861 1679 1767
3 1678 1862 1860
3 1861 1863 1679
3 1770 1682 1864
3 1865 1683 1771
3 1594 1772 1866
3 1867 1773 1595
3 1774 1686 1868
3 1869 1687 1775
3 1688 1870 1776
3 1777 1871 1689
3 1690 1872 1778
3 1779 1873 1691
3 1692 1874 1780
3 1781 1875 1693
3 1782 1694 1876
3 1877 1695 1783
3 1696 1878 1784
3 1785 1879 1697
3 1698 1880 1786
3 1787 1881 1699
3 1700 1882 1788
3 1789 1883 1701
3 1790 1702 1884
3 1885 1703 1791
3 1704 1886 1792
3 1793 1887 1705
3 1706 1888 1794
3 1795 1889 1707
3 1708 1890 1796
3 1797 1891 1709
3 1710 1892 1798
3 1799 1893 1711
3 1894 1895 1712
3 1713 1896 1897
3 1714 1898 1802
3 1803 1899 1715
3 1900 1716 1901
3 1902 1717 1903
3 1718 1806 1904
3 1905 1807 1719
3 1906 1907 1908
3 1909 1910 1911
3 1912 1913 1914
3 1915 1916 1917
3 1820 1918 1728
3 1729 1919 1821
3 1730 1822 1920
3 1921 1823 1731
3 1922 1732 1824
3 1825 1733 1923
3 1734 1924 1826
3 1827 1925 1735
3 1828 1926 1736
3 1737 1927 1829
3 1738 1830 1928
3 1929 1831 1739
3 1930 1740 1832
3 1833 1741 1931
3 1742 1932 1834
3 1835 1933 1743
3 1836 1934 1744
3 1745 1935 1837
3 1746 1838 1936
3 1937 1839 1747
3 1938 1748 1840
3 1841 1749 1939
3 1750 1940 1842
3 1843 1941 1751
3 1844 1942 1752
3 1753 1943 1845
3 1754 1846 1944
3 1945 1847 1755
3 1946 1756 1848
3 1849 1757 1947
3 1758 1948 1850
3 1851 1949 1759
3 1852 1950 1768
3 1769 1951 1853
3 1760 1854 1952
3 1953 1855 1761
3 1954 1762 1856
3 1857 1763 1955
3 1764 1956 1858
3 1859 1957 1765
3 1860 1862 1958
3 1959 1863 1861
3 1770 1864 1960
3 1961 1865 1771
3 1772 1962 1866
3 1867 1963 1773
3 1774 1868 1964
3 1965 1869 1775
3 1870 1966 1776
3 1777 1967 1871
3 1778 1872 1968
3 1969 1873 1779
3 1874 1970 1780
3 1781 1971 1875
3 1782 1876 1972
3 1973 1877 1783
3 1878 1974 1784
3 1785 1975 1879
3 1880 1976 1786
3 1787 1977 1881
3 1882 1978 1788
3 1789 1979 1883
3 1790 1884 1980
3 1981 1885 1791
3 1886 1982 1792
3 1793 1983 1887
3 1888 1984 1794
3 1795 1985 1889
3 1890 1986 1796
3 1797 1987 1891
3 1892 1988 1798
3 1799 1989 1893
3 1990 1991 1992
3 1993 1994 1995
3 1990 1992 1996
3 1997 1993 1995
3 1998 1918 1820
3 1821 1919 1999
3 1822 2000 1920
3 1921 2001 1823
3 1922 1824 2002
3 2003 1825 1923
3 1826 1924 2004
3 2005 1925 1827
3 2006 1926 1828
3 1829 1927 2007
3 1830 2008 1928
3 1929 2009 1831
3 1930 1832 2010
3 2011 1833 1931
3 1834 1932 2012
3 2013 1933 1835
3 2014 1934 1836
3 1837 1935 2015
3 1838 2016 1936
3 1937 2017 1839
3 1938 1840 2018
3 2019 1841 1939
3 1842 1940 2020
3 2021 1941 1843
3 2022 1942 1844
3 1845 1943 2023
3 1846 2024 1944
3 1945 2025 1847
3 1946 1848 2026
3 2027 1849 1947
3 1850 1948 2028
3 2029 1949 1851
3 2030 1950 1852
3 1853 1951 2031
3 1854 2032 1952
3 1953 2033 1855
3 1954 1856 2034
3 2035 1857 1955
3 1858 1956 2036
3 2037 1957 1859
3 1870 2038 1966
3 1967 2039 1871
3 1862 2040 1958
3 1959 2041 1863
3 1960 1864 2042
3 2043 1865 1961
3 1866 1962 2044
3 2045 1963 1867
3 1964 1868 2046
3 2047 1869 1965
3 1868 2048 2046
3 2047 2049 1869
3 1968 1872 2050
3 2051 1873 1969
3 1780 1970 2052
3 2053 1971 1781
3 1972 1876 2054
3 2055 1877 1973
3 1878 2056 1974
3 1975 2057 1879
3 1880 2058 1976
3 1977 2059 1881
3 1882 2060 1978
3 1979 2061 1883
3 1980 1884 2062
3 2063 1885 1981
3 1886 2064 1982
3 1983 2065 1887
3 1888 2066 1984
3 1985 2067 1889
3 1890 2068 1986
3 1987 2069 1891
3 1892 2070 1988
3 1989 2071 1893
3 2072 2073 2074
3 2075 2076 2077
3 2078 2079 2080
3 2081 2082 2083
3 2006 2084 1926
3 1927 2085 2007
3 1928 2008 2086
3 2087 2009 1929
3 2088 1930 2010
3 2011 1931 2089
3 1932 2090 2012
3 2013 2091 1933
3 2014 2092 1934
3 1935 2093 2015
3 1936 2016 2094
3 2095 2017 1937
3 2096 1938 2018
3 2019 1939 2097
3 1940 2098 2020
3 2021 2099 1941
3 2022 2100 1942
3 1943 2101 2023
3 1944 2024 2102
3 2103 2025 1945
3 2104 1946 2026
3 2027 1947 2105
3 1948 2106 2028
3 2029 2107 1949
3 2030 2108 1950
3 1951 2109 2031
3 1952 2032 2110
3 2111 2033 1953
3 2112 1954 2034
3 2035 1955 2113
3 1956 2114 2036
3 2037 2115 1957
3 2038 2116 1966
3 1967 2117 2039
3 1958 2040 2118
3 2119 2041 1959
3 2120 1960 2042
3 2043 1961 2121
3 1962 2122 2044
3 2045 2123 1963
3 2046 2048 2124
3 2125 2049 2047
3 1968 2050 2126
3 2127 2051 1969
3 1970 2128 2052
3 2053 2129 1971
3 1972 2054 2130
3 2131 2055 1973
3 2056 2132 1974
3 1975 2133 2057
3 1976 2058 2134
3 2135 2059 1977
3 2060 2136 1978
3 1979 2137 2061
3 1980 2062 2138
3 2139 2063 1981
3 2064 2140 1982
3 1983 2141 2065
3 2066 2142 1984
3 1985 2143 2067
3 2068 2144 1986
3 1987 2145 2069
3 2070 2146 1988
3 1989 2147 2071
3 2148 2149 2006
3 2007 2150 2151
3 2008 2152 2086
3 2087 2153 2009
3 2154 2010 2155
3 2156 2011 2157
3 2012 2090 2158
3 2159 2091 2013
3 2160 2092 2014
3 2015 2093 2161
3 2016 2162 2094
3 2095 2163 2017
3 2096 2018 2164
3 2165 2019 2097
3 2020 2098 2166
3 2167 2099 2021
3 2168 2100 2022
3 2023 2101 2169
3 2024 2170 2102
3 2103 2171 2025
3 2104 2026 2172
3 2173 2027 2105
3 2028 2106 2174
3 2175 2107 2029
3 2176 2108 2030
3 2031 2109 2177
3 2032 2178 2110
3 2111 2179 2033
3 2112 2034 2180
3 2181 2035 2113
3 2036 2114 2182
3 2183 2115 2037
3 2184 2116 2038
3 2039 2117 2185
3 2040 2186 2118
3 2119 2187 2041
3 2120 2042 2188
3 2189 2043 2121
3 2044 2122 2190
3 2191 2123 2045
3 2056 2192 2132
3 2133 2193 2057
3 2048 2194 2124
3 2125 2195 2049
3 2126 2050 2196
3 2197 2051 2127
3 2052 2128 2198
3 2199 2129 2053
3 2130 2054 2200
3 2201 2055 2131
3 2054 2202 2200
3 2201 2203 2055
3 2134 2058 2204
3 2205 2059 2135
3 1978 2136 2206
3 2207 2137 1979
3 2138 2062 2208
3 2209 2063 2139
3 2064 2210 2140
3 2141 2211 2065
3 2066 2212 2142
3 2143 2213 2067
3 2068 2214 2144
3 2145 2215 2069
3 2070 2216 2146
3 2147 2217 2071
3 2218 2219 2220
3 2221 2222 2223
3 2224 2225 2226
3 2227 2228 2229
3 2160 2230 2092
3 2093 2231 2161
3 2094 2162 2232
3 2233 2163 2095
3 2234 2096 2164
3 2165 2097 2235
3 2098 2236 2166
3 2167 2237 2099
3 2168 2238 2100
3 2101 2239 2169
3 2102 2170 2240
3 2241 2171 2103
3 2242 2104 2172
3 2173 2105 2243
3 2106 2244 2174
3 2175 2245 2107
3 2176 2246 2108
3 2109 2247 2177
3 2110 2178 2248
3 2249 2179 2111
3 2250 2112 2180
3 2181 2113 2251
3 2114 2252 2182
3 2183 2253 2115
3 2184 2254 2116
3 2117 2255 2185
3 2118 2186 2256
3 2257 2187 2119
3 2258 2120 2188
3 2189 2121 2259
3 2122 2260 2190
3 2191 2261 2123
3 2192 2262 2132
3 2133 2263 2193
3 2124 2194 2264
3 2265 2195 2125
3 2126 2196 2266
3 2267 2197 2127
3 2128 2268 2198
3 2199 2269 2129
3 2200 2202 2270
3 2271 2203 2201
3 2134 2204 2272
3 2273 2205 2135
3 2136 2274 2206
3 2207 2275 2137
3 2138 2208 2276
3 2277 2209 2139
3 2210 2278 2140
3 2141 2279 2211
3 2142 2212 2280
3 2281 2213 2143
3 2214 2282 2144
3 2145 2283 2215
3 2216 2284 2146
3 2147 2285 2217
3 2286 2230 2160
3 2161 2231 2287
3 2162 2288 2232
3 2233 2289 2163
3 2290 2164 2291
3 2292 2165 2293
3 2166 2236 2294
3 2295 2237 2167
3 2296 2238 2168
3 2169 2239 2297
3 2170 2298 2240
3 2241 2299 2171
3 2242 2172 2300
3 2301 2173 2243
3 2174 2244 2302
3 2303 2245 2175
3 2304 2246 2176
3 2177 2247 2305
3 2178 2306 2248
3 2249 2307 2179
3 2250 2180 2308
3 2309 2181 2251
3 2182 2252 2310
3 2311 2253 2183
3 2312 2254 2184
3 2185 2255 2313
3 2186 2314 2256
3 2257 2315 2187
3 2258 2188 2316
3 2317 2189 2259
3 2190 2260 2318
3 2319 2261 2191
3 2192 2320 2262
3 2263 2321 2193
3 2194 2322 2264
3 2265 2323 2195
3 2266 2196 2324
3 2325 2197 2267
3 2198 2268 2326
3 2327 2269 2199
3 2210 2328 2278
3 2279 2329 2211
3 2202 2330 2270
3 2271 2331 2203
3 2272 2204 2332
3 2333 2205 2273
3 2206 2274 2334
3 2335 2275 2207
3 2276 2208 2336
3 2337 2209 2277
3 2208 2338 2336
3 2337 2339 2209
3 2280 2212 2340
3 2341 2213 2281
3 2144 2282 2342
3 2343 2283 2145
3 2216 2344 2284
3 2285 2345 2217
3 2346 2347 2348
3 2349 2350 2351
3 2352 2353 2354
3 2355 2356 2357
3 2296 2358 2238
3 2239 2359 2297
3 2240 2298 2360
3 2361 2299 2241
3 2362 2242 2300
3 2301 2243 2363
3 2244 2364 2302
3 2303 2365 2245
3 2304 2366 2246
3 2247 2367 2305
3 2248 2306 2368
3 2369 2307 2249
3 2370 2250 2308
3 2309 2251 2371
3 2252 2372 2310
3 2311 2373 2253
3 2312 2374 2254
3 2255 2375 2313
3 2256 2314 2376
3 2377 2315 2257
3 2378 2258 2316
3 2317 2259 2379
3 2260 2380 2318
3 2319 2381 2261
3 2320 2382 2262
3 2263 2383 2321
3 2264 2322 2384
3 2385 2323 2265
3 2386 2266 2324
3 2325 2267 2387
3 2268 2388 2326
3 2327 2389 2269
3 2328 2390 2278
3 2279 2391 2329
3 2270 2330 2392
3 2393 2331 2271
3 2272 2332 2394
3 2395 2333 2273
3 2274 2396 2334
3 2335 2397 2275
3 2336 2338 2398
3 2399 2339 2337
3 2280 2340 2400
3 2401 2341 2281
3 2282 2402 2342
3 2343 2403 2283
3 2344 2404 2284
3 2285 2405 2345
3 2406 2407 2296
3 2297 2408 2409
3 2298 2410 2360
3 2361 2411 2299
3 2412 2300 2413
3 2414 2301 2415
3 2302 2364 2416
3 2417 2365 2303
3 2418 2366 2304
3 2305 2367 2419
3 2306 2420 2368
3 2369 2421 2307
3 2370 2308 2422
3 2423 2309 2371
3 2310 2372 2424
3 2425 2373 2311
3 2426 2374 2312
3 2313 2375 2427
3 2314 2428 2376
3 2377 2429 2315
3 2378 2316 2430
3 2431 2317 2379
3 2318 2380 2432
3 2433 2381 2319
3 2434 2382 2320
3 2321 2383 2435
3 2322 2436 2384
3 2385 2437 2323
3 2386 2324 2438
3 2439 2325 2387
3 2326 2388 2440
3 2441 2389 2327
3 2328 2442 2390
3 2391 2443 2329
3 2330 2444 2392
3 2393 2445 2331
3 2394 2332 2446
3 2447 2333 2395
3 2334 2396 2448
3 2449 2397 2335
3 2344 2450 2404
3 2405 2451 2345
3 2338 2452 2398
3 2399 2453 2339
3 2400 2340 2454
3 2455 2341 2401
3 2342 2402 2456
3 2457 2403 2343
3 2458 2459 2460
3 2461 2462 2463
3 2464 2465 2466
3 2467 2468 2469
3 2418 2470 2366
3 2367 2471 2419
3 2368 2420 2472
3 2473 2421 2369
3 2474 2370 2422
3 2423 2371 2475
3 2372 2476 2424
3 2425 2477 2373
3 2426 2478 2374
3 2375 2479 2427
3 2376 2428 2480
3 2481 2429 2377
3 2482 2378 2430
3 2431 2379 2483
3 2380 2484 2432
3 2433 2485 2381
3 2434 2486 2382
3 2383 2487 2435
3 2384 2436 2488
3 2489 2437 2385
3 2490 2386 2438
3 2439 2387 2491
3 2388 2492 2440
3 2441 2493 2389
3 2442 2494 2390
3 2391 2495 2443
3 2392 2444 2496
3 2497 2445 2393
3 2394 2446 2498
3 2499 2447 2395
3 2396 2500 2448
3 2449 2501 2397
3 2450 2502 2404
3 2405 2503 2451
3 2398 2452 2504
3 2505 2453 2399
3 2400 2454 2506
3 2507 2455 2401
3 2402 2508 2456
3 2457 2509 2403
3 2510 2511 2418
3 2419 2512 2513
3 2420 2514 2472
3 2473 2515 2421
3 2516 2422 2517
3 2518 2423 2519
3 2424 2476 2520
3 2521 2477 2425
3 2522 2478 2426
3 2427 2479 2523
3 2428 2524 2480
3 2481 2525 2429
3 2482 2430 2526
3 2527 2431 2483
3 2432 2484 2528
3 2529 2485 2433
3 2530 2486 2434
3 2435 2487 2531
3 2436 2532 2488
3 2489 2533 2437
3 2490 2438 2534
3 2535 2439 2491
3 2440 2492 2536
3 2537 2493 2441
3 2442 2538 2494
3 2495 2539 2443
3 2444 2540 2496
3 2497 2541 2445
3 2498 2446 2542
3 2543 2447 2499
3 2448 2500 2544
3 2545 2501 2449
3 2450 2546 2502
3 2503 2547 2451
3 2452 2548 2504
3 2505 2549 2453
3 2506 2454 2550
3 2551 2455 2507
3 2456 2508 2552
3 2553 2509 2457
3 2554 2555 2556
3 2557 2558 2559
3 2560 2561 2562
3 2563 2564 2565
3 2522 2566 2478
3 2479 2567 2523
3 2480 2524 2568
3 2569 2525 2481
3 2570 2482 2526
3 2527 2483 2571
3 2484 2572 2528
3 2529 2573 2485
3 2530 2574 2486
3 2487 2575 2531
3 2488 2532 2576
3 2577 2533 2489
3 2578 2490 2534
3 2535 2491 2579
3 2492 2580 2536
3 2537 2581 2493
3 2538 2582 2494
3 2495 2583 2539
3 2496 2540 2584
3 2585 2541 2497
3 2586 2498 2542
3 2543 2499 2587
3 2500 2588 2544
3 2545 2589 2501
3 2546 2590 2502
3 2503 2591 2547
3 2504 2548 2592
3 2593 2549 2505
3 2506 2550 2594
3 2595 2551 2507
3 2508 2596 2552
3 2553 2597 2509
3 2598 2599 2522
3 2523 2600 2601
3 2524 2602 2568
3 2569 2603 2525
3 2604 2526 2605
3 2606 2527 2607
3 2528 2572 2608
3 2609 2573 2529
3 2610 2574 2530
3 2531 2575 2611
3 2532 2612 2576
3 2577 2613 2533
3 2578 2534 2614
3 2615 2535 2579
3 2536 2580 2616
3 2617 2581 2537
3 2618 2582 2538
3 2539 2583 2619
3 2540 2620 2584
3 2585 2621 2541
3 2586 2542 2622
3 2623 2543 2587
3 2544 2588 2624
3 2625 2589 2545
3 2546 2626 2590
3 2591 2627 2547
3 2548 2628 2592
3 2593 2629 2549
3 2594 2550 2630
3 2631 2551 2595
3 2552 2596 2632
3 2633 2597 2553
3 2634 2635 2636
3 2637 2638 2639
3 2640 2641 2642
3 2643 2644 2645
3 2610 2646 2574
3 2575 2647 2611
3 2576 2612 2648
3 2649 2613 2577
3 2650 2578 2614
3 2615 2579 2651
3 2580 2652 2616
3 2617 2653 2581
3 2618 2654 2582
3 2583 2655 2619
3 2584 2620 2656
3 2657 2621 2585
3 2658 2586 2622
3 2623 2587 2659
3 2588 2660 2624
3 2625 2661 2589
3 2626 2662 2590
3 2591 2663 2627
3 2592 2628 2664
3 2665 2629 2593
3 2666 2594 2630
3 2631 2595 2667
3 2596 2668 2632
3 2633 2669 2597
3 2670 2671 2610
3 2611 2672 2673
3 2612 2674 2648
3 2649 2675 2613
3 2676 2614 2677
3 2678 2615 2679
3 2616 2652 2680
3 2681 2653 2617
3 2682 2654 2618
3 2619 2655 2683
3 2620 2684 2656
3 2657 2685 2621
3 2658 2622 2686
3 2687 2623 2659
3 2624 2660 2688
3 2689 2661 2625
3 2690 2662 2626
3 2627 2663 2691
3 2628 2692 2664
3 2665 2693 2629
3 2666 2630 2694
3 2695 2631 2667
3 2632 2668 2696
3 2697 2669 2633
3 2698 2699 2700
3 2701 2702 2703
3 2704 2705 2706
3 2707 2708 2709
3 2682 2710 2654
3 2655 2711 2683
3 2656 2684 2712
3 2713 2685 2657
3 2714 2658 2686
3 2687 2659 2715
3 2660 2716 2688
3 2689 2717 2661
3 2690 2718 2662
3 2663 2719 2691
3 2664 2692 2720
3 2721 2693 2665
3 2722 2666 2694
3 2695 2667 2723
3 2668 2724 2696
3 2697 2725 2669
3 2726 2727 2682
3 2683 2728 2729
3 2684 2730 2712
3 2713 2731 2685
3 2732 2686 2733
3 2734 2687 2735
3 2688 2716 2736
3 2737 2717 2689
3 2738 2718 2690
3 2691 2719 2739
3 2692 2740 2720
3 2721 2741 2693
3 2722 2694 2742
3 2743 2695 2723
3 2696 2724 2744
3 2745 2725 2697
3 2746 2747 2748
3 2749 2750 2751
3 2752 2753 2754
3 2755 2756 2757
3 2738 2758 2718
3 2719 2759 2739
3 2720 2740 2760
3 2761 2741 2721
3 2762 2722 2742
3 2743 2723 2763
3 2724 2764 2744
3 2745 2765 2725
3 2766 2767 2738
3 2739 2768 2769
3 2740 2770 2760
3 2761 2771 2741
3 2772 2742 2773
3 2774 2743 2775
3 2744 2764 2776
3 2777 2765 2745
3 2778 2779 2780
3 2781 2782 2783
3 2784 2785 2786
3 2787 2788 2789
3 2790 2791 2792
3 2793 2794 2795
3 2791 2796 2792
3 2793 2797 2794
3 2798 2799 2800
3 2801 2802 2803
3 2804 2791 2790
3 2795 2794 2805
3 2806 2807 2808
3 2809 2810 2811
3 2791 2812 2796
3 2797 2813 2794
3 2814 2815 2816
3 2817 2818 2819
3 2820 2821 2822
3 2823 2824 2825
3 2826 2804 2790
3 2795 2805 2827
3 2804 2828 2791
3 2794 2829 2805
3 2830 2831 2832
3 2833 2834 2835
3 2791 2828 2812
3 2813 2829 2794
3 2836 2837 2838
3 2839 2840 2841
3 2842 2843 2844
3 2845 2846 2847
3 2826 2790 2848
3 2849 2795 2827
3 2842 2844 2831
3 2834 2845 2847
3 2850 2804 2826
3 2827 2805 2851
3 2852 2828 2804
3 2805 2829 2853
3 2854 2831 2830
3 2835 2834 2855
3 2828 2856 2812
3 2813 2857 2829
3 2837 2858 2838
3 2839 2859 2840
3 2860 2843 2842
3 2847 2846 2861
3 2862 2863 2864
3 2865 2866 2867
3 2842 2831 2854
3 2855 2834 2847
3 2864 2868 2869
3 2870 2871 2865
3 2850 2852 2804
3 2805 2853 2851
3 2852 2872 2828
3 2829 2873 2853
3 2874 2854 2830
3 2835 2855 2875
3 2828 2872 2856
3 2857 2873 2829
3 2837 2876 2858
3 2859 2877 2840
3 2878 2874 2830
3 2835 2875 2879
3 2860 2842 2880
3 2881 2847 2861
3 2864 2863 2868
3 2871 2866 2865
3 2880 2842 2854
3 2855 2847 2881
3 2869 2868 2882
3 2883 2871 2870
3 2884 2852 2850
3 2851 2853 2885
3 2886 2872 2852
3 2853 2873 2887
3 2880 2854 2874
3 2875 2855 2881
3 2856 2872 2888
3 2889 2873 2857
3 2876 2890 2858
3 2859 2891 2877
3 2892 2874 2878
3 2879 2875 2893
3 2894 2860 2880
3 2881 2861 2895
3 2896 2860 2894
3 2895 2861 2897
3 2898 2896 2899
3 2900 2897 2901
3 2869 2882 2902
3 2903 2883 2870
3 2884 2886 2852
3 2853 2887 2885
3 2886 2904 2872
3 2873 2905 2887
3 2894 2880 2874
3 2875 2881 2895
3 2872 2904 2888
3 2889 2905 2873
3 2876 2906 2890
3 2891 2907 2877
3 2908 2892 2878
3 2879 2893 2909
3 2894 2874 2892
3 2893 2875 2895
3 2896 2894 2899
3 2900 2895 2897
3 2898 2899 2910
3 2911 2900 2901
3 2902 2882 2912
3 2913 2883 2903
3 2884 2914 2886
3 2887 2915 2885
3 2916 2904 2886
3 2887 2905 2917
3 2888 2904 2918
3 2919 2905 2889
3 2906 2920 2890
3 2891 2921 2907
3 2922 2892 2908
3 2909 2893 2923
3 2899 2894 2892
3 2893 2895 2900
3 2910 2899 2922
3 2923 2900 2911
3 2898 2910 2924
3 2925 2911 2901
3 2902 2912 2926
3 2927 2913 2903
3 2914 2916 2886
3 2887 2917 2915
3 2916 2928 2904
3 2905 2929 2917
3 2904 2928 2918
3 2919 2929 2905
3 2906 2930 2920
3 2921 2931 2907
3 2932 2922 2908
3 2909 2923 2933
3 2899 2892 2922
3 2923 2893 2900
3 2910 2922 2934
3 2935 2923 2911
3 2924 2910 2936
3 2937 2911 2925
3 2926 2912 2938
3 2939 2913 2927
3 2914 2940 2916
3 2917 2941 2915
3 2942 2928 2916
3 2917 2929 2943
3 2918 2928 2944
3 2945 2929 2919
3 2930 2946 2920
3 2921 2947 2931
3 2934 2922 2932
3 2933 2923 2935
3 2936 2910 2934
3 2935 2911 2937
3 2924 2936 2948
3 2949 2937 2925
3 2926 2938 2950
3 2951 2939 2927
3 2916 2940 2942
3 2943 2941 2917
3 2942 2952 2928
3 2929 2953 2943
3 2928 2952 2944
3 2945 2953 2929
3 2930 2954 2946
3 2947 2955 2931
3 2934 2932 2956
3 2957 2933 2935
3 2936 2934 2958
3 2959 2935 2937
3 2948 2936 2960
3 2961 2937 2949
3 2950 2938 2962
3 2963 2939 2951
3 2940 2964 2942
3 2943 2965 2941
3 2942 2966 2952
3 2953 2967 2943
3 2944 2952 2968
3 2969 2953 2945
3 2954 2970 2946
3 2947 2971 2955
3 2934 2956 2958
3 2959 2957 2935
3 2958 2960 2936
3 2937 2961 2959
3 2948 2960 2972
3 2973 2961 2949
3 2950 2962 2974
3 2975 2963 2951
3 2942 2964 2966
3 2967 2965 2943
3 2966 2976 2952
3 2953 2977 2967
3 2952 2976 2968
3 2969 2977 2953
3 2954 2978 2970
3 2971 2979 2955
3 2958 2956 2980
3 2981 2957 2959
3 2958 2982 2960
3 2961 2983 2959
3 2972 2960 2984
3 2985 2961 2973
3 2962 2986 2974
3 2975 2987 2963
3 2964 2988 2966
3 2967 2989 2965
3 2966 2990 2976
3 2977 2991 2967
3 2968 2976 2992
3 2993 2977 2969
3 2970 2978 2994
3 2995 2979 2971
3 2958 2980 2982
3 2983 2981 2959
3 2982 2984 2960
3 2961 2985 2983
3 2972 2984 2996
3 2997 2985 2973
3 2974 2986 2998
3 2999 2987 2975
3 2974 2998 3000
3 3001 2999 2975
3 2966 2988 2990
3 2991 2989 2967
3 2990 3002 2976
3 2977 3003 2991
3 2976 3002 2992
3 2993 3003 2977
3 2978 3004 3005
3 3006 3007 2979
3 2978 3005 2994
3 2995 3006 2979
3 2982 2980 3008
3 3009 2981 2983
3 2982 3010 2984
3 2985 3011 2983
3 2996 2984 3012
3 3013 2985 2997
3 2996 3012 3014
3 3015 3013 2997
3 3000 2998 3016
3 3017 2999 3001
3 2988 3018 2990
3 2991 3019 2989
3 2990 3020 3002
3 3003 3021 2991
3 2992 3002 3022
3 3023 3003 2993
3 3004 3024 3005
3 3006 3025 3007
3 3010 3008 3026
3 3027 3009 3011
3 2982 3008 3010
3 3011 3009 2983
3 3010 3012 2984
3 2985 3013 3011
3 3014 3012 3028
3 3029 3013 3015
3 3014 3028 3030
3 3031 3029 3015
3 3000 3016 3032
3 3033 3017 3001
3 2990 3018 3020
3 3021 3019 2991
3 3020 3034 3002
3 3003 3035 3021
3 3002 3034 3022
3 3023 3035 3003
3 3004 3036 3024
3 3025 3037 3007
3 3038 3026 3039
3 3040 3027 3041
3 3010 3026 3038
3 3041 3027 3011
3 3010 3038 3012
3 3013 3041 3011
3 3038 3028 3012
3 3013 3029 3041
3 3030 3028 3042
3 3043 3029 3031
3 3032 3016 3044
3 3045 3017 3033
3 3018 3046 3020
3 3021 3047 3019
3 3020 3048 3034
3 3035 3049 3021
3 3022 3034 3050
3 3051 3035 3023
3 3036 3052 3024
3 3025 3053 3037
3 3038 3039 3054
3 3055 3040 3041
3 3038 3054 3028
3 3029 3055 3041
3 3054 3042 3028
3 3029 3043 3055
3 3030 3042 3056
3 3057 3043 3031
3 3032 3044 3058
3 3059 3045 3033
3 3020 3046 3048
3 3049 3047 3021
3 3048 3060 3034
3 3035 3061 3049
3 3034 3060 3050
3 3051 3061 3035
3 3036 3062 3052
3 3053 3063 3037
3 3054 3039 3064
3 3065 3040 3055
3 3054 3066 3042
3 3043 3067 3055
3 3056 3042 3068
3 3069 3043 3057
3 3058 3044 3070
3 3071 3045 3059
3 3046 3072 3048
3 3049 3073 3047
3 3048 3074 3060
3 3061 3075 3049
3 3050 3060 3076
3 3077 3061 3051
3 3062 3078 3052
3 3053 3079 3063
3 3054 3064 3066
3 3067 3065 3055
3 3066 3068 3042
3 3043 3069 3067
3 3056 3068 3080
3 3081 3069 3057
3 3058 3070 3082
3 3083 3071 3059
3 3048 3072 3074
3 3075 3073 3049
3 3074 3084 3060
3 3061 3085 3075
3 3060 3084 3076
3 3077 3085 3061
3 3062 3086 3078
3 3079 3087 3063
3 3066 3064 3088
3 3089 3065 3067
3 3066 3090 3068
3 3069 3091 3067
3 3080 3068 3092
3 3093 3069 3081
3 3082 3070 3094
3 3095 3071 3083
3 3072 3096 3074
3 3075 3097 3073
3 3074 3098 3084
3 3085 3099 3075
3 3076 3084 3100
3 3101 3085 3077
3 3086 3102 3078
3 3079 3103 3087
3 3066 3088 3090
3 3091 3089 3067
3 3090 3092 3068
3 3069 3093 3091
3 3080 3092 3104
3 3105 3093 3081
3 3082 3094 3106
3 3107 3095 3083
3 3074 3096 3098
3 3099 3097 3075
3 3098 3108 3084
3 3085 3109 3099
3 3084 3108 3100
3 3101 3109 3085
3 3086 3110 3102
3 3103 3111 3087
3 3090 3088 3112
3 3113 3089 3091
3 3090 3114 3092
3 3093 3115 3091
3 3104 3092 3116
3 3117 3093 3105
3 3106 3094 3118
3 3119 3095 3107
3 3096 3120 3098
3 3099 3121 3097
3 3098 3122 3108
3 3109 3123 3099
3 3100 3108 3124
3 3125 3109 3101
3 3110 3126 3102
3 3103 3127 3111
3 3090 3112 3114
3 3115 3113 3091
3 3114 3116 3092
3 3093 3117 3115
3 3104 3116 3128
3 3129 3117 3105
3 3106 3118 3130
3 3131 3119 3107
3 3098 3120 3122
3 3123 3121 3099
3 3122 3132 3108
3 3109 3133 3123
3 3108 3132 3124
3 3125 3133 3109
3 3110 3134 3126
3 3127 3135 3111
3 3114 3112 3136
3 3137 3113 3115
3 3114 3138 3116
3 3117 3139 3115
3 3128 3116 3140
3 3141 3117 3129
3 3130 3118 3142
3 3143 3119 3131
3 3120 3144 3122
3 3123 3145 3121
3 3122 3146 3132
3 3133 3147 3123
3 3124 3132 3148
3 3149 3133 3125
3 3134 3150 3126
3 3127 3151 3135
3 3114 3136 3138
3 3139 3137 3115
3 3138 3140 3116
3 3117 3141 3139
3 3128 3140 3152
3 3153 3141 3129
3 3130 3142 3154
3 3155 3143 3131
3 3122 3144 3146
3 3147 3145 3123
3 3146 3156 3132
3 3133 3157 3147
3 3132 3156 3148
3 3149 3157 3133
3 3134 3158 3150
3 3151 3159 3135
3 3138 3136 3160
3 3161 3137 3139
3 3138 3162 3140
3 3141 3163 3139
3 3152 3140 3164
3 3165 3141 3153
3 3154 3142 3166
3 3167 3143 3155
3 3144 3168 3146
3 3147 3169 3145
3 3146 3170 3156
3 3157 3171 3147
3 3148 3156 3172
3 3173 3157 3149
3 3158 3174 3150
3 3151 3175 3159
3 3138 3160 3162
3 3163 3161 3139
3 3162 3164 3140
3 3141 3165 3163
3 3152 3164 3176
3 3177 3165 3153
3 3166 3142 3178
3 3179 3143 3167
3 3146 3168 3170
3 3171 3169 3147
3 3170 3180 3156
3 3157 3181 3171
3 3180 3172 3156
3 3157 3173 3181
3 3174 3182 3150
3 3151 3183 3175
3 3162 3160 3184
3 3185 3161 3163
3 3162 3186 3164
3 3165 3187 3163
3 3188 3189 3190
3 3191 3192 3193
3 3194 3195 3168
3 3169 3196 3197
3 3168 3195 3170
3 3171 3196 3169
3 3195 3180 3170
3 3171 3181 3196
3 3198 3172 3180
3 3181 3173 3199
3 3198 3200 3172
3 3173 3201 3199
3 3162 3184 3186
3 3187 3185 3163
3 3189 3202 3190
3 3191 3203 3192
3 3194 3204 3195
3 3196 3205 3197
3 3195 3198 3180
3 3181 3199 3196
3 3206 3207 3202
3 3203 3208 3209
3 3202 3207 3190
3 3191 3208 3203
3 3204 3198 3195
3 3196 3199 3205
3 3210 3211 3212
3 3213 3214 3215
3 3211 3216 3212
3 3213 3217 3214
3 3218 3219 3220
3 3221 3222 3223
3 3224 3211 3210
3 3215 3214 3225
3 3211 3226 3216
3 3217 3227 3214
3 3212 3216 3228
3 3229 3217 3213
3 3230 3231 3232
3 3233 3234 3235
3 3236 3237 3238
3 3239 3240 3241
3 3224 3242 3211
3 3214 3243 3225
3 3244 3245 3246
3 3247 3248 3249
3 3226 3250 3216
3 3217 3251 3227
3 3211 3242 3226
3 3227 3243 3214
3 3212 3228 3252
3 3253 3229 3213
3 3216 3254 3228
3 3229 3255 3217
3 3256 3257 3258
3 3259 3260 3261
3 3257 3262 3258
3 3259 3263 3260
3 3264 3265 3266
3 3267 3268 3269
3 3270 3256 3271
3 3272 3261 3273
3 3226 3274 3250
3 3251 3275 3227
3 3216 3250 3254
3 3255 3251 3217
3 3242 3276 3226
3 3227 3277 3243
3 3278 3279 3280
3 3281 3282 3283
3 3279 3284 3285
3 3286 3287 3282
3 3256 3258 3288
3 3289 3259 3261
3 3262 3290 3258
3 3259 3291 3263
3 3266 3265 3292
3 3293 3268 3267
3 3256 3288 3271
3 3272 3289 3261
3 3274 3294 3250
3 3251 3295 3275
3 3226 3276 3274
3 3275 3277 3227
3 3250 3296 3254
3 3255 3297 3251
3 3266 3292 3298
3 3299 3293 3267
3 3279 3285 3280
3 3281 3286 3282
3 3284 3300 3285
3 3286 3301 3287
3 3288 3258 3302
3 3303 3259 3289
3 3258 3290 3302
3 3303 3291 3259
3 3271 3304 3305
3 3306 3307 3272
3 3271 3288 3304
3 3307 3289 3272
3 3274 3308 3294
3 3295 3309 3275
3 3250 3294 3296
3 3297 3295 3251
3 3276 3310 3274
3 3275 3311 3277
3 3284 3312 3300
3 3301 3313 3287
3 3298 3292 3314
3 3315 3293 3299
3 3290 3316 3317
3 3318 3319 3291
3 3316 3320 3321
3 3322 3323 3319
3 3288 3302 3304
3 3307 3303 3289
3 3302 3290 3317
3 3318 3291 3303
3 3304 3324 3305
3 3306 3325 3307
3 3308 3326 3294
3 3295 3327 3309
3 3274 3310 3308
3 3309 3311 3275
3 3296 3294 3328
3 3329 3295 3297
3 3298 3314 3330
3 3331 3315 3299
3 3312 3332 3300
3 3301 3333 3313
3 3305 3324 3334
3 3335 3325 3306
3 3316 3321 3317
3 3318 3322 3319
3 3320 3336 3321
3 3322 3337 3323
3 3304 3302 3317
3 3318 3303 3307
3 3304 3317 3324
3 3325 3318 3307
3 3308 3338 3326
3 3327 3339 3309
3 3294 3326 3328
3 3329 3327 3295
3 3310 3340 3308
3 3309 3341 3311
3 3312 3342 3332
3 3333 3343 3313
3 3330 3314 3344
3 3345 3315 3331
3 3320 3346 3336
3 3337 3347 3323
3 3324 3348 3334
3 3335 3349 3325
3 3324 3317 3321
3 3322 3318 3325
3 3348 3321 3336
3 3337 3322 3349
3 3338 3350 3326
3 3327 3351 3339
3 3308 3340 3338
3 3339 3341 3309
3 3328 3326 3352
3 3353 3327 3329
3 3330 3344 3354
3 3355 3345 3331
3 3342 3356 3332
3 3333 3357 3343
3 3334 3348 3358
3 3359 3349 3335
3 3346 3360 3336
3 3337 3361 3347
3 3324 3321 3348
3 3349 3322 3325
3 3348 3336 3362
3 3363 3337 3349
3 3338 3364 3350
3 3351 3365 3339
3 3326 3350 3352
3 3353 3351 3327
3 3340 3366 3338
3 3339 3367 3341
3 3342 3368 3356
3 3357 3369 3343
3 3354 3344 3370
3 3371 3345 3355
3 3346 3372 3360
3 3361 3373 3347
3 3348 3362 3358
3 3359 3363 3349
3 3362 3336 3360
3 3361 3337 3363
3 3350 3364 3374
3 3375 3365 3351
3 3338 3366 3364
3 3365 3367 3339
3 3352 3350 3376
3 3377 3351 3353
3 3354 3370 3378
3 3379 3371 3355
3 3368 3380 3356
3 3357 3381 3369
3 3362 3382 3358
3 3359 3383 3363
3 3372 3384 3360
3 3361 3385 3373
3 3362 3360 3386
3 3387 3361 3363
3 3364 3388 3374
3 3375 3389 3365
3 3350 3374 3376
3 3377 3375 3351
3 3366 3390 3364
3 3365 3391 3367
3 3368 3392 3380
3 3381 3393 3369
3 3378 3370 3394
3 3395 3371 3379
3 3372 3396 3384
3 3385 3397 3373
3 3362 3386 3382
3 3383 3387 3363
3 3360 3384 3386
3 3387 3385 3361
3 3374 3388 3398
3 3399 3389 3375
3 3364 3390 3388
3 3389 3391 3365
3 3376 3374 3400
3 3401 3375 3377
3 3378 3394 3402
3 3403 3395 3379
3 3380 3392 3404
3 3405 3393 3381
3 3386 3406 3382
3 3383 3407 3387
3 3396 3408 3384
3 3385 3409 3397
3 3386 3384 3410
3 3411 3385 3387
3 3388 3412 3398
3 3399 3413 3389
3 3374 3398 3400
3 3401 3399 3375
3 3390 3414 3388
3 3389 3415 3391
3 3392 3416 3417
3 3418 3419 3393
3 3394 3420 3402
3 3403 3421 3395
3 3392 3417 3404
3 3405 3418 3393
3 3396 3422 3408
3 3409 3423 3397
3 3386 3410 3406
3 3407 3411 3387
3 3384 3408 3410
3 3411 3409 3385
3 3398 3412 3424
3 3425 3413 3399
3 3388 3414 3412
3 3413 3415 3389
3 3400 3398 3426
3 3427 3399 3401
3 3402 3428 3429
3 3430 3431 3403
3 3416 3432 3417
3 3418 3433 3419
3 3410 3434 3406
3 3407 3435 3411
3 3402 3420 3428
3 3431 3421 3403
3 3422 3436 3437
3 3438 3439 3423
3 3422 3437 3408
3 3409 3438 3423
3 3410 3408 3440
3 3441 3409 3411
3 3412 3442 3424
3 3425 3443 3413
3 3398 3424 3426
3 3427 3425 3399
3 3414 3444 3412
3 3413 3445 3415
3 3416 3446 3432
3 3433 3447 3419
3 3429 3428 3448
3 3449 3431 3430
3 3436 3450 3451
3 3452 3453 3439
3 3410 3440 3434
3 3435 3441 3411
3 3440 3454 3434
3 3435 3455 3441
3 3436 3451 3437
3 3438 3452 3439
3 3408 3437 3440
3 3441 3438 3409
3 3424 3442 3456
3 3457 3443 3425
3 3412 3444 3442
3 3443 3445 3413
3 3426 3424 3458
3 3459 3425 3427
3 3429 3448 3460
3 3461 3449 3430
3 3446 3462 3432
3 3433 3463 3447
3 3464 3465 3454
3 3455 3466 3467
3 3450 3468 3451
3 3452 3469 3453
3 3440 3464 3454
3 3455 3467 3441
3 3437 3451 3464
3 3467 3452 3438
3 3440 3437 3464
3 3467 3438 3441
3 3442 3470 3456
3 3457 3471 3443
3 3424 3456 3458
3 3459 3457 3425
3 3444 3472 3442
3 3443 3473 3445
3 3446 3474 3462
3 3463 3475 3447
3 3460 3448 3476
3 3477 3449 3461
3 3450 3478 3468
3 3469 3479 3453
3 3464 3480 3465
3 3466 3481 3467
3 3451 3468 3480
3 3481 3469 3452
3 3464 3451 3480
3 3481 3452 3467
3 3456 3470 3482
3 3483 3471 3457
3 3442 3472 3470
3 3471 3473 3443
3 3458 3456 3484
3 3485 3457 3459
3 3460 3476 3486
3 3487 3477 3461
3 3474 3488 3462
3 3463 3489 3475
3 3480 3490 3465
3 3466 3491 3481
3 3478 3492 3468
3 3469 3493 3479
3 3480 3468 3494
3 3495 3469 3481
3 3470 3496 3482
3 3483 3497 3471
3 3456 3482 3484
3 3485 3483 3457
3 3472 3498 3470
3 3471 3499 3473
3 3474 3500 3488
3 3489 3501 3475
3 3486 3476 3502
3 3503 3477 3487
3 3478 3504 3492
3 3493 3505 3479
3 3480 3494 3490
3 3491 3495 3481
3 3468 3492 3494
3 3495 3493 3469
3 3482 3496 3506
3 3507 3497 3483
3 3470 3498 3496
3 3497 3499 3471
3 3484 3482 3508
3 3509 3483 3485
3 3486 3502 3510
3 3511 3503 3487
3 3500 3512 3488
3 3489 3513 3501
3 3494 3514 3490
3 3491 3515 3495
3 3504 3516 3492
3 3493 3517 3505
3 3494 3492 3518
3 3519 3493 3495
3 3496 3520 3506
3 3507 3521 3497
3 3482 3506 3508
3 3509 3507 3483
3 3498 3522 3496
3 3497 3523 3499
3 3500 3524 3512
3 3513 3525 3501
3 3510 3502 3526
3 3527 3503 3511
3 3504 3528 3516
3 3517 3529 3505
3 3494 3518 3514
3 3515 3519 3495
3 3492 3516 3518
3 3519 3517 3493
3 3506 3520 3530
3 3531 3521 3507
3 3496 3522 3520
3 3521 3523 3497
3 3508 3506 3532
3 3533 3507 3509
3 3510 3526 3534
3 3535 3527 3511
3 3524 3536 3512
3 3513 3537 3525
3 3518 3538 3514
3 3515 3539 3519
3 3528 3540 3516
3 3517 3541 3529
3 3518 3516 3542
3 3543 3517 3519
3 3520 3544 3530
3 3531 3545 3521
3 3506 3530 3532
3 3533 3531 3507
3 3522 3546 3520
3 3521 3547 3523
3 3524 3548 3536
3 3537 3549 3525
3 3534 3526 3550
3 3551 3527 3535
3 3528 3552 3540
3 3541 3553 3529
3 3518 3542 3538
3 3539 3543 3519
3 3516 3540 3542
3 3543 3541 3517
3 3530 3544 3554
3 3555 3545 3531
3 3520 3546 3544
3 3545 3547 3521
3 3532 3530 3556
3 3557 3531 3533
3 3534 3550 3558
3 3559 3551 3535
3 3548 3560 3536
3 3537 3561 3549
3 3542 3562 3538
3 3539 3563 3543
3 3552 3564 3540
3 3541 3565 3553
3 3542 3540 3566
3 3567 3541 3543
3 3544 3568 3554
3 3555 3569 3545
3 3530 3554 3556
3 3557 3555 3531
3 3546 3570 3544
3 3545 3571 3547
3 3548 3572 3560
3 3561 3573 3549
3 3558 3550 3574
3 3575 3551 3559
3 3552 3576 3564
3 3565 3577 3553
3 3542 3566 3562
3 3563 3567 3543
3 3540 3564 3566
3 3567 3565 3541
3 3554 3568 3578
3 3579 3569 3555
3 3544 3570 3568
3 3569 3571 3545
3 3556 3554 3580
3 3581 3555 3557
3 3558 3574 3582
3 3583 3575 3559
3 3572 3584 3560
3 3561 3585 3573
3 3566 3586 3562
3 3563 3587 3567
3 3576 3588 3564
3 3565 3589 3577
3 3566 3564 3590
3 3591 3565 3567
3 3568 3592 3578
3 3579 3593 3569
3 3554 3578 3580
3 3581 3579 3555
3 3570 3594 3568
3 3569 3595 3571
3 3582 3574 3596
3 3597 3575 3583
3 3584 3598 3560
3 3561 3599 3585
3 3566 3590 3586
3 3587 3591 3567
3 3576 3600 3588
3 3589 3601 3577
3 3564 3588 3590
3 3591 3589 3565
3 3592 3602 3578
3 3579 3603 3593
3 3594 3592 3568
3 3569 3593 3595
3 3578 3602 3580
3 3581 3603 3579
3 3596 3574 3604
3 3605 3575 3597
3 3602 3606 3580
3 3581 3607 3603
3 3590 3608 3586
3 3587 3609 3591
3 3610 3611 3612
3 3613 3614 3615
3 3590 3588 3616
3 3617 3589 3591
3 3592 3618 3602
3 3603 3619 3593
3 3594 3618 3592
3 3593 3619 3595
3 3594 3620 3618
3 3619 3621 3595
3 3602 3622 3606
3 3607 3623 3603
3 3590 3616 3608
3 3609 3617 3591
3 3611 3610 3624
3 3625 3615 3614
3 3618 3622 3602
3 3603 3623 3619
3 3626 3624 3627
3 3628 3625 3629
3 3624 3610 3627
3 3628 3615 3625
3 3630 3631 3632
3 3633 3634 3635
3 3636 3630 3632
3 3633 3635 3637
3 3638 3639 3640
3 3641 3642 3643
3 3632 3631 3644
3 3645 3634 3633
3 3646 3640 3647
3 3648 3641 3649
3 3636 3632 3650
3 3651 3633 3637
3 3652 3639 3638
3 3643 3642 3653
3 3638 3640 3646
3 3649 3641 3643
3 3654 3655 3656
3 3657 3658 3659
3 3632 3644 3660
3 3661 3645 3633
3 3662 3646 3647
3 3648 3649 3663
3 3650 3632 3664
3 3665 3633 3651
3 3666 3667 3668
3 3669 3670 3671
3 3672 3652 3638
3 3643 3653 3673
3 3654 3656 3674
3 3675 3657 3659
3 3676 3677 3678
3 3679 3680 3681
3 3682 3655 3654
3 3659 3658 3683
3 3660 3644 3684
3 3685 3645 3661
3 3666 3686 3667
3 3670 3687 3671
3 3688 3646 3662
3 3663 3649 3689
3 3650 3664 3690
3 3691 3665 3651
3 3666 3668 3692
3 3693 3669 3671
3 3694 3652 3672
3 3673 3653 3695
3 3696 3697 3652
3 3653 3698 3699
3 3700 3701 3702
3 3703 3704 3705
3 3696 3706 3697
3 3698 3707 3699
3 3682 3708 3655
3 3658 3709 3683
3 3660 3684 3710
3 3711 3685 3661
3 3666 3712 3686
3 3687 3713 3671
3 3714 3688 3662
3 3663 3689 3715
3 3690 3664 3716
3 3717 3665 3691
3 3666 3692 3718
3 3719 3693 3671
3 3720 3721 3722
3 3723 3724 3725
3 3696 3652 3694
3 3695 3653 3699
3 3726 3727 3688
3 3689 3728 3729
3 3696 3730 3706
3 3707 3731 3699
3 3732 3708 3682
3 3683 3709 3733
3 3710 3684 3734
3 3735 3685 3711
3 3666 3736 3712
3 3713 3737 3671
3 3738 3688 3714
3 3715 3689 3739
3 3690 3716 3740
3 3741 3717 3691
3 3666 3718 3742
3 3743 3719 3671
3 3744 3745 3746
3 3747 3748 3749
3 3744 3750 3745
3 3748 3751 3749
3 3696 3752 3730
3 3731 3753 3699
3 3732 3754 3708
3 3709 3755 3733
3 3710 3734 3756
3 3757 3735 3711
3 3758 3736 3666
3 3671 3737 3759
3 3760 3712 3736
3 3737 3713 3761
3 3760 3762 3712
3 3713 3763 3761
3 3740 3716 3764
3 3765 3717 3741
3 3740 3764 3766
3 3767 3765 3741
3 3666 3742 3768
3 3769 3743 3671
3 3770 3750 3744
3 3749 3751 3771
3 3696 3772 3752
3 3753 3773 3699
3 3774 3754 3732
3 3733 3755 3775
3 3756 3734 3776
3 3777 3735 3757
3 3778 3758 3666
3 3671 3759 3779
3 3758 3780 3736
3 3737 3781 3759
3 3782 3760 3736
3 3737 3761 3783
3 3766 3764 3784
3 3785 3765 3767
3 3766 3784 3786
3 3787 3785 3767
3 3666 3768 3788
3 3789 3769 3671
3 3770 3790 3750
3 3751 3791 3771
3 3696 3792 3772
3 3773 3793 3699
3 3794 3795 3774
3 3775 3796 3797
3 3774 3795 3754
3 3755 3796 3775
3 3756 3776 3798
3 3799 3777 3757
3 3778 3666 3800
3 3801 3671 3779
3 3802 3803 3804
3 3805 3806 3807
3 3802 3808 3803
3 3806 3809 3807
3 3780 3782 3736
3 3737 3783 3781
3 3786 3784 3810
3 3811 3785 3787
3 3786 3810 3812
3 3813 3811 3787
3 3814 3666 3788
3 3789 3671 3815
3 3816 3817 3818
3 3819 3820 3821
3 3822 3696 3823
3 3824 3699 3825
3 3826 3792 3696
3 3699 3793 3827
3 3828 3829 3794
3 3797 3830 3831
3 3794 3829 3795
3 3796 3830 3797
3 3798 3776 3832
3 3833 3777 3799
3 3800 3666 3834
3 3835 3671 3801
3 3836 3837 3838
3 3839 3840 3841
3 3842 3802 3804
3 3805 3807 3843
3 3802 3844 3808
3 3809 3845 3807
3 3808 3846 3847
3 3848 3849 3809
3 3798 3832 3850
3 3851 3833 3799
3 3812 3810 3852
3 3853 3811 3813
3 3812 3852 3854
3 3855 3853 3813
3 3856 3666 3814
3 3815 3671 3857
3 3823 3858 3859
3 3860 3861 3824
3 3859 3822 3823
3 3824 3825 3860
3 3822 3862 3696
3 3699 3863 3825
3 3864 3826 3696
3 3699 3827 3865
3 3866 3867 3828
3 3831 3868 3869
3 3828 3867 3829
3 3830 3868 3831
3 3834 3666 3870
3 3871 3671 3835
3 3837 3872 3873
3 3874 3875 3840
3 3842 3804 3876
3 3877 3805 3843
3 3837 3873 3838
3 3839 3874 3840
3 3878 3879 3880
3 3881 3882 3883
3 3884 3885 3886
3 3887 3888 3889
3 3850 3832 3890
3 3891 3833 3851
3 3850 3890 3892
3 3893 3891 3851
3 3854 3852 3894
3 3895 3853 3855
3 3896 3854 3894
3 3895 3855 3897
3 3898 3666 3856
3 3857 3671 3899
3 3859 3900 3822
3 3825 3901 3860
3 3822 3902 3903
3 3904 3905 3825
3 3862 3906 3696
3 3699 3907 3863
3 3908 3864 3696
3 3699 3865 3909
3 3910 3911 3866
3 3869 3912 3913
3 3911 3867 3866
3 3869 3868 3912
3 3870 3666 3914
3 3915 3671 3871
3 3872 3916 3917
3 3918 3919 3875
3 3872 3917 3873
3 3874 3918 3875
3 3900 3842 3876
3 3877 3843 3901
3 3920 3921 3902
3 3905 3922 3923
3 3859 3842 3900
3 3901 3843 3860
3 3892 3890 3924
3 3925 3891 3893
3 3926 3892 3924
3 3925 3893 3927
3 3896 3894 3928
3 3929 3895 3897
3 3930 3896 3928
3 3929 3897 3931
3 3914 3666 3898
3 3899 3671 3915
3 3900 3902 3822
3 3825 3905 3901
3 3902 3932 3903
3 3904 3933 3905
3 3903 3932 3934
3 3935 3933 3904
3 3906 3936 3696
3 3699 3937 3907
3 3938 3908 3696
3 3699 3909 3939
3 3940 3941 3910
3 3913 3942 3943
3 3941 3911 3910
3 3913 3912 3942
3 3916 3944 3945
3 3946 3947 3919
3 3916 3945 3917
3 3918 3946 3919
3 3921 3948 3949
3 3950 3951 3922
3 3920 3902 3900
3 3901 3905 3923
3 3921 3949 3902
3 3905 3950 3922
3 3926 3924 3952
3 3953 3925 3927
3 3954 3926 3952
3 3953 3927 3955
3 3930 3928 3956
3 3957 3929 3931
3 3944 3930 3956
3 3957 3931 3947
3 3932 3958 3934
3 3935 3959 3933
3 3934 3958 3960
3 3961 3959 3935
3 3936 3938 3696
3 3699 3939 3937
3 3962 3963 3940
3 3943 3964 3965
3 3963 3941 3940
3 3943 3942 3964
3 3944 3956 3945
3 3946 3957 3947
3 3948 3966 3967
3 3968 3969 3951
3 3948 3967 3949
3 3950 3968 3951
3 3954 3952 3970
3 3971 3953 3955
3 3972 3954 3970
3 3971 3955 3973
3 3958 3974 3960
3 3961 3975 3959
3 3960 3974 3962
3 3965 3975 3961
3 3974 3963 3962
3 3965 3964 3975
3 3966 3972 3976
3 3977 3973 3969
3 3966 3976 3967
3 3968 3977 3969
3 3972 3970 3976
3 3977 3971 3973
3 3978 3979 3980
3 3981 3982 3983
3 3984 3978 3980
3 3981 3983 3985
3 3986 3987 3988
3 3989 3990 3991
3 3980 3979 3992
3 3993 3982 3981
3 3994 3995 3988
3 3989 3996 3997
3 3984 3980 3998
3 3999 3981 3985
3 3986 4000 3987
3 3990 4001 3991
3 3986 3988 3995
3 3996 3989 3991
3 3979 4002 3992
3 3993 4003 3982
3 3980 3992 4004
3 4005 3993 3981
3 4006 4007 4008
3 4009 4010 4011
3 3998 3980 4004
3 4005 3981 3999
3 4012 4013 4014
3 4015 4016 4017
3 4018 4019 4020
3 4021 4022 4023
3 3979 4024 4002
3 4003 4025 3982
3 4008 4019 4018
3 4023 4022 4009
3 4002 4026 3992
3 3993 4027 4003
3 4004 3992 4028
3 4029 3993 4005
3 4008 4007 4030
3 4031 4010 4009
3 3998 4004 4032
3 4033 4005 3999
3 4034 4012 4014
3 4015 4017 4035
3 4020 4019 4036
3 4037 4022 4021
3 4038 4039 4040
3 4041 4042 4043
3 4008 4030 4019
3 4022 4031 4009
3 4044 4045 4039
3 4042 4046 4047
3 3992 4026 4028
3 4029 4027 3993
3 4004 4028 4048
3 4049 4029 4005
3 4007 4050 4030
3 4031 4051 4010
3 4048 4032 4004
3 4005 4033 4049
3 4034 4014 4052
3 4053 4015 4035
3 4050 4007 4054
3 4055 4010 4051
3 4019 4056 4036
3 4037 4057 4022
3 4044 4039 4038
3 4043 4042 4047
3 4030 4056 4019
3 4022 4057 4031
3 4058 4045 4044
3 4047 4046 4059
3 4026 4060 4028
3 4029 4061 4027
3 4048 4028 4062
3 4063 4029 4049
3 4030 4050 4056
3 4057 4051 4031
3 4064 4032 4048
3 4049 4033 4065
3 4066 4034 4052
3 4053 4035 4067
3 4050 4054 4068
3 4069 4055 4051
3 4070 4036 4056
3 4057 4037 4071
3 4070 4072 4036
3 4037 4073 4071
3 4074 4075 4072
3 4073 4076 4077
3 4058 4078 4045
3 4046 4079 4059
3 4028 4060 4062
3 4063 4061 4029
3 4062 4080 4048
3 4049 4081 4063
3 4050 4070 4056
3 4057 4071 4051
3 4080 4064 4048
3 4049 4065 4081
3 4066 4052 4082
3 4083 4053 4067
3 4068 4054 4084
3 4085 4055 4069
3 4050 4068 4070
3 4071 4069 4051
3 4074 4072 4070
3 4071 4073 4077
3 4086 4075 4074
3 4077 4076 4087
3 4088 4078 4058
3 4059 4079 4089
3 4060 4090 4062
3 4063 4091 4061
3 4062 4092 4080
3 4081 4093 4063
3 4094 4064 4080
3 4081 4065 4095
3 4096 4066 4082
3 4083 4067 4097
3 4068 4084 4098
3 4099 4085 4069
3 4068 4074 4070
3 4071 4077 4069
3 4098 4086 4074
3 4077 4087 4099
3 4086 4100 4075
3 4076 4101 4087
3 4088 4102 4078
3 4079 4103 4089
3 4062 4090 4092
3 4093 4091 4063
3 4080 4092 4104
3 4105 4093 4081
3 4104 4094 4080
3 4081 4095 4105
3 4096 4082 4106
3 4107 4083 4097
3 4098 4084 4108
3 4109 4085 4099
3 4068 4098 4074
3 4077 4099 4069
3 4098 4110 4086
3 4087 4111 4099
3 4112 4100 4086
3 4087 4101 4113
3 4114 4102 4088
3 4089 4103 4115
3 4090 4116 4092
3 4093 4117 4091
3 4092 4118 4104
3 4105 4119 4093
3 4120 4094 4104
3 4105 4095 4121
3 4122 4096 4106
3 4107 4097 4123
3 4098 4108 4110
3 4111 4109 4099
3 4110 4112 4086
3 4087 4113 4111
3 4112 4124 4100
3 4101 4125 4113
3 4126 4102 4114
3 4115 4103 4127
3 4126 4128 4102
3 4103 4129 4127
3 4092 4116 4118
3 4119 4117 4093
3 4104 4118 4130
3 4131 4119 4105
3 4130 4120 4104
3 4105 4121 4131
3 4132 4106 4133
3 4134 4107 4135
3 4132 4122 4106
3 4107 4123 4135
3 4110 4108 4136
3 4137 4109 4111
3 4110 4138 4112
3 4113 4139 4111
3 4140 4124 4112
3 4113 4125 4141
3 4140 4142 4124
3 4125 4143 4141
3 4144 4128 4126
3 4127 4129 4145
3 4116 4146 4118
3 4119 4147 4117
3 4118 4148 4130
3 4131 4149 4119
3 4150 4120 4130
3 4131 4121 4151
3 4152 4132 4133
3 4134 4135 4153
3 4138 4136 4154
3 4155 4137 4139
3 4110 4136 4138
3 4139 4137 4111
3 4138 4140 4112
3 4113 4141 4139
3 4156 4142 4140
3 4141 4143 4157
3 4156 4158 4142
3 4143 4159 4157
3 4144 4160 4128
3 4129 4161 4145
3 4118 4146 4148
3 4149 4147 4119
3 4130 4148 4162
3 4163 4149 4131
3 4162 4150 4130
3 4131 4151 4163
3 4152 4133 4164
3 4165 4134 4153
3 4166 4154 4167
3 4168 4155 4169
3 4138 4154 4166
3 4169 4155 4139
3 4138 4166 4140
3 4141 4169 4139
3 4166 4156 4140
3 4141 4157 4169
3 4170 4158 4156
3 4157 4159 4171
3 4172 4160 4144
3 4145 4161 4173
3 4146 4174 4148
3 4149 4175 4147
3 4148 4176 4162
3 4163 4177 4149
3 4178 4150 4162
3 4163 4151 4179
3 4180 4152 4164
3 4165 4153 4181
3 4166 4167 4182
3 4183 4168 4169
3 4166 4182 4156
3 4157 4183 4169
3 4182 4170 4156
3 4157 4171 4183
3 4170 4184 4158
3 4159 4185 4171
3 4172 4186 4160
3 4161 4187 4173
3 4148 4174 4176
3 4177 4175 4149
3 4176 4188 4162
3 4163 4189 4177
3 4188 4178 4162
3 4163 4179 4189
3 4180 4164 4190
3 4191 4165 4181
3 4182 4167 4192
3 4193 4168 4183
3 4182 4194 4170
3 4171 4195 4183
3 4196 4184 4170
3 4171 4185 4197
3 4198 4186 4172
3 4173 4187 4199
3 4174 4200 4176
3 4177 4201 4175
3 4176 4202 4188
3 4189 4203 4177
3 4204 4178 4188
3 4189 4179 4205
3 4206 4180 4190
3 4191 4181 4207
3 4182 4192 4194
3 4195 4193 4183
3 4194 4196 4170
3 4171 4197 4195
3 4196 4208 4184
3 4185 4209 4197
3 4198 4210 4186
3 4187 4211 4199
3 4176 4200 4202
3 4203 4201 4177
3 4202 4212 4188
3 4189 4213 4203
3 4212 4204 4188
3 4189 4205 4213
3 4206 4190 4214
3 4215 4191 4207
3 4194 4192 4216
3 4217 4193 4195
3 4194 4218 4196
3 4197 4219 4195
3 4220 4208 4196
3 4197 4209 4221
3 4222 4210 4198
3 4199 4211 4223
3 4200 4224 4202
3 4203 4225 4201
3 4202 4226 4212
3 4213 4227 4203
3 4228 4204 4212
3 4213 4205 4229
3 4230 4206 4214
3 4215 4207 4231
3 4194 4216 4218
3 4219 4217 4195
3 4196 4218 4220
3 4221 4219 4197
3 4220 4232 4208
3 4209 4233 4221
3 4222 4234 4210
3 4211 4235 4223
3 4202 4224 4226
3 4227 4225 4203
3 4226 4236 4212
3 4213 4237 4227
3 4236 4228 4212
3 4213 4229 4237
3 4230 4214 4238
3 4239 4215 4231
3 4218 4216 4240
3 4241 4217 4219
3 4218 4242 4220
3 4221 4243 4219
3 4244 4232 4220
3 4221 4233 4245
3 4246 4234 4222
3 4223 4235 4247
3 4224 4248 4226
3 4227 4249 4225
3 4226 4250 4236
3 4237 4251 4227
3 4252 4228 4236
3 4237 4229 4253
3 4254 4230 4238
3 4239 4231 4255
3 4218 4240 4242
3 4243 4241 4219
3 4220 4242 4244
3 4245 4243 4221
3 4244 4256 4232
3 4233 4257 4245
3 4246 4258 4234
3 4235 4259 4247
3 4226 4248 4250
3 4251 4249 4227
3 4250 4260 4236
3 4237 4261 4251
3 4260 4252 4236
3 4237 4253 4261
3 4254 4238 4262
3 4263 4239 4255
3 4242 4240 4264
3 4265 4241 4243
3 4242 4266 4244
3 4245 4267 4243
3 4268 4256 4244
3 4245 4257 4269
3 4270 4258 4246
3 4247 4259 4271
3 4248 4272 4250
3 4251 4273 4249
3 4250 4274 4260
3 4261 4275 4251
3 4276 4252 4260
3 4261 4253 4277
3 4278 4254 4262
3 4263 4255 4279
3 4242 4264 4266
3 4267 4265 4243
3 4266 4268 4244
3 4245 4269 4267
3 4268 4280 4256
3 4257 4281 4269
3 4270 4282 4258
3 4259 4283 4271
3 4250 4272 4274
3 4275 4273 4251
3 4274 4284 4260
3 4261 4285 4275
3 4284 4276 4260
3 4261 4277 4285
3 4278 4262 4286
3 4287 4263 4279
3 4266 4264 4288
3 4289 4265 4267
3 4266 4290 4268
3 4269 4291 4267
3 4292 4280 4268
3 4269 4281 4293
3 4294 4282 4270
3 4271 4283 4295
3 4272 4296 4274
3 4275 4297 4273
3 4274 4298 4284
3 4285 4299 4275
3 4300 4276 4284
3 4285 4277 4301
3 4302 4278 4286
3 4287 4279 4303
3 4266 4288 4290
3 4291 4289 4267
3 4290 4292 4268
3 4269 4293 4291
3 4280 4292 4304
3 4305 4293 4281
3 4294 4306 4282
3 4283 4307 4295
3 4274 4296 4298
3 4299 4297 4275
3 4298 4308 4284
3 4285 4309 4299
3 4308 4300 4284
3 4285 4301 4309
3 4302 4286 4310
3 4311 4287 4303
3 4290 4288 4312
3 4313 4289 4291
3 4290 4314 4292
3 4293 4315 4291
3 4292 4316 4304
3 4305 4317 4293
3 4294 4318 4306
3 4307 4319 4295
3 4296 4320 4298
3 4299 4321 4297
3 4298 4322 4308
3 4309 4323 4299
3 4300 4308 4324
3 4325 4309 4301
3 4302 4310 4326
3 4327 4311 4303
3 4290 4312 4314
3 4315 4313 4291
3 4314 4316 4292
3 4293 4317 4315
3 4304 4316 4328
3 4329 4317 4305
3 4330 4318 4294
3 4295 4319 4331
3 4298 4320 4322
3 4323 4321 4299
3 4322 4332 4308
3 4309 4333 4323
3 4324 4308 4332
3 4333 4309 4325
3 4334 4302 4326
3 4327 4303 4335
3 4314 4312 4336
3 4337 4313 4315
3 4314 4338 4316
3 4317 4339 4315
3 4316 4340 4328
3 4329 4341 4317
3 4330 4342 4318
3 4319 4343 4331
3 4320 4344 4322
3 4323 4345 4321
3 4322 4346 4332
3 4333 4347 4323
3 4324 4332 4348
3 4349 4333 4325
3 4334 4326 4350
3 4351 4327 4335
3 4314 4336 4338
3 4339 4337 4315
3 4316 4338 4340
3 4341 4339 4317
3 4328 4340 4352
3 4353 4341 4329
3 4354 4342 4330
3 4331 4343 4355
3 4322 4344 4346
3 4347 4345 4323
3 4332 4346 4356
3 4357 4347 4333
3 4348 4332 4356
3 4357 4333 4349
3 4358 4334 4350
3 4351 4335 4359
3 4338 4336 4360
3 4361 4337 4339
3 4338 4362 4340
3 4341 4363 4339
3 4364 4365 4366
3 4367 4368 4369
3 4370 4344 4371
3 4372 4345 4373
3 4346 4344 4370
3 4373 4345 4347
3 4356 4346 4370
3 4373 4347 4357
3 4348 4356 4374
3 4375 4357 4349
3 4348 4374 4376
3 4377 4375 4349
3 4338 4360 4362
3 4363 4361 4339
3 4378 4364 4366
3 4367 4369 4379
3 4370 4371 4380
3 4381 4372 4373
3 4356 4370 4374
3 4375 4373 4357
3 4382 4383 4378
3 4379 4384 4385
3 4378 4383 4364
3 4369 4384 4379
3 4374 4370 4380
3 4381 4373 4375
3 4386 4387 4388
3 4389 4390 4391
3 4387 4392 4388
3 4389 4393 4390
3 4394 4395 4396
3 4397 4398 4399
3 4400 4387 4386
3 4391 4390 4401
3 4387 4402 4392
3 4393 4403 4390
3 4404 4405 4406
3 4407 4408 4409
3 4394 4396 4410
3 4411 4397 4399
3 4412 4396 4395
3 4398 4397 4413
3 4400 4414 4387
3 4390 4415 4401
3 4416 4394 4410
3 4411 4399 4417
3 4402 4418 4392
3 4393 4419 4403
3 4414 4420 4387
3 4390 4421 4415
3 4404 4422 4405
3 4408 4423 4409
3 4424 4404 4406
3 4407 4409 4425
3 4426 4427 4428
3 4429 4430 4431
3 4432 4396 4412
3 4413 4397 4433
3 4434 4435 4436
3 4437 4438 4439
3 4416 4410 4440
3 4441 4411 4417
3 4402 4442 4418
3 4419 4443 4403
3 4424 4406 4444
3 4445 4407 4425
3 4414 4446 4420
3 4421 4447 4415
3 4448 4412 4449
3 4450 4413 4451
3 4448 4449 4452
3 4453 4450 4451
3 4426 4428 4454
3 4455 4429 4431
3 4412 4456 4432
3 4433 4457 4413
3 4434 4446 4435
3 4438 4447 4439
3 4434 4436 4458
3 4459 4437 4439
3 4410 4454 4440
3 4441 4455 4411
3 4442 4460 4418
3 4419 4461 4443
3 4446 4462 4420
3 4421 4463 4447
3 4464 4424 4444
3 4445 4425 4465
3 4448 4456 4412
3 4413 4457 4451
3 4448 4452 4466
3 4467 4453 4451
3 4454 4428 4468
3 4469 4429 4455
3 4428 4470 4468
3 4469 4471 4429
3 4434 4472 4446
3 4447 4473 4439
3 4434 4458 4474
3 4475 4459 4439
3 4476 4440 4454
3 4455 4441 4477
3 4442 4478 4460
3 4461 4479 4443
3 4464 4444 4480
3 4481 4445 4465
3 4446 4472 4462
3 4463 4473 4447
3 4482 4483 4484
3 4485 4486 4487
3 4448 4466 4488
3 4489 4467 4451
3 4454 4468 4476
3 4477 4469 4455
3 4490 4483 4482
3 4487 4486 4491
3 4434 4492 4472
3 4473 4493 4439
3 4434 4474 4494
3 4495 4475 4439
3 4478 4496 4460
3 4461 4497 4479
3 4472 4498 4462
3 4463 4499 4473
3 4500 4464 4480
3 4481 4465 4501
3 4482 4484 4502
3 4503 4485 4487
3 4448 4488 4504
3 4505 4489 4451
3 4506 4474 4507
3 4508 4475 4509
3 4434 4510 4492
3 4493 4511 4439
3 4472 4492 4498
3 4499 4493 4473
3 4494 4474 4506
3 4509 4475 4495
3 4512 4434 4494
3 4495 4439 4513
3 4478 4514 4496
3 4497 4515 4479
3 4500 4480 4516
3 4517 4481 4501
3 4502 4484 4518
3 4519 4485 4503
3 4520 4494 4506
3 4509 4495 4521
3 4522 4500 4516
3 4517 4501 4523
3 4448 4504 4524
3 4525 4505 4451
3 4434 4526 4510
3 4511 4527 4439
3 4492 4510 4528
3 4529 4511 4493
3 4492 4528 4498
3 4499 4529 4493
3 4512 4494 4530
3 4531 4495 4513
3 4532 4434 4512
3 4513 4439 4533
3 4514 4534 4496
3 4497 4535 4515
3 4536 4537 4448
3 4451 4538 4539
3 4540 4541 4542
3 4543 4544 4545
3 4530 4494 4520
3 4521 4495 4531
3 4522 4516 4546
3 4547 4517 4523
3 4548 4522 4546
3 4547 4523 4549
3 4550 4448 4524
3 4525 4451 4551
3 4552 4526 4434
3 4439 4527 4553
3 4510 4526 4554
3 4555 4527 4511
3 4510 4554 4528
3 4529 4555 4511
3 4556 4557 4558
3 4559 4560 4561
3 4562 4557 4556
3 4561 4560 4563
3 4532 4564 4434
3 4439 4565 4533
3 4514 4566 4534
3 4535 4567 4515
3 4536 4448 4568
3 4569 4451 4539
3 4570 4537 4536
3 4539 4538 4571
3 4537 4570 4572
3 4573 4571 4538
3 4558 4541 4540
3 4545 4544 4559
3 4548 4546 4574
3 4575 4547 4549
3 4576 4548 4574
3 4575 4549 4577
3 4578 4448 4550
3 4551 4451 4579
3 4580 4552 4434
3 4439 4553 4581
3 4526 4552 4582
3 4583 4553 4527
3 4526 4582 4554
3 4555 4583 4527
3 4556 4558 4540
3 4545 4559 4561
3 4562 4556 4584
3 4585 4561 4563
3 4586 4587 4588
3 4589 4590 4591
3 4564 4592 4434
3 4439 4593 4565
3 4566 4594 4534
3 4535 4595 4567
3 4568 4448 4596
3 4597 4451 4569
3 4536 4598 4599
3 4600 4601 4539
3 4570 4536 4602
3 4603 4539 4571
3 4570 4604 4605
3 4606 4607 4571
3 4608 4576 4574
3 4575 4577 4609
3 4610 4576 4608
3 4609 4577 4611
3 4612 4448 4578
3 4579 4451 4613
3 4614 4580 4434
3 4439 4581 4615
3 4580 4616 4552
3 4553 4617 4581
3 4552 4616 4582
3 4583 4617 4553
3 4566 4618 4594
3 4595 4619 4567
3 4584 4604 4570
3 4571 4607 4585
3 4562 4584 4620
3 4621 4585 4563
3 4588 4587 4622
3 4623 4590 4589
3 4588 4622 4624
3 4625 4623 4589
3 4592 4626 4434
3 4439 4627 4593
3 4596 4448 4628
3 4629 4451 4597
3 4598 4630 4631
3 4632 4633 4601
3 4602 4536 4599
3 4600 4539 4603
3 4599 4598 4631
3 4632 4601 4600
3 4584 4570 4602
3 4603 4571 4585
3 4618 4634 4594
3 4595 4635 4619
3 4636 4610 4608
3 4609 4611 4637
3 4638 4610 4636
3 4637 4611 4639
3 4640 4448 4612
3 4613 4451 4641
3 4642 4614 4434
3 4439 4615 4643
3 4644 4645 4580
3 4581 4646 4647
3 4580 4645 4616
3 4617 4646 4581
3 4648 4634 4618
3 4619 4635 4649
3 4620 4584 4602
3 4603 4585 4621
3 4650 4599 4651
3 4652 4600 4653
3 4624 4622 4654
3 4655 4623 4625
3 4624 4654 4656
3 4657 4655 4625
3 4626 4642 4434
3 4439 4643 4627
3 4628 4448 4640
3 4641 4451 4629
3 4630 4658 4659
3 4660 4661 4633
3 4631 4630 4659
3 4660 4633 4632
3 4650 4602 4599
3 4600 4603 4653
3 4651 4599 4662
3 4663 4600 4652
3 4648 4664 4634
3 4635 4665 4649
3 4666 4638 4636
3 4637 4639 4667
3 4668 4638 4666
3 4667 4639 4669
3 4670 4671 4644
3 4647 4672 4673
3 4644 4671 4645
3 4646 4672 4647
3 4674 4664 4648
3 4649 4665 4675
3 4651 4662 4676
3 4677 4663 4652
3 4656 4654 4678
3 4679 4655 4657
3 4656 4678 4670
3 4673 4679 4657
3 4658 4668 4680
3 4681 4669 4661
3 4659 4658 4680
3 4681 4661 4660
3 4676 4662 4682
3 4683 4663 4677
3 4674 4684 4664
3 4665 4685 4675
3 4680 4668 4666
3 4667 4669 4681
3 4670 4678 4671
3 4672 4679 4673
3 4686 4684 4674
3 4675 4685 4687
3 4676 4682 4688
3 4689 4683 4677
3 4688 4682 4690
3 4691 4683 4689
3 4686 4690 4684
3 4685 4691 4687
3 4688 4690 4686
3 4687 4691 4689
3 4692 4693 4694
3 4695 4696 4697
3 4698 4692 4694
3 4695 4697 4699
3 4700 4701 4702
3 4703 4704 4705
3 4694 4693 4706
3 4707 4696 4695
3 4698 4694 4708
3 4709 4695 4699
3 4710 4692 4698
3 4699 4697 4711
3 4712 4701 4700
3 4705 4704 4713
3 4700 4702 4714
3 4715 4703 4705
3 4694 4706 4716
3 4717 4707 4695
3 4718 4701 4712
3 4713 4704 4719
3 4720 4698 4708
3 4709 4699 4721
3 4708 4694 4716
3 4717 4695 4709
3 4710 4722 4692
3 4697 4723 4711
3 4710 4698 4724
3 4725 4699 4711
3 4726 4727 4728
3 4729 4730 4731
3 4726 4728 4732
3 4733 4729 4731
3 4734 4735 4736
3 4737 4738 4739
3 4740 4741 4727
3 4730 4742 4743
3 4720 4708 4744
3 4745 4709 4721
3 4698 4720 4724
3 4725 4721 4699
3 4708 4716 4746
3 4747 4717 4709
3 4748 4749 4750
3 4751 4752 4753
3 4754 4750 4755
3 4756 4751 4757
3 4726 4758 4727
3 4730 4759 4731
3 4760 4726 4732
3 4733 4731 4761
3 4762 4735 4734
3 4739 4738 4763
3 4758 4740 4727
3 4730 4743 4759
3 4764 4720 4744
3 4745 4721 4765
3 4744 4708 4746
3 4747 4709 4745
3 4724 4720 4766
3 4767 4721 4725
3 4762 4768 4735
3 4738 4769 4763
3 4754 4748 4750
3 4751 4753 4757
3 4770 4754 4755
3 4756 4757 4771
3 4772 4758 4726
3 4731 4759 4773
3 4760 4772 4726
3 4731 4773 4761
3 4774 4775 4740
3 4743 4776 4777
3 4774 4740 4758
3 4759 4743 4777
3 4744 4778 4764
3 4765 4779 4745
3 4720 4764 4766
3 4767 4765 4721
3 4780 4744 4746
3 4747 4745 4781
3 4770 4755 4782
3 4783 4756 4771
3 4784 4768 4762
3 4763 4769 4785
3 4786 4760 4787
3 4788 4761 4789
3 4790 4787 4791
3 4792 4788 4793
3 4772 4774 4758
3 4759 4777 4773
3 4786 4772 4760
3 4761 4773 4789
3 4774 4794 4775
3 4776 4795 4777
3 4764 4778 4796
3 4797 4779 4765
3 4778 4744 4780
3 4781 4745 4779
3 4766 4764 4798
3 4799 4765 4767
3 4784 4800 4768
3 4769 4801 4785
3 4802 4770 4782
3 4783 4771 4803
3 4794 4804 4775
3 4776 4805 4795
3 4790 4786 4787
3 4788 4789 4793
3 4806 4790 4791
3 4792 4793 4807
3 4786 4774 4772
3 4773 4777 4789
3 4786 4794 4774
3 4777 4795 4789
3 4778 4808 4796
3 4797 4809 4779
3 4764 4796 4798
3 4799 4797 4765
3 4810 4778 4780
3 4781 4779 4811
3 4802 4782 4812
3 4813 4783 4803
3 4814 4800 4784
3 4785 4801 4815
3 4806 4791 4816
3 4817 4792 4807
3 4794 4818 4804
3 4805 4819 4795
3 4790 4794 4786
3 4789 4795 4793
3 4818 4790 4806
3 4807 4793 4819
3 4796 4808 4820
3 4821 4809 4797
3 4808 4778 4810
3 4811 4779 4809
3 4798 4796 4822
3 4823 4797 4799
3 4814 4824 4800
3 4801 4825 4815
3 4826 4802 4812
3 4813 4803 4827
3 4818 4828 4804
3 4805 4829 4819
3 4830 4806 4816
3 4817 4807 4831
3 4790 4818 4794
3 4795 4819 4793
3 4818 4806 4832
3 4833 4807 4819
3 4808 4834 4820
3 4821 4835 4809
3 4796 4820 4822
3 4823 4821 4797
3 4836 4808 4810
3 4811 4809 4837
3 4838 4812 4839
3 4840 4813 4841
3 4842 4824 4814
3 4815 4825 4843
3 4838 4826 4812
3 4813 4827 4841
3 4830 4816 4844
3 4845 4817 4831
3 4818 4832 4828
3 4829 4833 4819
3 4806 4830 4832
3 4833 4831 4807
3 4820 4834 4846
3 4847 4835 4821
3 4834 4808 4836
3 4837 4809 4835
3 4822 4820 4848
3 4849 4821 4823
3 4850 4851 4824
3 4825 4852 4853
3 4854 4838 4839
3 4840 4841 4855
3 4832 4856 4828
3 4829 4857 4833
3 4850 4824 4842
3 4843 4825 4853
3 4858 4844 4859
3 4860 4845 4861
3 4858 4830 4844
3 4845 4831 4861
3 4832 4830 4862
3 4863 4831 4833
3 4834 4864 4846
3 4847 4865 4835
3 4820 4846 4848
3 4849 4847 4821
3 4866 4834 4836
3 4837 4835 4867
3 4854 4839 4868
3 4869 4840 4855
3 4870 4851 4850
3 4853 4852 4871
3 4872 4859 4873
3 4874 4860 4875
3 4832 4862 4856
3 4857 4863 4833
3 4862 4876 4856
3 4857 4877 4863
3 4872 4858 4859
3 4860 4861 4875
3 4830 4858 4862
3 4863 4861 4831
3 4846 4864 4878
3 4879 4865 4847
3 4864 4834 4866
3 4867 4835 4865
3 4848 4846 4880
3 4881 4847 4849
3 4870 4882 4851
3 4852 4883 4871
3 4884 4854 4868
3 4869 4855 4885
3 4886 4887 4876
3 4877 4888 4889
3 4890 4872 4873
3 4874 4875 4891
3 4862 4886 4876
3 4877 4889 4863
3 4858 4872 4886
3 4889 4875 4861
3 4862 4858 4886
3 4889 4861 4863
3 4864 4892 4878
3 4879 4893 4865
3 4846 4878 4880
3 4881 4879 4847
3 4894 4864 4866
3 4867 4865 4895
3 4884 4868 4896
3 4897 4869 4885
3 4898 4882 4870
3 4871 4883 4899
3 4890 4873 4900
3 4901 4874 4891
3 4886 4902 4887
3 4888 4903 4889
3 4872 4890 4902
3 4903 4891 4875
3 4886 4872 4902
3 4903 4875 4889
3 4878 4892 4904
3 4905 4893 4879
3 4892 4864 4894
3 4895 4865 4893
3 4880 4878 4906
3 4907 4879 4881
3 4898 4908 4882
3 4883 4909 4899
3 4910 4884 4896
3 4897 4885 4911
3 4902 4912 4887
3 4888 4913 4903
3 4914 4890 4900
3 4901 4891 4915
3 4902 4890 4916
3 4917 4891 4903
3 4892 4918 4904
3 4905 4919 4893
3 4878 4904 4906
3 4907 4905 4879
3 4920 4892 4894
3 4895 4893 4921
3 4910 4896 4922
3 4923 4897 4911
3 4924 4908 4898
3 4899 4909 4925
3 4914 4900 4926
3 4927 4901 4915
3 4902 4916 4912
3 4913 4917 4903
3 4890 4914 4916
3 4917 4915 4891
3 4904 4918 4928
3 4929 4919 4905
3 4918 4892 4920
3 4921 4893 4919
3 4906 4904 4930
3 4931 4905 4907
3 4924 4932 4908
3 4909 4933 4925
3 4934 4910 4922
3 4923 4911 4935
3 4916 4936 4912
3 4913 4937 4917
3 4938 4914 4926
3 4927 4915 4939
3 4916 4914 4940
3 4941 4915 4917
3 4918 4942 4928
3 4929 4943 4919
3 4904 4928 4930
3 4931 4929 4905
3 4944 4918 4920
3 4921 4919 4945
3 4934 4922 4946
3 4947 4923 4935
3 4948 4932 4924
3 4925 4933 4949
3 4938 4926 4950
3 4951 4927 4939
3 4916 4940 4936
3 4937 4941 4917
3 4914 4938 4940
3 4941 4939 4915
3 4928 4942 4952
3 4953 4943 4929
3 4942 4918 4944
3 4945 4919 4943
3 4930 4928 4954
3 4955 4929 4931
3 4948 4956 4932
3 4933 4957 4949
3 4958 4934 4946
3 4947 4935 4959
3 4940 4960 4936
3 4937 4961 4941
3 4962 4938 4950
3 4951 4939 4963
3 4940 4938 4964
3 4965 4939 4941
3 4942 4966 4952
3 4953 4967 4943
3 4928 4952 4954
3 4955 4953 4929
3 4968 4942 4944
3 4945 4943 4969
3 4958 4946 4970
3 4971 4947 4959
3 4972 4956 4948
3 4949 4957 4973
3 4962 4950 4974
3 4975 4951 4963
3 4940 4964 4960
3 4961 4965 4941
3 4938 4962 4964
3 4965 4963 4939
3 4952 4966 4976
3 4977 4967 4953
3 4966 4942 4968
3 4969 4943 4967
3 4954 4952 4978
3 4979 4953 4955
3 4972 4980 4956
3 4957 4981 4973
3 4982 4958 4970
3 4971 4959 4983
3 4964 4984 4960
3 4961 4985 4965
3 4986 4962 4974
3 4975 4963 4987
3 4964 4962 4988
3 4989 4963 4965
3 4966 4990 4976
3 4977 4991 4967
3 4952 4976 4978
3 4979 4977 4953
3 4992 4966 4968
3 4969 4967 4993
3 4982 4970 4994
3 4995 4971 4983
3 4996 4980 4972
3 4973 4981 4997
3 4986 4974 4998
3 4999 4975 4987
3 4964 4988 4984
3 4985 4989 4965
3 4962 4986 4988
3 4989 4987 4963
3 4976 4990 5000
3 5001 4991 4977
3 4990 4966 4992
3 4993 4967 4991
3 4978 4976 5002
3 5003 4977 4979
3 4996 5004 4980
3 4981 5005 4997
3 5006 4982 4994
3 4995 4983 5007
3 4988 5008 4984
3 4985 5009 4989
3 5010 4986 4998
3 4999 4987 5011
3 4988 4986 5012
3 5013 4987 4989
3 4990 5014 5000
3 5001 5015 4991
3 4976 5000 5002
3 5003 5001 4977
3 5016 4990 4992
3 4993 4991 5017
3 5006 4994 5018
3 5019 4995 5007
3 5020 5004 4996
3 4997 5005 5021
3 4998 5022 5010
3 5011 5023 4999
3 4988 5012 5008
3 5009 5013 4989
3 4986 5010 5012
3 5013 5011 4987
3 5000 5014 5024
3 5025 5015 5001
3 5014 4990 5016
3 5017 4991 5015
3 5002 5000 5026
3 5027 5001 5003
3 5020 5028 5004
3 5005 5029 5021
3 5006 5018 5030
3 5031 5019 5007
3 5012 5032 5008
3 5009 5033 5013
3 5010 5022 5034
3 5035 5023 5011
3 5012 5010 5036
3 5037 5011 5013
3 5024 5014 5038
3 5039 5015 5025
3 5000 5024 5026
3 5027 5025 5001
3 5016 5040 5014
3 5015 5041 5017
3 5020 5042 5028
3 5029 5043 5021
3 5044 5006 5030
3 5031 5007 5045
3 5012 5036 5032
3 5033 5037 5013
3 5022 5046 5034
3 5035 5047 5023
3 5010 5034 5036
3 5037 5035 5011
3 5024 5038 5048
3 5049 5039 5025
3 5040 5038 5014
3 5015 5039 5041
3 5026 5024 5050
3 5051 5025 5027
3 5052 5042 5020
3 5021 5043 5053
3 5044 5030 5054
3 5055 5031 5045
3 5036 5056 5032
3 5033 5057 5037
3 5034 5046 5058
3 5059 5047 5035
3 5036 5034 5060
3 5061 5035 5037
3 5048 5038 5062
3 5063 5039 5049
3 5024 5048 5050
3 5051 5049 5025
3 5040 5064 5038
3 5039 5065 5041
3 5052 5066 5042
3 5043 5067 5053
3 5068 5044 5054
3 5055 5045 5069
3 5036 5060 5056
3 5057 5061 5037
3 5046 5070 5058
3 5059 5071 5047
3 5034 5058 5060
3 5061 5059 5035
3 5072 5048 5062
3 5063 5049 5073
3 5062 5038 5064
3 5065 5039 5063
3 5050 5048 5072
3 5073 5049 5051
3 5074 5066 5052
3 5053 5067 5075
3 5076 5050 5072
3 5073 5051 5077
3 5060 5078 5056
3 5057 5079 5061
3 5080 5081 5082
3 5083 5084 5085
3 5060 5058 5086
3 5087 5059 5061
3 5072 5062 5088
3 5089 5063 5073
3 5088 5062 5064
3 5065 5063 5089
3 5088 5064 5090
3 5091 5065 5089
3 5076 5072 5092
3 5093 5073 5077
3 5060 5086 5078
3 5079 5087 5061
3 5082 5081 5094
3 5095 5084 5083
3 5092 5072 5088
3 5089 5073 5093
3 5096 5094 5097
3 5098 5095 5099
3 5094 5081 5097
3 5098 5084 5095
