OFF
3075 3275 0
2.970233 18.570294 13.745450
2.987960 20.310088 12.209145
2.314340 20.391323 12.994716
3.315906 19.399573 12.584512
3.643853 18.489058 12.959878
9.529163 0.360001 21.252787
10.202783 0.278765 20.467215
16.684902 18.658298 -3.764145
16.739560 18.506546 -3.701584
16.794218 18.354793 -3.639023
16.399796 18.257198 -3.052748
16.454453 18.105445 -2.990186
16.509111 17.953693 -2.927625
16.563769 17.801940 -2.865064
16.848876 18.203041 -3.576462
2.314340 20.391323 12.994716
15.966450 18.166516 -4.329356
1.595888 19.899541 12.429506
2.987960 20.310088 12.209145
16.684902 18.658298 -3.764145
10.185056 -1.461028 22.003520
10.530730 -0.631749 20.842582
10.858676 -1.542264 21.217949
16.454453 18.105445 -2.990186
-8.397221 0.905235 -22.521593
-8.451879 1.056988 -22.584154
16.509111 17.953693 -2.927625
-8.057456 1.154583 -23.170430
16.399796 18.257198 -3.052748
-8.506536 1.208740 -22.646715
16.848876 18.203041 -3.576462
16.794218 18.354793 -3.639023
-8.057456 1.154583 -23.170430
-8.112114 1.306335 -23.232991
16.848876 18.203041 -3.576462
-6.066074 3.085188 -21.662481
-8.166772 1.458088 -23.295552
-8.221430 1.609840 -23.358113
16.739560 18.506546 -3.701584
15.966450 18.166516 -4.329356
16.684902 18.658298 -3.764145
15.966450 18.166516 -4.329356
-20.436637 4.818213 -4.903620
1.595888 19.899541 12.429506
-6.066074 3.085188 -21.662481
23.837167 -3.685836 4.679448
10.185056 -1.461028 22.003520
9.466604 -1.952811 21.438310
10.858676 -1.542264 21.217949
24.555619 -3.194054 5.244659
23.778592 -2.229382 5.393006
23.833250 -2.381134 5.455567
23.887908 -2.532887 5.518128
23.942566 -2.684639 5.580690
24.391646 -2.738796 5.056975
24.446303 -2.890549 5.119536
24.500961 -3.042301 5.182097
24.555619 -3.194054 5.244659
-8.397221 0.905235 -22.521593
-22.373361 2.735856 -6.349007
-8.451879 1.056988 -22.584154
-22.318704 2.584103 -6.286446
-8.057456 1.154583 -23.170430
-22.482677 3.039360 -6.474129
-8.112114 1.306335 -23.232991
-22.428019 2.887608 -6.411568
-8.506536 1.208740 -22.646715
15.681473 19.579357 -4.719823
15.966450 18.166516 -4.329356
15.501860 19.456411 -4.861126
16.684902 18.658298 -3.764145
15.672135 19.753808 -4.745870
15.692395 19.929300 -4.746644
15.741130 20.097345 -4.722232
15.816049 20.249717 -4.673747
15.913665 20.379187 -4.603430
16.029009 20.479327 -4.514879
16.156597 20.545475 -4.412314
16.739560 18.506546 -3.701584
16.794218 18.354793 -3.639023
16.848876 18.203041 -3.576462
24.391646 -2.738796 5.056975
24.446303 -2.890549 5.119536
24.500961 -3.042301 5.182097
24.555619 -3.194054 5.244659
25.211512 -5.015083 5.995392
25.326813 -4.914821 6.083894
16.290419 20.574424 -4.300557
25.424429 -4.785351 6.154210
16.423755 20.564604 -4.185207
25.499347 -4.632979 6.202695
16.550323 20.516553 -4.071707
25.548126 -4.465055 6.227157
16.663982 20.432730 -3.965577
25.568386 -4.289564 6.226383
16.759150 20.317031 -3.872007
25.559049 -4.115112 6.200336
16.938763 20.439976 -3.730704
25.738662 -3.992167 6.341639
24.301758 -4.975732 5.211218
23.837167 -3.685836 4.679448
24.481371 -4.852786 5.352520
24.576539 -4.968486 5.446091
24.690199 -5.052309 5.552220
24.816722 -5.100238 5.665670
24.950059 -5.110059 5.781020
25.083880 -5.081109 5.892777
-8.166772 1.458088 -23.295552
-22.591992 3.342865 -6.599251
-8.221430 1.609840 -23.358113
-22.537335 3.191113 -6.536690
-9.267828 2.028572 -24.298691
-9.418849 0.790203 -24.300131
-9.746796 1.700718 -24.675498
-8.221430 1.609840 -23.358113
-9.104651 1.973651 -24.153088
-8.935798 1.948491 -24.005697
-8.764345 1.953562 -23.859202
-8.593475 1.988955 -23.716343
-8.426219 2.053806 -23.579628
-8.265661 2.147061 -23.451595
-6.066074 3.085188 -21.662481
-8.114723 2.267025 -23.334572
-7.976150 2.411516 -23.230689
-7.852417 2.577780 -23.141783
-7.745854 2.763011 -23.069561
-7.658332 2.963660 -23.015261
-7.591440 3.176065 -22.979866
-6.818331 3.516095 -22.352094
-6.872988 3.667847 -22.414655
-6.783008 3.544208 -22.324713
-6.746089 3.568117 -22.295527
-6.707791 3.587371 -22.264678
-6.668571 3.602110 -22.232572
-6.628684 3.612010 -22.199392
-6.588541 3.617091 -22.165495
-6.548474 3.617277 -22.131158
-6.508795 3.612506 -22.096640
-6.469859 3.602838 -22.062253
-6.432067 3.588452 -22.028359
-6.395706 3.569455 -21.995216
-6.361041 3.545816 -21.963046
-6.230047 3.540445 -21.850165
-5.172222 12.996760 7.339730
-5.619910 13.825310 6.870161
-5.291964 12.914796 7.245528
2.251781 18.078511 13.180240
1.325124 18.579207 12.333864
1.653071 17.668693 12.709231
-19.655867 3.082662 -4.054645
-20.436637 4.818213 -4.903620
-19.780744 2.997183 -4.152886
-19.983814 3.993176 -4.430012
1.595888 19.899541 12.429506
-5.500169 13.907274 6.964363
24.301758 -4.975732 5.211218
9.466604 -1.952811 21.438310
23.837167 -3.685836 4.679448
15.966450 18.166516 -4.329356
0.177451 21.304466 13.010106
15.501860 19.456411 -4.861126
1.595888 19.899541 12.429506
8.977349 -3.127677 23.082449
2.251781 18.078511 13.180240
8.810711 -0.131782 20.687576
-20.937420 5.314088 -4.698517
-6.066074 3.085188 -21.662481
-6.230047 3.540445 -21.850165
-20.436637 4.818213 -4.903620
1.804643 -18.767164 -12.653677
9.466604 -1.952811 21.438310
-12.565920 -17.034139 4.105184
23.837167 -3.685836 4.679448
24.500961 -3.042301 5.182097
-0.350713 -20.242511 -14.349309
-0.405371 -20.090759 -14.411870
1.804643 -18.767164 -12.653677
23.837167 -3.685836 4.679448
24.555619 -3.194054 5.244659
24.391646 -2.738796 5.056975
-0.460028 -19.939006 -14.474432
-0.514686 -19.787254 -14.536993
24.446303 -2.890549 5.119536
24.391646 -2.738796 5.056975
-0.963766 -19.733097 -14.013278
23.942566 -2.684639 5.580690
-0.514686 -19.787254 -14.536993
23.833250 -2.381134 5.455567
-1.018424 -19.581345 -14.075839
-1.073082 -19.429592 -14.138401
23.887908 -2.532887 5.518128
-22.591992 3.342865 -6.599251
-15.918695 -19.329124 1.467535
-23.789412 2.523228 -7.541269
-14.721276 -18.509486 2.409553
-22.537335 3.191113 -6.536690
-22.482677 3.039360 -6.474129
-22.428019 2.887608 -6.411568
-22.373361 2.735856 -6.349007
-22.318704 2.584103 -6.286446
-22.264046 2.432351 -6.223885
-21.936099 1.521836 -5.848518
-15.377169 -16.688457 1.658819
-15.049222 -17.598972 2.034186
-14.994564 -17.750724 2.096747
-14.939907 -17.902477 2.159308
-14.885249 -18.054229 2.221869
-14.830591 -18.205981 2.284430
-14.775933 -18.357734 2.346991
16.938763 20.439976 -3.730704
1.434742 22.165085 13.999224
1.614355 22.288031 14.140527
16.759150 20.317031 -3.872007
1.614355 22.288031 14.140527
25.738662 -3.992167 6.341639
16.938763 20.439976 -3.730704
10.414253 -2.144112 24.212870
25.559049 -4.115112 6.200336
10.414253 -2.144112 24.212870
10.234640 -2.267058 24.071567
25.738662 -3.992167 6.341639
10.234640 -2.267058 24.071567
25.568386 -4.289564 6.226383
25.559049 -4.115112 6.200336
10.136198 -2.428511 24.223305
25.548126 -4.465055 6.227157
10.019835 -2.592413 24.336155
25.499347 -4.632979 6.202695
9.892018 -2.750805 24.403866
25.424429 -4.785351 6.154210
9.756923 -2.895920 24.425559
25.326813 -4.914821 6.083894
9.621584 -3.020841 24.399235
25.211512 -5.015083 5.995392
9.493709 -3.119587 24.325397
9.378652 -3.187129 24.208118
25.083880 -5.081109 5.892777
9.282553 -3.220628 24.052369
24.950059 -5.110059 5.781020
9.209393 -3.218064 23.866841
24.816722 -5.100238 5.665670
9.161907 -3.179667 23.661218
24.690199 -5.052309 5.552220
9.144351 -3.107433 23.443013
24.576539 -4.968486 5.446091
9.156962 -3.004731 23.223752
24.481371 -4.852786 5.352520
24.301758 -4.975732 5.211218
9.156962 -3.004731 23.223752
8.977349 -3.127677 23.082449
24.481371 -4.852786 5.352520
15.681473 19.579357 -4.719823
0.177451 21.304466 13.010106
0.357064 21.427412 13.151408
15.501860 19.456411 -4.861126
15.681473 19.579357 -4.719823
0.239947 21.614860 13.251053
15.672135 19.753808 -4.745870
0.357064 21.427412 13.151408
0.164104 21.801941 13.362354
15.692395 19.929300 -4.746644
15.741130 20.097345 -4.722232
0.133801 21.979518 13.478939
15.816049 20.249717 -4.673747
0.148543 22.139148 13.597602
15.913665 20.379187 -4.603430
0.208436 22.273167 13.711911
16.029009 20.479327 -4.514879
0.311206 22.374824 13.815126
0.451369 22.439455 13.903027
16.156597 20.545475 -4.412314
0.622913 22.463855 13.970792
16.290419 20.574424 -4.300557
0.816426 22.446777 14.015965
16.423755 20.564604 -4.185207
1.022032 22.389195 14.037290
16.550323 20.516553 -4.071707
16.663982 20.432730 -3.965577
1.231794 22.293782 14.031345
16.759150 20.317031 -3.872007
1.434742 22.165085 13.999224
-9.418849 0.790203 -24.300131
-22.591992 3.342865 -6.599251
-23.789412 2.523228 -7.541269
-8.221430 1.609840 -23.358113
-8.221430 1.609840 -23.358113
-20.436637 4.818213 -4.903620
-22.591992 3.342865 -6.599251
-6.066074 3.085188 -21.662481
-9.418849 0.790203 -24.300131
-24.790979 3.514978 -7.131064
-9.746796 1.700718 -24.675498
-23.789412 2.523228 -7.541269
-9.267828 2.028572 -24.298691
-24.790979 3.514978 -7.131064
-24.312011 3.842833 -6.754257
-9.746796 1.700718 -24.675498
-24.050036 3.775997 -6.723872
-9.267828 2.028572 -24.298691
-24.312011 3.842833 -6.754257
-9.104651 1.973651 -24.153088
-23.797655 3.740764 -6.673892
-8.935798 1.948491 -24.005697
-23.558840 3.737712 -6.605954
-8.764345 1.953562 -23.859202
-23.340367 3.767364 -6.518608
-8.593475 1.988955 -23.716343
-23.143471 3.828640 -6.416459
-8.426219 2.053806 -23.579628
-22.973034 3.920704 -6.299947
-8.265661 2.147061 -23.451595
-8.114723 2.267025 -23.334572
-22.831975 4.041860 -6.171403
-7.976150 2.411516 -23.230689
-22.723042 4.189925 -6.032954
-7.852417 2.577780 -23.141783
-22.646912 4.361929 -5.888535
-7.745854 2.763011 -23.069561
-22.607711 4.555284 -5.737755
-7.658332 2.963660 -23.015261
-22.603718 4.766006 -5.586044
-7.591440 3.176065 -22.979866
-22.635623 4.990325 -5.435432
-6.872988 3.667847 -22.414655
-22.635623 4.990325 -5.435432
-21.917171 5.482108 -4.870222
-7.591440 3.176065 -22.979866
-21.917171 5.482108 -4.870222
-6.818331 3.516095 -22.352094
-6.872988 3.667847 -22.414655
-21.750243 5.316816 -4.938589
-6.783008 3.544208 -22.324713
-21.750243 5.316816 -4.938589
-21.716718 5.345146 -4.909113
-6.818331 3.516095 -22.352094
-21.678900 5.368947 -4.880975
-6.746089 3.568117 -22.295527
-21.637009 5.387767 -4.854315
-6.707791 3.587371 -22.264678
-21.590604 5.401640 -4.830589
-6.668571 3.602110 -22.232572
-21.539939 5.410240 -4.809978
-6.628684 3.612010 -22.199392
-21.487221 5.413805 -4.790745
-6.588541 3.617091 -22.165495
-21.430988 5.412041 -4.775261
-6.548474 3.617277 -22.131158
-21.371549 5.404887 -4.763787
-6.508795 3.612506 -22.096640
-21.311058 5.392620 -4.754539
-6.469859 3.602838 -22.062253
-21.249913 5.375418 -4.747878
-6.432067 3.588452 -22.028359
-6.395706 3.569455 -21.995216
-21.187506 5.353279 -4.745110
-6.361041 3.545816 -21.963046
-21.124998 5.326283 -4.745410
-20.937420 5.314088 -4.698517
-6.230047 3.540445 -21.850165
-13.096937 -15.127631 3.452692
-19.780744 2.997183 -4.152886
-13.221813 -15.213110 3.354451
-19.655867 3.082662 -4.054645
-19.655867 3.082662 -4.054645
-20.320624 4.033794 -4.037226
-19.983814 3.993176 -4.430012
-20.265966 3.882042 -3.974665
-13.160458 -15.845776 4.158283
-13.096937 -15.127631 3.452692
-12.768990 -16.038146 3.828059
-13.105800 -15.997528 4.220845
-5.956721 13.865928 7.262947
-19.983814 3.993176 -4.430012
-20.320624 4.033794 -4.037226
-5.619910 13.825310 6.870161
-5.902063 13.714176 7.325508
-5.619910 13.825310 6.870161
-5.956721 13.865928 7.262947
-5.291964 12.914796 7.245528
1.203445 -6.013642 15.458456
1.266967 -5.295497 14.752865
1.594913 -6.206012 15.128232
1.258103 -6.165394 15.521017
1.386709 -5.213533 14.847066
-5.291964 12.914796 7.245528
1.266967 -5.295497 14.752865
-5.172222 12.996760 7.339730
-5.172222 12.996760 7.339730
-5.836979 13.947892 7.357149
-5.500169 13.907274 6.964363
-5.782321 13.796140 7.419710
1.323187 -5.931678 15.552658
1.386709 -5.213533 14.847066
1.714655 -6.124048 15.222433
1.377845 -6.083430 15.615219
1.325124 18.579207 12.333864
0.868572 18.537861 12.632448
0.988314 18.619825 12.726650
-5.717237 14.029856 7.451351
-5.500169 13.907274 6.964363
-5.836979 13.947892 7.357149
1.042972 18.468073 12.789211
1.325124 18.579207 12.333864
0.988314 18.619825 12.726650
1.653071 17.668693 12.709231
8.148480 -1.259745 20.922159
8.212001 -0.541600 20.216567
8.539948 -1.452115 20.591934
8.203138 -1.411497 20.984720
8.810711 -0.131782 20.687576
1.653071 17.668693 12.709231
8.212001 -0.541600 20.216567
2.251781 18.078511 13.180240
-12.738757 -17.448779 4.685654
-20.436637 4.818213 -4.903620
-20.937420 5.314088 -4.698517
-19.780744 2.997183 -4.152886
-13.221813 -15.213110 3.354451
-12.565920 -17.034139 4.105184
9.529163 0.360001 21.252787
9.466604 -1.952811 21.438310
8.810711 -0.131782 20.687576
10.185056 -1.461028 22.003520
-12.565920 -17.034139 4.105184
-12.768990 -16.038146 3.828059
-13.221813 -15.213110 3.354451
9.466604 -1.952811 21.438310
1.594913 -6.206012 15.128232
1.714655 -6.124048 15.222433
1.266967 -5.295497 14.752865
8.539948 -1.452115 20.591934
8.212001 -0.541600 20.216567
8.810711 -0.131782 20.687576
1.386709 -5.213533 14.847066
-13.096937 -15.127631 3.452692
9.156962 -3.004731 23.223752
0.177451 21.304466 13.010106
8.977349 -3.127677 23.082449
0.357064 21.427412 13.151408
2.314340 20.391323 12.994716
2.251781 18.078511 13.180240
1.595888 19.899541 12.429506
2.970233 18.570294 13.745450
2.970233 18.570294 13.745450
8.810711 -0.131782 20.687576
2.251781 18.078511 13.180240
9.529163 0.360001 21.252787
-0.350713 -20.242511 -14.349309
-12.565920 -17.034139 4.105184
-14.721276 -18.509486 2.409553
1.804643 -18.767164 -12.653677
-12.565920 -17.034139 4.105184
1.968616 -19.222421 -12.465994
1.804643 -18.767164 -12.653677
-12.738757 -17.448779 4.685654
-0.350713 -20.242511 -14.349309
-14.775933 -18.357734 2.346991
-0.405371 -20.090759 -14.411870
-14.721276 -18.509486 2.409553
-0.350713 -20.242511 -14.349309
-1.220186 -21.972663 -14.915960
-1.548133 -21.062149 -15.291327
-0.741218 -21.644808 -14.539153
-0.674370 -21.432282 -14.503809
-0.586848 -21.231634 -14.449508
-0.480241 -21.046523 -14.377236
-0.356552 -20.880138 -14.288379
-0.217936 -20.735769 -14.184447
-0.066998 -20.615805 -14.067424
1.804643 -18.767164 -12.653677
0.093560 -20.522549 -13.939391
0.260774 -20.457577 -13.802725
0.431687 -20.422306 -13.659817
0.603096 -20.417113 -13.513372
0.771948 -20.442273 -13.365981
0.935169 -20.497316 -13.220328
1.598964 -19.853781 -12.717679
1.653621 -20.005534 -12.655118
1.636559 -19.831981 -12.687695
1.672648 -19.805765 -12.659460
1.706967 -19.775464 -12.633166
1.739191 -19.741300 -12.609067
1.769021 -19.703478 -12.587399
1.796221 -19.662462 -12.568316
1.820503 -19.618450 -12.552046
1.841730 -19.571989 -12.538649
1.859720 -19.523506 -12.528236
1.874250 -19.473305 -12.520968
1.885206 -19.421768 -12.516903
1.892542 -19.369531 -12.516014
1.968616 -19.222421 -12.465994
-0.460028 -19.939006 -14.474432
-0.963766 -19.733097 -14.013278
-0.514686 -19.787254 -14.536993
-14.885249 -18.054229 2.221869
-14.830591 -18.205981 2.284430
-1.018424 -19.581345 -14.075839
-14.994564 -17.750724 2.096747
-1.073082 -19.429592 -14.138401
-14.939907 -17.902477 2.159308
-16.264369 -20.158403 2.628473
-15.918695 -19.329124 1.467535
-20.436637 4.818213 -4.903620
-19.780744 2.997183 -4.152886
-14.375602 -17.680207 1.248614
-22.264046 2.432351 -6.223885
-21.590426 2.351115 -7.009456
-21.936099 1.521836 -5.848518
-15.377169 -16.688457 1.658819
-15.049222 -17.598972 2.034186
-13.221813 -15.213110 3.354451
-12.565920 -17.034139 4.105184
-14.721276 -18.509486 2.409553
-16.264369 -20.158403 2.628473
-15.918695 -19.329124 1.467535
-15.785401 -19.830548 3.005280
-15.619755 -19.629936 2.925408
-15.448704 -19.439361 2.882297
-15.274736 -19.262374 2.876012
-15.103443 -19.101729 2.909355
-14.935188 -18.960935 2.978723
-14.774371 -18.842162 3.084224
-12.565920 -17.034139 4.105184
-14.623692 -18.747715 3.223779
-14.486118 -18.679168 3.395009
-14.362807 -18.638157 3.593432
-14.258760 -18.624840 3.818434
-14.173437 -18.639927 4.063236
-14.109013 -18.683055 4.324105
-13.332949 -18.053060 4.695826
-13.297150 -18.031043 4.727905
-13.260163 -18.004935 4.755092
-13.222251 -17.975067 4.777197
-13.182843 -17.941770 4.792916
-13.142234 -17.905247 4.802015
-13.102460 -17.865748 4.806434
-13.062011 -17.823686 4.803850
-13.021025 -17.779608 4.794204
-12.981478 -17.733724 4.779478
-12.943596 -17.686340 4.759513
-12.906594 -17.637944 4.733203
-12.871415 -17.589064 4.701622
-12.738757 -17.448779 4.685654
-13.390562 -18.191273 4.889316
10.414253 -2.144112 24.212870
1.434742 22.165085 13.999224
10.234640 -2.267058 24.071567
1.614355 22.288031 14.140527
10.136198 -2.428511 24.223305
1.434742 22.165085 13.999224
1.231794 22.293782 14.031345
10.234640 -2.267058 24.071567
10.019835 -2.592413 24.336155
1.022032 22.389195 14.037290
0.816426 22.446777 14.015965
9.892018 -2.750805 24.403866
0.622913 22.463855 13.970792
9.756923 -2.895920 24.425559
9.621584 -3.020841 24.399235
0.451369 22.439455 13.903027
0.311206 22.374824 13.815126
9.493709 -3.119587 24.325397
0.208436 22.273167 13.711911
9.378652 -3.187129 24.208118
0.148543 22.139148 13.597602
9.282553 -3.220628 24.052369
0.133801 21.979518 13.478939
9.209393 -3.218064 23.866841
0.164104 21.801941 13.362354
9.161907 -3.179667 23.661218
0.239947 21.614860 13.251053
9.144351 -3.107433 23.443013
0.357064 21.427412 13.151408
9.156962 -3.004731 23.223752
-15.785401 -19.830548 3.005280
-24.790979 3.514978 -7.131064
-16.264369 -20.158403 2.628473
-24.312011 3.842833 -6.754257
-15.619755 -19.629936 2.925408
-24.312011 3.842833 -6.754257
-15.785401 -19.830548 3.005280
-24.050036 3.775997 -6.723872
-15.448704 -19.439361 2.882297
-23.797655 3.740764 -6.673892
-15.274736 -19.262374 2.876012
-23.558840 3.737712 -6.605954
-15.103443 -19.101729 2.909355
-23.340367 3.767364 -6.518608
-14.935188 -18.960935 2.978723
-23.143471 3.828640 -6.416459
-14.774371 -18.842162 3.084224
-22.973034 3.920704 -6.299947
-14.623692 -18.747715 3.223779
-22.831975 4.041860 -6.171403
-14.486118 -18.679168 3.395009
-22.723042 4.189925 -6.032954
-14.362807 -18.638157 3.593432
-22.646912 4.361929 -5.888535
-14.258760 -18.624840 3.818434
-22.607711 4.555284 -5.737755
-14.173437 -18.639927 4.063236
-22.603718 4.766006 -5.586044
-14.109013 -18.683055 4.324105
-22.635623 4.990325 -5.435432
-13.390562 -18.191273 4.889316
-22.635623 4.990325 -5.435432
-14.109013 -18.683055 4.324105
-21.917171 5.482108 -4.870222
-13.390562 -18.191273 4.889316
-21.750243 5.316816 -4.938589
-21.917171 5.482108 -4.870222
-13.332949 -18.053060 4.695826
-13.297150 -18.031043 4.727905
-21.750243 5.316816 -4.938589
-13.332949 -18.053060 4.695826
-21.716718 5.345146 -4.909113
-13.260163 -18.004935 4.755092
-21.678900 5.368947 -4.880975
-13.222251 -17.975067 4.777197
-21.637009 5.387767 -4.854315
-13.182843 -17.941770 4.792916
-21.590604 5.401640 -4.830589
-13.142234 -17.905247 4.802015
-21.539939 5.410240 -4.809978
-13.102460 -17.865748 4.806434
-21.487221 5.413805 -4.790745
-13.062011 -17.823686 4.803850
-21.430988 5.412041 -4.775261
-13.021025 -17.779608 4.794204
-21.371549 5.404887 -4.763787
-12.981478 -17.733724 4.779478
-21.311058 5.392620 -4.754539
-12.943596 -17.686340 4.759513
-21.249913 5.375418 -4.747878
-21.187506 5.353279 -4.745110
-12.906594 -17.637944 4.733203
-21.124998 5.326283 -4.745410
-12.871415 -17.589064 4.701622
-12.738757 -17.448779 4.685654
-20.937420 5.314088 -4.698517
-20.265966 3.882042 -3.974665
-20.338802 4.035073 -4.009055
-20.320624 4.033794 -4.037226
-13.126121 -15.990300 4.246563
-13.160458 -15.845776 4.158283
-13.105800 -15.997528 4.220845
-5.619910 13.825310 6.870161
-19.655867 3.082662 -4.054645
-19.983814 3.993176 -4.430012
-19.062292 3.488966 -3.587675
-5.890674 12.504977 6.774519
-5.291964 12.914796 7.245528
-19.062292 3.488966 -3.587675
-13.096937 -15.127631 3.452692
-19.655867 3.082662 -4.054645
-12.503361 -14.721327 3.919661
-12.503361 -14.721327 3.919661
-12.768990 -16.038146 3.828059
-13.096937 -15.127631 3.452692
1.594913 -6.206012 15.128232
0.668257 -5.705316 14.281856
1.266967 -5.295497 14.752865
-12.768990 -16.038146 3.828059
1.258103 -6.165394 15.521017
-13.105800 -15.997528 4.220845
1.594913 -6.206012 15.128232
-5.956721 13.865928 7.262947
-20.338802 4.035073 -4.009055
-5.979526 13.864040 7.287478
-20.320624 4.033794 -4.037226
-5.979526 13.864040 7.287478
-5.902063 13.714176 7.325508
-5.956721 13.865928 7.262947
1.233155 -6.161333 15.543096
1.203445 -6.013642 15.458456
1.258103 -6.165394 15.521017
-5.291964 12.914796 7.245528
0.668257 -5.705316 14.281856
-5.890674 12.504977 6.774519
1.266967 -5.295497 14.752865
1.497587 -6.001467 15.709421
1.323187 -5.931678 15.552658
1.377845 -6.083430 15.615219
1.442929 -5.849714 15.646860
-5.782321 13.796140 7.419710
-5.855186 13.949152 7.385297
-5.836979 13.947892 7.357149
1.357495 -6.076222 15.640915
1.323187 -5.931678 15.552658
1.377845 -6.083430 15.615219
-5.662579 13.878103 7.513912
-5.836979 13.947892 7.357149
-5.782321 13.796140 7.419710
-5.717237 14.029856 7.451351
1.325124 18.579207 12.333864
-5.172222 12.996760 7.339730
-5.500169 13.907274 6.964363
-4.693254 13.324615 7.716537
1.386709 -5.213533 14.847066
-3.974802 13.816397 8.281748
1.054361 17.258874 12.238222
1.653071 17.668693 12.709231
1.865676 -4.885678 15.223874
-4.583939 13.021110 7.841659
1.756361 -4.582174 15.098751
1.865676 -4.885678 15.223874
1.714655 -6.124048 15.222433
1.386709 -5.213533 14.847066
8.539948 -1.452115 20.591934
2.584128 -4.393896 15.789084
7.613292 -0.951419 19.745558
8.212001 -0.541600 20.216567
1.714655 -6.124048 15.222433
1.497587 -6.001467 15.709421
1.377845 -6.083430 15.615219
8.203138 -1.411497 20.984720
8.083396 -1.493461 20.890518
8.539948 -1.452115 20.591934
0.988314 18.619825 12.726650
-5.855186 13.949152 7.385297
0.965509 18.617937 12.751180
-5.836979 13.947892 7.357149
0.868572 18.537861 12.632448
-5.717237 14.029856 7.451351
1.042972 18.468073 12.789211
0.868572 18.537861 12.632448
0.923230 18.386109 12.695009
0.988314 18.619825 12.726650
0.965509 18.617937 12.751180
1.042972 18.468073 12.789211
0.988314 18.619825 12.726650
8.178190 -1.407436 21.006798
8.148480 -1.259745 20.922159
8.203138 -1.411497 20.984720
8.203138 -1.411497 20.984720
8.028738 -1.341708 20.827957
8.083396 -1.493461 20.890518
8.148480 -1.259745 20.922159
1.653071 17.668693 12.709231
7.613292 -0.951419 19.745558
1.054361 17.258874 12.238222
8.212001 -0.541600 20.216567
1.892542 -19.369531 -12.516014
-12.738757 -17.448779 4.685654
-12.871415 -17.589064 4.701622
1.968616 -19.222421 -12.465994
-1.220186 -21.972663 -14.915960
-1.548133 -21.062149 -15.291327
1.885206 -19.421768 -12.516903
-12.906594 -17.637944 4.733203
1.874250 -19.473305 -12.520968
-12.943596 -17.686340 4.759513
1.859720 -19.523506 -12.528236
-12.981478 -17.733724 4.779478
1.841730 -19.571989 -12.538649
-13.021025 -17.779608 4.794204
1.820503 -19.618450 -12.552046
-13.062011 -17.823686 4.803850
1.796221 -19.662462 -12.568316
-13.102460 -17.865748 4.806434
1.769021 -19.703478 -12.587399
-13.142234 -17.905247 4.802015
1.739191 -19.741300 -12.609067
-13.182843 -17.941770 4.792916
1.706967 -19.775464 -12.633166
-13.222251 -17.975067 4.777197
1.672648 -19.805765 -12.659460
-13.260163 -18.004935 4.755092
1.636559 -19.831981 -12.687695
-13.297150 -18.031043 4.727905
-13.332949 -18.053060 4.695826
1.598964 -19.853781 -12.717679
-13.332949 -18.053060 4.695826
1.653621 -20.005534 -12.655118
1.598964 -19.853781 -12.717679
-13.390562 -18.191273 4.889316
0.935169 -20.497316 -13.220328
-13.390562 -18.191273 4.889316
-14.109013 -18.683055 4.324105
1.653621 -20.005534 -12.655118
-14.173437 -18.639927 4.063236
0.935169 -20.497316 -13.220328
-14.109013 -18.683055 4.324105
0.771948 -20.442273 -13.365981
-14.258760 -18.624840 3.818434
0.603096 -20.417113 -13.513372
-14.362807 -18.638157 3.593432
0.431687 -20.422306 -13.659817
-14.486118 -18.679168 3.395009
0.260774 -20.457577 -13.802725
-14.623692 -18.747715 3.223779
0.093560 -20.522549 -13.939391
-14.774371 -18.842162 3.084224
-0.066998 -20.615805 -14.067424
-0.217936 -20.735769 -14.184447
-14.935188 -18.960935 2.978723
-0.356552 -20.880138 -14.288379
-15.103443 -19.101729 2.909355
-0.480241 -21.046523 -14.377236
-15.274736 -19.262374 2.876012
-0.586848 -21.231634 -14.449508
-15.448704 -19.439361 2.882297
-0.674370 -21.432282 -14.503809
-15.619755 -19.629936 2.925408
-0.741218 -21.644808 -14.539153
-15.785401 -19.830548 3.005280
-1.220186 -21.972663 -14.915960
-15.785401 -19.830548 3.005280
-16.264369 -20.158403 2.628473
-0.741218 -21.644808 -14.539153
-19.435070 3.826462 -5.313824
-14.375602 -17.680207 1.248614
-21.590426 2.351115 -7.009456
-12.220246 -16.204860 2.944246
-13.105800 -15.997528 4.220845
1.233155 -6.161333 15.543096
-13.126121 -15.990300 4.246563
1.258103 -6.165394 15.521017
-20.353889 4.035325 -3.979955
-13.144662 -15.980458 4.271709
-5.890674 12.504977 6.774519
-12.503361 -14.721327 3.919661
-19.062292 3.488966 -3.587675
0.668257 -5.705316 14.281856
-20.353889 4.035325 -3.979955
-6.002266 13.859053 7.310556
-6.002266 13.859053 7.310556
1.206960 -6.156730 15.562220
1.497587 -6.001467 15.709421
8.083396 -1.493461 20.890518
1.377845 -6.083430 15.615219
8.178190 -1.407436 21.006798
1.357495 -6.076222 15.640915
8.203138 -1.411497 20.984720
-5.870263 13.949410 7.414404
1.338964 -6.066373 15.666068
1.054361 17.258874 12.238222
-3.865487 13.512892 8.406870
-3.974802 13.816397 8.281748
-0.512711 15.807877 11.044519
-0.348738 15.352619 11.232203
5.663615 -1.340149 18.113928
5.827588 -1.795406 18.301611
2.584128 -4.393896 15.789084
2.474813 -4.090391 15.663962
7.613292 -0.951419 19.745558
-5.870263 13.949410 7.414404
0.942768 18.612950 12.774259
0.942768 18.612950 12.774259
8.151995 -1.402833 21.025923
-8.342563 0.753483 -22.459032
-19.435070 3.826462 -5.313824
-21.590426 2.351115 -7.009456
-6.187207 2.228830 -20.763400
1.027616 -17.802492 -12.505330
-14.375602 -17.680207 1.248614
-12.220246 -16.204860 2.944246
-1.127740 -19.277840 -14.200962
-13.144662 -15.980458 4.271709
1.206960 -6.156730 15.562220
-20.366844 4.034765 -3.948944
-13.162471 -15.967542 4.297164
1.341877 -5.786551 13.496284
-12.503361 -14.721327 3.919661
0.668257 -5.705316 14.281856
-11.829741 -14.802563 3.134090
-12.503361 -14.721327 3.919661
-18.388672 3.407730 -4.373247
-19.062292 3.488966 -3.587675
-11.829741 -14.802563 3.134090
-18.388672 3.407730 -4.373247
-5.890674 12.504977 6.774519
-19.062292 3.488966 -3.587675
-5.217054 12.423742 5.988948
1.341877 -5.786551 13.496284
-5.890674 12.504977 6.774519
-5.217054 12.423742 5.988948
0.668257 -5.705316 14.281856
-6.025788 13.851260 7.333255
-20.366844 4.034765 -3.948944
-6.025788 13.851260 7.333255
1.178585 -6.151047 15.579363
1.338964 -6.066373 15.666068
8.151995 -1.402833 21.025923
-5.883247 13.948830 7.445393
1.321126 -6.053477 15.691501
-4.019634 13.243379 6.930965
-3.974802 13.816397 8.281748
-4.693254 13.324615 7.716537
1.054361 17.258874 12.238222
1.727981 17.177638 11.452650
-1.145826 15.210509 9.191808
8.286912 -1.032655 18.959987
1.054361 17.258874 12.238222
1.727981 17.177638 11.452650
7.613292 -0.951419 19.745558
8.286912 -1.032655 18.959987
2.584128 -4.393896 15.789084
7.613292 -0.951419 19.745558
1.865676 -4.885678 15.223874
2.539297 -4.966914 14.438302
5.413104 -2.999784 16.699144
0.919247 18.605157 12.796958
-5.883247 13.948830 7.445393
0.919247 18.605157 12.796958
8.123620 -1.397150 21.043066
1.178585 -6.151047 15.579363
-13.162471 -15.967542 4.297164
-20.377653 4.033253 -3.915994
-13.179446 -15.951937 4.323057
1.341877 -5.786551 13.496284
-11.501795 -15.713077 3.509457
-11.829741 -14.802563 3.134090
2.148791 -6.369211 14.248458
1.820845 -5.458696 13.873091
-5.066032 13.662111 5.990388
-18.388672 3.407730 -4.373247
-18.716618 4.318245 -4.748614
-5.217054 12.423742 5.988948
-20.377653 4.033253 -3.915994
-6.050142 13.840477 7.355549
-6.050142 13.840477 7.355549
1.148065 -6.144713 15.594600
8.123620 -1.397150 21.043066
1.321126 -6.053477 15.691501
-5.893999 13.947357 7.478388
1.304209 -6.037832 15.717439
-4.583939 13.021110 7.841659
-4.019634 13.243379 6.930965
-4.693254 13.324615 7.716537
2.539297 -4.966914 14.438302
1.756361 -4.582174 15.098751
1.865676 -4.885678 15.223874
2.597454 18.907791 12.019301
-1.145826 15.210509 9.191808
-1.473773 16.121023 8.816441
1.727981 17.177638 11.452650
2.925401 17.997276 12.394668
2.925401 17.997276 12.394668
8.286912 -1.032655 18.959987
1.727981 17.177638 11.452650
9.484331 -0.213017 19.902004
8.286912 -1.032655 18.959987
5.741051 -3.910299 17.074511
5.413104 -2.999784 16.699144
9.812278 -1.123532 20.277371
9.484331 -0.213017 19.902004
-5.893999 13.947357 7.478388
0.894893 18.594373 12.819251
0.894893 18.594373 12.819251
8.093100 -1.390816 21.058303
-13.179446 -15.951937 4.323057
1.148065 -6.144713 15.594600
-20.386423 4.031018 -3.881221
-13.195649 -15.933533 4.349322
15.396654 -7.966844 -1.201118
-11.501795 -15.713077 3.509457
2.148791 -6.369211 14.248458
1.746068 -17.310710 -11.940119
-5.468756 2.720612 -20.198190
-5.066032 13.662111 5.990388
-18.716618 4.318245 -4.748614
8.181830 12.064479 -9.459188
-20.386423 4.031018 -3.881221
-6.075226 13.827075 7.377488
-6.075226 13.827075 7.377488
1.115548 -6.137476 15.608031
1.304209 -6.037832 15.717439
8.093100 -1.390816 21.058303
-5.902797 13.945103 7.513138
1.287977 -6.019448 15.743682
11.774090 14.523391 -6.633135
2.597454 18.907791 12.019301
-1.473773 16.121023 8.816441
15.845317 17.310158 -3.430275
23.060140 -2.721164 4.827796
5.741051 -3.910299 17.074511
9.812278 -1.123532 20.277371
18.988913 -5.507931 1.624935
-5.902797 13.945103 7.513138
0.869809 18.580972 12.841190
0.869809 18.580972 12.841190
8.060583 -1.383579 21.071734
-13.195649 -15.933533 4.349322
1.115548 -6.137476 15.608031
-20.391352 4.027697 -3.846699
-13.209323 -15.912574 4.373834
-20.391352 4.027697 -3.846699
-6.099294 13.810652 7.396953
-6.099294 13.810652 7.396953
1.082735 -6.129618 15.617486
1.287977 -6.019448 15.743682
8.060583 -1.383579 21.071734
-5.907707 13.941794 7.547676
1.274322 -5.998476 15.768209
-5.907707 13.941794 7.547676
0.845741 18.564549 12.860655
0.845741 18.564549 12.860655
8.027770 -1.375722 21.081189
1.082735 -6.129618 15.617486
-13.209323 -15.912574 4.373834
-20.394317 4.023600 -3.810414
-13.222258 -15.888991 4.398709
-20.394317 4.023600 -3.810414
-6.124091 13.791612 7.416063
-6.124091 13.791612 7.416063
1.047969 -6.120979 15.625185
8.027770 -1.375722 21.081189
1.274322 -5.998476 15.768209
-5.910663 13.937704 7.583968
1.261397 -5.974887 15.793091
-5.910663 13.937704 7.583968
0.820944 18.545509 12.879766
0.820944 18.545509 12.879766
7.993003 -1.367082 21.088888
1.047969 -6.120979 15.625185
-13.222258 -15.888991 4.398709
-20.395412 4.018817 -3.772453
-13.234503 -15.862817 4.423907
-6.149565 13.770141 7.434844
-20.395412 4.018817 -3.772453
-6.149565 13.770141 7.434844
1.011344 -6.111493 15.631204
7.993003 -1.367082 21.088888
1.261397 -5.974887 15.793091
-5.911805 13.932888 7.621891
1.249104 -5.948745 15.818251
0.795470 18.524038 12.898547
-5.911805 13.932888 7.621891
0.795470 18.524038 12.898547
7.956379 -1.357596 21.094907
1.011344 -6.111493 15.631204
-13.234503 -15.862817 4.423907
-20.392862 4.012963 -3.734914
-13.244240 -15.834557 4.447382
-20.392862 4.012963 -3.734914
-6.173971 13.745836 7.451176
-6.173971 13.745836 7.451176
0.974651 -6.101684 15.633473
7.956379 -1.357596 21.094907
1.249104 -5.948745 15.818251
-5.909198 13.927074 7.659475
1.239424 -5.920446 15.841772
-5.909198 13.927074 7.659475
0.771064 18.499733 12.914879
0.771064 18.499733 12.914879
7.919686 -1.347787 21.097175
-13.244240 -15.834557 4.447382
0.974651 -6.101684 15.633473
-20.387736 4.006486 -3.696930
-13.252450 -15.804007 4.470101
-20.387736 4.006486 -3.696930
-6.198148 13.719300 7.466107
-6.198148 13.719300 7.466107
0.937137 -6.091192 15.633139
1.239424 -5.920446 15.841772
7.919686 -1.347787 21.097175
-5.904062 13.920603 7.697467
1.231224 -5.889889 15.864498
-5.904062 13.920603 7.697467
0.746887 18.473197 12.929810
0.746887 18.473197 12.929810
7.882172 -1.337295 21.096841
0.937137 -6.091192 15.633139
-13.252450 -15.804007 4.470101
-20.380911 3.999203 -3.657407
-13.260055 -15.771226 4.493109
-6.222810 13.690465 7.480860
-20.380911 3.999203 -3.657407
-6.222810 13.690465 7.480860
0.898046 -6.079965 15.631375
7.882172 -1.337295 21.096841
1.231224 -5.889889 15.864498
-5.897304 13.913275 7.736938
1.223552 -5.857154 15.887453
0.722224 18.444362 12.944562
-5.897304 13.913275 7.736938
0.722224 18.444362 12.944562
7.843080 -1.326068 21.095078
0.898046 -6.079965 15.631375
-13.260055 -15.771226 4.493109
-20.370764 3.991084 -3.618606
-13.265256 -15.736733 4.514342
-6.246345 13.659291 7.493164
0.859163 -6.068527 15.626112
7.843080 -1.326068 21.095078
1.223552 -5.857154 15.887453
-5.887119 13.905182 7.775769
1.218389 -5.822636 15.908717
0.698690 18.413187 12.956866
7.804198 -1.314630 21.089814
-13.257105 -15.707546 4.518314
0.837398 -6.059817 15.606548
-6.254467 13.630123 7.489215
-20.348970 3.982394 -3.599019
1.226512 -5.793468 15.912666
7.782433 -1.305920 21.070250
0.690568 18.384020 12.952918
-5.865354 13.896472 7.795333
-18.388672 3.407730 -4.373247
-5.468756 2.720612 -20.198190
-18.716618 4.318245 -4.748614
1.746068 -17.310710 -11.940119
-11.829741 -14.802563 3.134090
-11.501795 -15.713077 3.509457
-5.468756 2.720612 -20.198190
1.027616 -17.802492 -12.505330
-6.187207 2.228830 -20.763400
1.746068 -17.310710 -11.940119
1.027616 -17.802492 -12.505330
-19.435070 3.826462 -5.313824
-6.187207 2.228830 -20.763400
-12.220246 -16.204860 2.944246
23.060140 -2.721164 4.827796
2.597454 18.907791 12.019301
15.845317 17.310158 -3.430275
2.925401 17.997276 12.394668
9.484331 -0.213017 19.902004
9.812278 -1.123532 20.277371
16.563769 17.801940 -2.865064
23.060140 -2.721164 4.827796
15.845317 17.310158 -3.430275
23.778592 -2.229382 5.393006
3.643853 18.489058 12.959878
16.563769 17.801940 -2.865064
3.315906 19.399573 12.584512
23.778592 -2.229382 5.393006
10.202783 0.278765 20.467215
10.530730 -0.631749 20.842582
15.396654 -7.966844 -1.201118
-5.066032 13.662111 5.990388
8.181830 12.064479 -9.459188
1.820845 -5.458696 13.873091
2.148791 -6.369211 14.248458
8.900282 12.556261 -8.893977
15.396654 -7.966844 -1.201118
8.181830 12.064479 -9.459188
16.115106 -7.475061 -0.635907
9.228229 11.645746 -8.518610
15.787159 -6.564547 -1.011274
2.539297 -4.966914 14.438302
9.172543 11.652462 -8.453670
-4.019634 13.243379 6.930965
9.113004 11.369320 -8.131631
15.453304 -6.233963 -0.874539
15.622158 -6.254326 -1.071456
15.731473 -6.557831 -0.946333
9.281858 11.348957 -8.328548
-4.347580 14.153894 6.555598
1.820845 -5.458696 13.873091
-5.066032 13.662111 5.990388
2.539297 -4.966914 14.438302
-4.019634 13.243379 6.930965
-21.678900 5.368947 -4.880975
-21.750243 5.316816 -4.938589
-21.716718 5.345146 -4.909113
-21.637009 5.387767 -4.854315
-22.635623 4.990325 -5.435432
-21.917171 5.482108 -4.870222
-22.603718 4.766006 -5.586044
-22.607711 4.555284 -5.737755
-21.590604 5.401640 -4.830589
-21.539939 5.410240 -4.809978
-21.487221 5.413805 -4.790745
-21.430988 5.412041 -4.775261
-21.371549 5.404887 -4.763787
-21.311058 5.392620 -4.754539
-22.646912 4.361929 -5.888535
-21.249913 5.375418 -4.747878
-21.187506 5.353279 -4.745110
-22.723042 4.189925 -6.032954
-21.124998 5.326283 -4.745410
-20.937420 5.314088 -4.698517
-22.831975 4.041860 -6.171403
-22.973034 3.920704 -6.299947
-20.436637 4.818213 -4.903620
-24.050036 3.775997 -6.723872
-24.790979 3.514978 -7.131064
-24.312011 3.842833 -6.754257
-23.789412 2.523228 -7.541269
-23.797655 3.740764 -6.673892
-23.558840 3.737712 -6.605954
-23.340367 3.767364 -6.518608
-23.143471 3.828640 -6.416459
-22.591992 3.342865 -6.599251
-22.591992 3.342865 -6.599251
-20.436637 4.818213 -4.903620
-23.789412 2.523228 -7.541269
-22.973034 3.920704 -6.299947
-23.143471 3.828640 -6.416459
-23.340367 3.767364 -6.518608
-23.558840 3.737712 -6.605954
-23.797655 3.740764 -6.673892
-24.050036 3.775997 -6.723872
-24.790979 3.514978 -7.131064
-24.312011 3.842833 -6.754257
-20.937420 5.314088 -4.698517
-22.831975 4.041860 -6.171403
-22.723042 4.189925 -6.032954
-21.124998 5.326283 -4.745410
-21.187506 5.353279 -4.745110
-22.646912 4.361929 -5.888535
-21.249913 5.375418 -4.747878
-21.311058 5.392620 -4.754539
-22.607711 4.555284 -5.737755
-21.371549 5.404887 -4.763787
-21.430988 5.412041 -4.775261
-21.487221 5.413805 -4.790745
-21.539939 5.410240 -4.809978
-21.590604 5.401640 -4.830589
-21.637009 5.387767 -4.854315
-21.750243 5.316816 -4.938589
-22.603718 4.766006 -5.586044
-22.635623 4.990325 -5.435432
-21.917171 5.482108 -4.870222
-21.678900 5.368947 -4.880975
-21.716718 5.345146 -4.909113
-1.548133 -21.062149 -15.291327
-14.721276 -18.509486 2.409553
-15.918695 -19.329124 1.467535
-0.350713 -20.242511 -14.349309
-0.350713 -20.242511 -14.349309
-1.548133 -21.062149 -15.291327
-14.721276 -18.509486 2.409553
-15.918695 -19.329124 1.467535
7.670163 -1.292381 21.201179
-5.977624 13.910011 7.926262
1.114242 -5.779929 16.043594
0.578298 18.397559 13.083846
0.690568 18.384020 12.952918
-5.977624 13.910011 7.926262
0.578298 18.397559 13.083846
-5.865354 13.896472 7.795333
1.226512 -5.793468 15.912666
-5.977624 13.910011 7.926262
-5.865354 13.896472 7.795333
1.114242 -5.779929 16.043594
1.226512 -5.793468 15.912666
7.670163 -1.292381 21.201179
1.114242 -5.779929 16.043594
7.782433 -1.305920 21.070250
7.670163 -1.292381 21.201179
0.690568 18.384020 12.952918
0.578298 18.397559 13.083846
7.782433 -1.305920 21.070250
7.782433 -1.305920 21.070250
-5.865354 13.896472 7.795333
1.226512 -5.793468 15.912666
0.690568 18.384020 12.952918
0.690568 18.384020 12.952918
7.782433 -1.305920 21.070250
-5.865354 13.896472 7.795333
1.226512 -5.793468 15.912666
-1.073082 -19.429592 -14.138401
-14.375602 -17.680207 1.248614
-1.127740 -19.277840 -14.200962
-15.049222 -17.598972 2.034186
-14.994564 -17.750724 2.096747
1.027616 -17.802492 -12.505330
-1.073082 -19.429592 -14.138401
-1.127740 -19.277840 -14.200962
23.833250 -2.381134 5.455567
1.746068 -17.310710 -11.940119
15.396654 -7.966844 -1.201118
16.115106 -7.475061 -0.635907
18.988913 -5.507931 1.624935
23.060140 -2.721164 4.827796
23.778592 -2.229382 5.393006
16.739560 18.506546 -3.701584
-8.112114 1.306335 -23.232991
-8.166772 1.458088 -23.295552
16.794218 18.354793 -3.639023
-8.112114 1.306335 -23.232991
-22.537335 3.191113 -6.536690
-8.166772 1.458088 -23.295552
-22.482677 3.039360 -6.474129
16.454453 18.105445 -2.990186
16.848876 18.203041 -3.576462
16.399796 18.257198 -3.052748
24.391646 -2.738796 5.056975
16.509111 17.953693 -2.927625
16.563769 17.801940 -2.865064
23.778592 -2.229382 5.393006
23.833250 -2.381134 5.455567
23.887908 -2.532887 5.518128
23.942566 -2.684639 5.580690
23.942566 -2.684639 5.580690
23.887908 -2.532887 5.518128
24.391646 -2.738796 5.056975
23.833250 -2.381134 5.455567
23.778592 -2.229382 5.393006
16.563769 17.801940 -2.865064
16.509111 17.953693 -2.927625
16.454453 18.105445 -2.990186
16.848876 18.203041 -3.576462
16.399796 18.257198 -3.052748
23.887908 -2.532887 5.518128
-0.963766 -19.733097 -14.013278
-1.018424 -19.581345 -14.075839
23.942566 -2.684639 5.580690
-0.963766 -19.733097 -14.013278
-14.939907 -17.902477 2.159308
-1.018424 -19.581345 -14.075839
-14.885249 -18.054229 2.221869
18.660967 -4.597417 1.249569
16.115106 -7.475061 -0.635907
15.787159 -6.564547 -1.011274
18.988913 -5.507931 1.624935
5.741051 -3.910299 17.074511
18.660967 -4.597417 1.249569
5.413104 -2.999784 16.699144
18.988913 -5.507931 1.624935
16.509111 17.953693 -2.927625
-8.342563 0.753483 -22.459032
-8.397221 0.905235 -22.521593
-6.187207 2.228830 -20.763400
-5.468756 2.720612 -20.198190
8.181830 12.064479 -9.459188
8.900282 12.556261 -8.893977
11.774090 14.523391 -6.633135
15.845317 17.310158 -3.430275
16.563769 17.801940 -2.865064
-8.342563 0.753483 -22.459032
-22.318704 2.584103 -6.286446
-8.397221 0.905235 -22.521593
-22.264046 2.432351 -6.223885
-21.590426 2.351115 -7.009456
16.399796 18.257198 -3.052748
-8.451879 1.056988 -22.584154
-8.506536 1.208740 -22.646715
16.454453 18.105445 -2.990186
-8.451879 1.056988 -22.584154
-22.428019 2.887608 -6.411568
-8.506536 1.208740 -22.646715
-22.373361 2.735856 -6.349007
24.446303 -2.890549 5.119536
-0.405371 -20.090759 -14.411870
-0.460028 -19.939006 -14.474432
24.500961 -3.042301 5.182097
-0.405371 -20.090759 -14.411870
-14.830591 -18.205981 2.284430
-0.460028 -19.939006 -14.474432
-14.775933 -18.357734 2.346991
-1.145826 15.210509 9.191808
11.774090 14.523391 -6.633135
-1.473773 16.121023 8.816441
12.102036 13.612876 -6.257768
11.774090 14.523391 -6.633135
9.228229 11.645746 -8.518610
8.900282 12.556261 -8.893977
12.102036 13.612876 -6.257768
15.731473 -6.557831 -0.946333
15.453304 -6.233963 -0.874539
15.622158 -6.254326 -1.071456
1.756361 -4.582174 15.098751
1.865676 -4.885678 15.223874
2.539297 -4.966914 14.438302
16.340610 -5.762544 -0.506245
15.731473 -6.557831 -0.946333
15.622158 -6.254326 -1.071456
16.449925 -6.066049 -0.381123
2.539297 -4.966914 14.438302
2.584128 -4.393896 15.789084
1.865676 -4.885678 15.223874
16.449925 -6.066049 -0.381123
15.731473 -6.557831 -0.946333
2.584128 -4.393896 15.789084
16.171755 -5.742181 -0.309328
2.474813 -4.090391 15.663962
16.340610 -5.762544 -0.506245
16.449925 -6.066049 -0.381123
9.890995 12.144244 -7.888459
-4.693254 13.324615 7.716537
-3.974802 13.816397 8.281748
-4.019634 13.243379 6.930965
9.172543 11.652462 -8.453670
-3.865487 13.512892 8.406870
9.890995 12.144244 -7.888459
-3.974802 13.816397 8.281748
10.000310 11.840740 -7.763337
9.831456 11.861103 -7.566420
9.890995 12.144244 -7.888459
9.281858 11.348957 -8.328548
9.172543 11.652462 -8.453670
10.000310 11.840740 -7.763337
9.281858 11.348957 -8.328548
-4.019634 13.243379 6.930965
9.172543 11.652462 -8.453670
-4.693254 13.324615 7.716537
-4.583939 13.021110 7.841659
9.113004 11.369320 -8.131631
2.474813 -4.090391 15.663962
1.865676 -4.885678 15.223874
1.756361 -4.582174 15.098751
2.584128 -4.393896 15.789084
2.584128 -4.393896 15.789084
2.474813 -4.090391 15.663962
1.865676 -4.885678 15.223874
1.756361 -4.582174 15.098751
-3.974802 13.816397 8.281748
-4.583939 13.021110 7.841659
-4.693254 13.324615 7.716537
-3.865487 13.512892 8.406870
-3.865487 13.512892 8.406870
-3.974802 13.816397 8.281748
-4.583939 13.021110 7.841659
-4.693254 13.324615 7.716537
9.831456 11.861103 -7.566420
-4.583939 13.021110 7.841659
-3.865487 13.512892 8.406870
9.113004 11.369320 -8.131631
13.184231 14.156087 -4.928771
-0.512711 15.807877 11.044519
9.831456 11.861103 -7.566420
15.453304 -6.233963 -0.874539
9.113004 11.369320 -8.131631
16.171755 -5.742181 -0.309328
13.184231 14.156087 -4.928771
19.524531 -3.447196 2.328321
13.348205 13.700830 -4.741087
19.360558 -2.991939 2.140638
15.453304 -6.233963 -0.874539
-4.583939 13.021110 7.841659
9.113004 11.369320 -8.131631
1.756361 -4.582174 15.098751
-0.348738 15.352619 11.232203
13.184231 14.156087 -4.928771
-0.512711 15.807877 11.044519
13.348205 13.700830 -4.741087
-0.011928 15.312002 10.839417
12.955709 13.748163 -4.283361
18.968062 -2.944605 2.598364
19.360558 -2.991939 2.140638
5.827588 -1.795406 18.301611
6.000425 -1.380767 17.721142
5.663615 -1.340149 18.113928
19.524531 -3.447196 2.328321
16.171755 -5.742181 -0.309328
5.827588 -1.795406 18.301611
2.474813 -4.090391 15.663962
19.524531 -3.447196 2.328321
15.453304 -6.233963 -0.874539
1.756361 -4.582174 15.098751
9.363449 11.289251 -7.109414
-0.011928 15.312002 10.839417
-3.604187 12.853089 8.013364
12.955709 13.748163 -4.283361
18.968062 -2.944605 2.598364
9.363449 11.289251 -7.109414
15.375802 -5.403518 -0.227689
12.955709 13.748163 -4.283361
18.968062 -2.944605 2.598364
2.408166 -3.839679 14.895089
6.000425 -1.380767 17.721142
15.375802 -5.403518 -0.227689
-0.011928 15.312002 10.839417
2.408166 -3.839679 14.895089
-3.604187 12.853089 8.013364
6.000425 -1.380767 17.721142
2.408166 -3.839679 14.895089
9.363449 11.289251 -7.109414
-3.604187 12.853089 8.013364
15.375802 -5.403518 -0.227689
10.000310 11.840740 -7.763337
9.113004 11.369320 -8.131631
9.831456 11.861103 -7.566420
9.281858 11.348957 -8.328548
9.281858 11.348957 -8.328548
10.000310 11.840740 -7.763337
9.113004 11.369320 -8.131631
9.831456 11.861103 -7.566420
15.622158 -6.254326 -1.071456
16.171755 -5.742181 -0.309328
15.453304 -6.233963 -0.874539
16.340610 -5.762544 -0.506245
16.340610 -5.762544 -0.506245
15.622158 -6.254326 -1.071456
16.171755 -5.742181 -0.309328
15.453304 -6.233963 -0.874539
15.731473 -6.557831 -0.946333
5.413104 -2.999784 16.699144
2.539297 -4.966914 14.438302
18.660967 -4.597417 1.249569
15.787159 -6.564547 -1.011274
15.787159 -6.564547 -1.011274
15.731473 -6.557831 -0.946333
18.660967 -4.597417 1.249569
5.413104 -2.999784 16.699144
2.539297 -4.966914 14.438302
12.102036 13.612876 -6.257768
-4.019634 13.243379 6.930965
-1.145826 15.210509 9.191808
9.172543 11.652462 -8.453670
9.228229 11.645746 -8.518610
9.228229 11.645746 -8.518610
12.102036 13.612876 -6.257768
9.172543 11.652462 -8.453670
-4.019634 13.243379 6.930965
-1.145826 15.210509 9.191808
15.787159 -6.564547 -1.011274
9.172543 11.652462 -8.453670
9.228229 11.645746 -8.518610
9.281858 11.348957 -8.328548
9.113004 11.369320 -8.131631
15.622158 -6.254326 -1.071456
15.731473 -6.557831 -0.946333
15.453304 -6.233963 -0.874539
15.622158 -6.254326 -1.071456
9.113004 11.369320 -8.131631
15.453304 -6.233963 -0.874539
15.731473 -6.557831 -0.946333
15.787159 -6.564547 -1.011274
9.281858 11.348957 -8.328548
9.172543 11.652462 -8.453670
9.228229 11.645746 -8.518610
0.725128 -6.046278 15.737476
-14.243899 -13.265968 3.648264
-13.369375 -15.694007 4.649242
-9.454220 -9.987418 7.416335
-4.939075 -6.896788 10.968427
-0.149396 -3.618239 14.736498
-13.257105 -15.707546 4.518314
0.725128 -6.046278 15.737476
-13.369375 -15.694007 4.649242
0.837398 -6.059817 15.606548
-0.254033 -3.327724 14.616731
-5.331036 10.918406 8.674851
-5.387620 10.925230 8.740839
0.725128 -6.046278 15.737476
-0.092812 -3.625063 14.670510
-0.149396 -3.618239 14.736498
-5.492213 11.215623 8.621122
-6.254467 13.630123 7.489215
-6.366737 13.643662 7.620144
-5.435629 11.208799 8.555134
0.837398 -6.059817 15.606548
-0.197449 -3.334548 14.550743
-0.092812 -3.625063 14.670510
-4.882491 -6.903612 10.902439
-4.882491 -6.903612 10.902439
-9.454220 -9.987418 7.416335
-4.939075 -6.896788 10.968427
-9.397635 -9.994242 7.350347
-4.826805 -6.910328 10.837499
-9.341950 -10.000957 7.285406
-9.397635 -9.994242 7.350347
-14.187315 -13.272791 3.582276
-20.348970 3.982394 -3.599019
-19.530132 1.561070 -2.533100
-20.461240 3.995933 -3.468090
-13.257105 -15.707546 4.518314
-19.425539 1.270677 -2.413383
-19.482123 1.277501 -2.347395
-14.291951 -12.982277 3.462509
-14.187315 -13.272791 3.582276
-14.243899 -13.265968 3.648264
-13.369375 -15.694007 4.649242
-14.348536 -12.975453 3.528497
-19.586716 1.567894 -2.467112
-14.797037 4.846444 1.300959
-20.461240 3.995933 -3.468090
-19.586716 1.567894 -2.467112
-6.366737 13.643662 7.620144
-10.281892 7.937073 4.853051
-5.492213 11.215623 8.621122
-10.225308 7.930250 4.787063
-5.492213 11.215623 8.621122
-10.281892 7.937073 4.853051
-5.435629 11.208799 8.555134
-5.331036 10.918406 8.674851
-10.123493 7.637955 4.904595
-5.331036 10.918406 8.674851
-10.180077 7.644778 4.970583
-5.387620 10.925230 8.740839
-10.123493 7.637955 4.904595
-0.254033 -3.327724 14.616731
-5.140267 -6.310681 10.735298
-5.046490 -6.608175 10.846475
-5.188497 -6.126381 10.674883
-5.220151 -6.005341 10.635223
-5.285890 -5.693195 10.546574
-5.337368 -5.375221 10.469551
-5.374244 -5.052700 10.404578
-5.396447 -4.726492 10.351806
-5.403871 -4.397885 10.311459
-5.396549 -4.068113 10.283636
-5.374507 -3.738102 10.268411
-5.337726 -3.408898 10.265908
-5.286482 -3.082052 10.276050
-5.220456 -2.662308 10.289261
-5.172648 -2.240054 10.286590
-5.143233 -1.816466 10.268010
-5.132295 -1.392965 10.233596
-5.139920 -0.970972 10.183420
-5.166001 -0.551776 10.117706
-5.210536 -0.137040 10.036630
-5.273412 0.272254 9.940390
-5.354251 0.674399 9.829485
-5.452939 1.068411 9.704117
-5.569142 1.452704 9.564734
-5.702371 1.826251 9.411863
-10.064843 7.361972 5.098640
-9.936678 7.089680 5.236697
-9.795985 6.828689 5.384329
-9.643393 6.580079 5.540884
-9.479260 6.344515 5.705987
-9.304214 6.123080 5.878985
-9.118805 5.916304 6.059354
-8.923767 5.724897 6.246390
-8.719736 5.549633 6.439469
-8.507307 5.391166 6.638012
-8.287411 5.249764 6.841193
-8.004984 5.068690 7.102096
-7.732074 4.865967 7.357077
-7.469467 4.642118 7.605408
-7.218122 4.398151 7.846163
-6.978869 4.134708 8.078563
-6.752431 3.852808 8.301882
-6.539638 3.553093 8.515343
-6.341162 3.236769 8.718245
-6.157589 2.904795 8.909987
-5.989547 2.558256 9.089917
-5.837708 2.198355 9.257334
-4.989906 -6.614999 10.780487
-0.197449 -3.334548 14.550743
-4.882491 -6.903612 10.902439
-0.197449 -3.334548 14.550743
-4.989906 -6.614999 10.780487
-0.092812 -3.625063 14.670510
-6.254467 13.630123 7.489215
-20.461240 3.995933 -3.468090
-6.366737 13.643662 7.620144
-20.348970 3.982394 -3.599019
-4.826805 -6.910328 10.837499
-4.934220 -6.621714 10.715546
-14.064097 4.214770 1.766169
-14.163851 4.483506 1.652841
-13.976127 3.938271 1.870195
-10.034116 6.636589 4.971401
-10.235682 7.172349 4.743157
-10.140698 6.900348 4.852732
-5.449860 -6.091192 10.218528
-5.361862 -6.367671 10.322577
-5.262089 -6.636394 10.435920
-9.285260 -9.053249 7.236015
-9.391872 -8.789510 7.117323
-9.190258 -9.325238 7.345605
-14.491585 -0.670945 1.904831
-13.461260 -3.209500 3.050836
-14.480676 -0.247464 1.870394
-13.337138 -3.557198 3.193225
-13.570464 -2.852498 2.920277
-13.664447 -2.487196 2.801912
-14.451304 0.176245 1.851764
-13.742868 -2.114874 2.696166
-13.805486 -1.736729 2.603367
-13.852066 -1.354113 2.523859
-14.403488 0.598506 1.849101
-13.882477 -0.968147 2.457869
-13.896625 -0.580129 2.405613
-14.337427 1.018122 1.862355
-13.894449 -0.191379 2.367279
-14.286151 1.345142 1.872507
-13.875974 0.196874 2.342971
-13.841263 0.583379 2.332768
-14.249402 1.674172 1.869994
-14.227322 2.004210 1.854799
-13.790371 0.966734 2.336765
-14.220015 2.334122 1.826948
-13.750870 1.265414 2.339750
-14.227477 2.662703 1.786571
-13.724277 1.566610 2.331407
-14.249646 2.988783 1.733841
-14.286537 3.311445 1.668842
-13.710604 1.869100 2.311851
-14.337933 3.629324 1.591898
-13.709934 2.171921 2.281110
-14.403744 3.941572 1.503177
-14.483657 4.246892 1.403079
-14.577453 4.544373 1.291887
-13.786191 -4.262278 2.881078
-14.054758 -3.516628 2.573678
-13.921499 -3.890155 2.726571
-13.634305 -4.622146 3.048533
-14.170913 -3.132302 2.434333
-13.466272 -4.968692 3.228455
-14.269610 -2.738296 2.308957
-13.282752 -5.300551 3.420139
-14.350502 -2.336037 2.197995
-13.084214 -5.616984 3.623107
-14.413315 -1.926850 2.101820
-12.871436 -5.916558 3.836540
-14.457866 -1.511973 2.020716
-12.645021 -6.198625 4.059857
-14.483970 -1.092944 1.955000
-12.405758 -6.462061 4.292264
-12.154442 -6.706048 4.532996
-13.211234 -3.903676 3.337015
-13.070936 -4.239394 3.492036
-12.916641 -4.563412 3.657849
-11.891879 -6.929775 4.781277
-12.748883 -4.874583 3.833878
-12.568209 -5.171919 4.019551
-12.375257 -5.454342 4.214211
-11.618959 -7.132491 5.036266
-12.170597 -5.721034 4.417284
-11.954919 -5.971104 4.628085
-11.336498 -7.313694 5.297212
-11.728952 -6.203690 4.845901
-11.116569 -7.454922 5.500403
-11.493421 -6.418075 5.070036
-11.249086 -6.613572 5.299767
-10.904173 -7.613563 5.698936
-10.700104 -7.788800 5.892044
-10.996791 -6.789394 5.534290
-10.505080 -7.980066 6.079053
-10.800314 -6.926547 5.716950
-10.319710 -8.186868 6.259392
-10.610184 -7.079395 5.895790
-10.144630 -8.408432 6.432433
-9.980512 -8.643855 6.597508
-10.427116 -7.247216 6.070124
-9.827837 -8.892559 6.754143
-10.251716 -7.429517 6.239379
-9.687217 -9.153449 6.901702
-9.636433 -9.261394 6.956412
-9.559081 -9.425760 7.039737
-9.443866 -9.708580 7.167779
-4.826805 -6.910328 10.837499
-9.341950 -10.000957 7.285406
-10.084555 -7.625780 6.403013
-9.926240 -7.835212 6.560425
-9.777350 -8.056997 6.711030
-9.638331 -8.290532 6.854388
-9.509660 -8.535086 6.990011
-9.462998 -8.635864 7.040445
-5.495582 -5.920156 10.161636
-5.525692 -5.808048 10.124224
-5.589232 -5.518912 10.039840
-5.640140 -5.225064 9.965800
-5.678302 -4.927486 9.902304
-5.703646 -4.627035 9.849502
-4.934220 -6.621714 10.715546
-5.716015 -4.324816 9.807644
-5.027997 -6.324220 10.604370
-5.076227 -6.139920 10.543954
-5.107881 -6.018881 10.504294
-5.173620 -5.706734 10.415645
-5.715345 -4.021995 9.776903
-5.225098 -5.388760 10.338622
-5.261974 -5.066239 10.273650
-5.701663 -3.719498 9.757354
-5.284177 -4.740031 10.220878
-5.675089 -3.418315 9.748997
-5.291601 -4.411424 10.180531
-5.635559 -3.119615 9.752004
-5.284279 -4.081653 10.152707
-5.584715 -2.736293 9.755963
-5.262237 -3.751641 10.137482
-5.225455 -3.422437 10.134979
-5.549956 -2.349756 9.745798
-5.174212 -3.095591 10.145121
-5.531462 -1.961489 9.721505
-5.108186 -2.675848 10.158332
-5.529363 -1.572792 9.683110
-5.543501 -1.184767 9.630862
-5.060378 -2.253593 10.155661
-5.573864 -0.798769 9.564909
-5.030963 -1.830005 10.137082
-5.620444 -0.416153 9.485402
-5.683082 -0.038021 9.392588
-5.761531 0.334282 9.286819
-5.020025 -1.406505 10.102667
-5.855495 0.699597 9.168469
-5.964727 1.056579 9.037888
-6.088782 1.404323 8.895552
-9.174233 5.276622 5.849375
-10.067807 7.631239 4.839654
-9.341404 5.472879 5.685733
-9.952573 7.348432 4.967711
-9.824408 7.076141 5.105769
-9.683715 6.815149 5.253401
-8.998833 5.094321 6.018630
-9.531123 6.566540 5.409955
-9.366990 6.330976 5.575058
-8.815756 4.926506 6.192971
-9.191944 6.109540 5.748057
-8.625645 4.773646 6.371796
-9.006535 5.902764 5.928425
-8.429139 4.636513 6.554479
-8.811497 5.711357 6.115462
-8.176892 4.460657 6.788964
-8.607466 5.536094 6.308540
-8.395037 5.377626 6.507084
-7.932509 4.265194 7.018733
-8.175141 5.236225 6.710264
-7.696958 4.050821 7.242883
-7.892714 5.055150 6.971168
-7.471069 3.818183 7.460638
-7.255381 3.568119 7.671447
-7.619804 4.852427 7.226149
-7.050673 3.301460 7.874558
-7.357197 4.628579 7.474480
-6.857721 3.019037 8.069218
-6.677066 2.721688 8.254876
-6.509337 2.410498 8.430882
-7.105852 4.384611 7.715234
-6.355023 2.086493 8.596710
-6.214754 1.750755 8.751708
-5.027649 -0.984512 10.052491
-6.866599 4.121169 7.947634
-5.053731 -0.565315 9.986778
-6.640161 3.839269 8.170953
-5.098266 -0.150580 9.905701
-6.427368 3.539554 8.384415
-5.161142 0.258715 9.809461
-6.228892 3.223229 8.587317
-5.241981 0.660859 9.698557
-6.045319 2.891256 8.779058
-5.340669 1.054872 9.573189
-5.877277 2.544717 8.958988
-5.456872 1.439165 9.433806
-5.725438 2.184816 9.126405
-5.590101 1.812712 9.280935
-10.169622 7.923534 4.722122
-14.684767 4.832904 1.170030
-13.722313 2.474134 2.239244
-13.747647 2.774591 2.186450
-13.785819 3.072163 2.122947
-13.836746 3.365998 2.048892
-13.900296 3.655127 1.964500
-9.916327 6.382165 5.098713
-9.787647 6.137618 5.234343
-9.648609 5.904095 5.377716
-9.499710 5.682317 5.528329
-9.397635 -9.994242 7.350347
-9.443866 -9.708580 7.167779
-9.499552 -9.701865 7.232720
-9.341950 -10.000957 7.285406
-14.291951 -12.982277 3.462509
-14.187315 -13.272791 3.582276
-14.291951 -12.982277 3.462509
-9.556136 -9.695041 7.298708
-14.348536 -12.975453 3.528497
-9.499552 -9.701865 7.232720
-12.757291 -6.185086 4.190785
-19.482123 1.277501 -2.347395
-12.518028 -6.448522 4.423193
-12.983706 -5.903018 3.967469
-13.196484 -5.603445 3.754035
-13.395022 -5.287012 3.551068
-13.578542 -4.955153 3.359384
-13.746575 -4.608607 3.179461
-13.898461 -4.248739 3.012007
-14.033769 -3.876615 2.857500
-12.266712 -6.692509 4.663925
-12.004149 -6.916236 4.912206
-11.731229 -7.118952 5.167194
-11.448768 -7.300155 5.428140
-11.228839 -7.441382 5.631331
-11.016443 -7.600024 5.829864
-10.812374 -7.775261 6.022973
-10.617350 -7.966527 6.209982
-10.431980 -8.173329 6.390320
-10.256900 -8.394893 6.563362
-10.092782 -8.630316 6.728437
-9.940107 -8.879020 6.885072
-9.799487 -9.139910 7.032631
-9.748703 -9.247855 7.087341
-9.671351 -9.412221 7.170666
-14.603855 -0.657406 2.035760
-14.689723 4.557912 1.422816
-14.596240 -1.079405 2.085929
-14.570136 -1.498434 2.151644
-14.525585 -1.913311 2.232748
-14.462772 -2.322497 2.328924
-14.381880 -2.724756 2.439885
-14.283183 -3.118762 2.565261
-14.167028 -3.503088 2.704606
-14.592946 -0.233925 2.001323
-14.563575 0.189785 1.982693
-14.515758 0.612046 1.980030
-14.449697 1.031661 1.993284
-14.398421 1.358681 2.003436
-14.361672 1.687711 2.000923
-14.339592 2.017749 1.985727
-14.332285 2.347662 1.957877
-14.339747 2.676242 1.917499
-14.361916 3.002323 1.864770
-14.398807 3.324984 1.799770
-14.450203 3.642863 1.722827
-14.516014 3.955112 1.634105
-14.595927 4.260431 1.534007
-14.633139 4.551089 1.356828
-19.425539 1.270677 -2.413383
-14.633139 4.551089 1.356828
-19.530132 1.561070 -2.533100
-19.425539 1.270677 -2.413383
-14.740453 4.839620 1.234971
-14.797037 4.846444 1.300959
-19.586716 1.567894 -2.467112
-14.740453 4.839620 1.234971
-10.225308 7.930250 4.787063
-14.684767 4.832904 1.170030
-10.169622 7.923534 4.722122
-10.067807 7.631239 4.839654
-10.169622 7.923534 4.722122
-9.952573 7.348432 4.967711
-10.123493 7.637955 4.904595
-10.067807 7.631239 4.839654
-10.180077 7.644778 4.970583
-10.064843 7.361972 5.098640
-4.934220 -6.621714 10.715546
-5.140267 -6.310681 10.735298
-5.027997 -6.324220 10.604370
-5.046490 -6.608175 10.846475
-4.989906 -6.614999 10.780487
-9.824408 7.076141 5.105769
-9.936678 7.089680 5.236697
-9.683715 6.815149 5.253401
-9.795985 6.828689 5.384329
-9.531123 6.566540 5.409955
-9.643393 6.580079 5.540884
-9.366990 6.330976 5.575058
-9.479260 6.344515 5.705987
-9.191944 6.109540 5.748057
-9.304214 6.123080 5.878985
-9.006535 5.902764 5.928425
-9.118805 5.916304 6.059354
-8.811497 5.711357 6.115462
-8.923767 5.724897 6.246390
-8.607466 5.536094 6.308540
-8.719736 5.549633 6.439469
-8.395037 5.377626 6.507084
-8.507307 5.391166 6.638012
-8.175141 5.236225 6.710264
-8.287411 5.249764 6.841193
-7.892714 5.055150 6.971168
-8.287411 5.249764 6.841193
-8.175141 5.236225 6.710264
-8.004984 5.068690 7.102096
-7.619804 4.852427 7.226149
-7.732074 4.865967 7.357077
-7.357197 4.628579 7.474480
-7.469467 4.642118 7.605408
-7.105852 4.384611 7.715234
-7.218122 4.398151 7.846163
-6.866599 4.121169 7.947634
-6.978869 4.134708 8.078563
-6.640161 3.839269 8.170953
-6.752431 3.852808 8.301882
-6.427368 3.539554 8.384415
-6.539638 3.553093 8.515343
-6.228892 3.223229 8.587317
-6.341162 3.236769 8.718245
-6.045319 2.891256 8.779058
-6.157589 2.904795 8.909987
-5.877277 2.544717 8.958988
-5.989547 2.558256 9.089917
-5.725438 2.184816 9.126405
-5.837708 2.198355 9.257334
-5.590101 1.812712 9.280935
-5.702371 1.826251 9.411863
-5.456872 1.439165 9.433806
-5.702371 1.826251 9.411863
-5.590101 1.812712 9.280935
-5.569142 1.452704 9.564734
-5.340669 1.054872 9.573189
-5.452939 1.068411 9.704117
-5.241981 0.660859 9.698557
-5.354251 0.674399 9.829485
-5.161142 0.258715 9.809461
-5.273412 0.272254 9.940390
-5.098266 -0.150580 9.905701
-5.210536 -0.137040 10.036630
-5.053731 -0.565315 9.986778
-5.166001 -0.551776 10.117706
-5.027649 -0.984512 10.052491
-5.139920 -0.970972 10.183420
-5.020025 -1.406505 10.102667
-5.132295 -1.392965 10.233596
-5.030963 -1.830005 10.137082
-5.143233 -1.816466 10.268010
-5.060378 -2.253593 10.155661
-5.172648 -2.240054 10.286590
-5.108186 -2.675848 10.158332
-5.220456 -2.662308 10.289261
-5.174212 -3.095591 10.145121
-5.286482 -3.082052 10.276050
-5.225455 -3.422437 10.134979
-5.286482 -3.082052 10.276050
-5.174212 -3.095591 10.145121
-5.337726 -3.408898 10.265908
-5.262237 -3.751641 10.137482
-5.374507 -3.738102 10.268411
-5.284279 -4.081653 10.152707
-5.396549 -4.068113 10.283636
-5.291601 -4.411424 10.180531
-5.403871 -4.397885 10.311459
-5.284177 -4.740031 10.220878
-5.396447 -4.726492 10.351806
-5.261974 -5.066239 10.273650
-5.374244 -5.052700 10.404578
-5.225098 -5.388760 10.338622
-5.337368 -5.375221 10.469551
-5.173620 -5.706734 10.415645
-5.285890 -5.693195 10.546574
-5.107881 -6.018881 10.504294
-5.220151 -6.005341 10.635223
-5.076227 -6.139920 10.543954
-5.188497 -6.126381 10.674883
-5.188497 -6.126381 10.674883
-5.076227 -6.139920 10.543954
-14.684767 4.832904 1.170030
-14.577453 4.544373 1.291887
-14.595927 4.260431 1.534007
-14.633139 4.551089 1.356828
-14.689723 4.557912 1.422816
-14.577453 4.544373 1.291887
-14.483657 4.246892 1.403079
-14.516014 3.955112 1.634105
-14.403744 3.941572 1.503177
-14.450203 3.642863 1.722827
-14.337933 3.629324 1.591898
-14.398807 3.324984 1.799770
-14.286537 3.311445 1.668842
-14.361916 3.002323 1.864770
-14.249646 2.988783 1.733841
-14.339747 2.676242 1.917499
-14.227477 2.662703 1.786571
-14.332285 2.347662 1.957877
-14.220015 2.334122 1.826948
-14.339592 2.017749 1.985727
-14.227322 2.004210 1.854799
-14.361672 1.687711 2.000923
-14.249402 1.674172 1.869994
-14.398421 1.358681 2.003436
-14.286151 1.345142 1.872507
-14.449697 1.031661 1.993284
-14.337427 1.018122 1.862355
-14.515758 0.612046 1.980030
-14.337427 1.018122 1.862355
-14.449697 1.031661 1.993284
-14.403488 0.598506 1.849101
-14.563575 0.189785 1.982693
-14.451304 0.176245 1.851764
-14.592946 -0.233925 2.001323
-14.480676 -0.247464 1.870394
-14.603855 -0.657406 2.035760
-14.491585 -0.670945 1.904831
-14.596240 -1.079405 2.085929
-14.483970 -1.092944 1.955000
-14.570136 -1.498434 2.151644
-14.457866 -1.511973 2.020716
-14.525585 -1.913311 2.232748
-14.413315 -1.926850 2.101820
-14.462772 -2.322497 2.328924
-14.350502 -2.336037 2.197995
-14.381880 -2.724756 2.439885
-14.269610 -2.738296 2.308957
-14.283183 -3.118762 2.565261
-14.170913 -3.132302 2.434333
-14.167028 -3.503088 2.704606
-14.054758 -3.516628 2.573678
-14.033769 -3.876615 2.857500
-13.921499 -3.890155 2.726571
-13.898461 -4.248739 3.012007
-13.921499 -3.890155 2.726571
-14.033769 -3.876615 2.857500
-13.786191 -4.262278 2.881078
-13.746575 -4.608607 3.179461
-13.634305 -4.622146 3.048533
-13.578542 -4.955153 3.359384
-13.466272 -4.968692 3.228455
-13.395022 -5.287012 3.551068
-13.282752 -5.300551 3.420139
-13.196484 -5.603445 3.754035
-13.084214 -5.616984 3.623107
-12.983706 -5.903018 3.967469
-12.871436 -5.916558 3.836540
-12.757291 -6.185086 4.190785
-12.645021 -6.198625 4.059857
-12.518028 -6.448522 4.423193
-12.405758 -6.462061 4.292264
-12.266712 -6.692509 4.663925
-12.154442 -6.706048 4.532996
-12.004149 -6.916236 4.912206
-11.891879 -6.929775 4.781277
-11.731229 -7.118952 5.167194
-11.618959 -7.132491 5.036266
-11.448768 -7.300155 5.428140
-11.336498 -7.313694 5.297212
-11.228839 -7.441382 5.631331
-11.336498 -7.313694 5.297212
-11.448768 -7.300155 5.428140
-11.116569 -7.454922 5.500403
-11.016443 -7.600024 5.829864
-10.904173 -7.613563 5.698936
-10.812374 -7.775261 6.022973
-10.700104 -7.788800 5.892044
-10.617350 -7.966527 6.209982
-10.505080 -7.980066 6.079053
-10.431980 -8.173329 6.390320
-10.319710 -8.186868 6.259392
-10.256900 -8.394893 6.563362
-10.144630 -8.408432 6.432433
-10.092782 -8.630316 6.728437
-9.980512 -8.643855 6.597508
-9.940107 -8.879020 6.885072
-9.827837 -8.892559 6.754143
-9.799487 -9.139910 7.032631
-9.687217 -9.153449 6.901702
-9.748703 -9.247855 7.087341
-9.636433 -9.261394 6.956412
-9.671351 -9.412221 7.170666
-9.636433 -9.261394 6.956412
-9.748703 -9.247855 7.087341
-9.559081 -9.425760 7.039737
-9.556136 -9.695041 7.298708
-9.443866 -9.708580 7.167779
-9.499552 -9.701865 7.232720
-5.374359 -6.622855 10.566849
-9.397530 -9.039710 7.366943
-9.302528 -9.311699 7.476533
-14.176367 4.228309 1.897098
-5.474132 -6.354132 10.453506
-5.562131 -6.077652 10.349457
-10.252968 6.913887 4.983660
-10.146386 6.650128 5.102329
-5.607852 -5.906617 10.292565
-10.028597 6.395704 5.229642
-5.637962 -5.794509 10.255153
-5.701502 -5.505373 10.170768
-9.899917 6.151157 5.365272
-5.752410 -5.211525 10.096728
-9.760879 5.917635 5.508644
-5.790572 -4.913946 10.033232
-9.611980 5.695856 5.659258
-5.815916 -4.613496 9.980431
-9.453674 5.486418 5.816662
-5.828285 -4.311276 9.938572
-9.286503 5.290161 5.980304
-5.827615 -4.008456 9.907832
-9.111104 5.107860 6.149559
-5.813933 -3.705959 9.888283
-8.928026 4.940046 6.323900
-5.787359 -3.404776 9.879925
-8.737915 4.787185 6.502725
-5.747829 -3.106076 9.882933
-8.541409 4.650052 6.685408
-5.696985 -2.722754 9.886892
-8.289162 4.474196 6.919892
-5.662226 -2.336217 9.876726
-8.044779 4.278733 7.149661
-5.643732 -1.947950 9.852434
-7.809228 4.064360 7.373812
-5.641633 -1.559253 9.814039
-7.583339 3.831722 7.591567
-5.655771 -1.171228 9.761791
-7.367651 3.581659 7.802376
-5.686134 -0.785230 9.695838
-7.162943 3.315000 8.005486
-5.732714 -0.402614 9.616330
-6.969991 3.032576 8.200146
-5.795352 -0.024482 9.523517
-6.789336 2.735228 8.385805
-5.873801 0.347821 9.417748
-6.621607 2.424037 8.561811
-5.967765 0.713136 9.299398
-6.467293 2.100032 8.727639
-6.076997 1.070118 9.168817
-6.327024 1.764295 8.882637
-6.201052 1.417862 9.026480
-10.347952 7.185889 4.874085
-14.276121 4.497045 1.783770
-13.323504 -3.890137 3.467944
-13.573530 -3.195961 3.181764
-13.449408 -3.543659 3.324153
-13.183206 -4.225855 3.622965
-13.682734 -2.838959 3.051206
-13.028911 -4.549873 3.788777
-13.776717 -2.473657 2.932841
-12.861154 -4.861044 3.964806
-13.855138 -2.101335 2.827094
-12.680479 -5.158379 4.150480
-13.917756 -1.723190 2.734296
-12.487527 -5.440803 4.345140
-13.964336 -1.340573 2.654788
-12.282867 -5.707495 4.548213
-13.994747 -0.954608 2.588798
-12.067189 -5.957565 4.759014
-14.008895 -0.566590 2.536542
-11.841222 -6.190151 4.976829
-14.006719 -0.177840 2.498207
-11.605691 -6.404536 5.200965
-13.988244 0.210413 2.473900
-11.361356 -6.600032 5.430696
-13.953533 0.596918 2.463697
-11.109061 -6.775855 5.665218
-13.902641 0.980273 2.467693
-10.912584 -6.913008 5.847879
-13.863140 1.278953 2.470678
-10.722454 -7.065856 6.026719
-13.836547 1.580149 2.462336
-10.539386 -7.233676 6.201052
-13.822874 1.882639 2.442780
-10.363986 -7.415978 6.370307
-13.822204 2.185460 2.412039
-10.196825 -7.612241 6.533942
-13.834583 2.487673 2.370173
-10.038510 -7.821672 6.691353
-13.859917 2.788130 2.317379
-9.889620 -8.043458 6.841959
-13.898089 3.085702 2.253875
-9.750601 -8.276993 6.985317
-13.949016 3.379537 2.179820
-9.621930 -8.521547 7.120939
-14.012566 3.668666 2.095428
-9.575268 -8.622325 7.171374
-14.088397 3.951810 2.001124
-9.504142 -8.775971 7.248252
-14.064097 4.214770 1.766169
-14.163851 4.483506 1.652841
-13.976127 3.938271 1.870195
-13.900296 3.655127 1.964500
-13.836746 3.365998 2.048892
-13.785819 3.072163 2.122947
-13.747647 2.774591 2.186450
-13.722313 2.474134 2.239244
-13.709934 2.171921 2.281110
-13.710604 1.869100 2.311851
-13.724277 1.566610 2.331407
-13.750870 1.265414 2.339750
-13.790371 0.966734 2.336765
-13.841263 0.583379 2.332768
-13.875974 0.196874 2.342971
-13.894449 -0.191379 2.367279
-13.896625 -0.580129 2.405613
-13.882477 -0.968147 2.457869
-13.852066 -1.354113 2.523859
-13.805486 -1.736729 2.603367
-13.742868 -2.114874 2.696166
-13.664447 -2.487196 2.801912
-13.570464 -2.852498 2.920277
-13.461260 -3.209500 3.050836
-13.337138 -3.557198 3.193225
-13.211234 -3.903676 3.337015
-13.070936 -4.239394 3.492036
-12.916641 -4.563412 3.657849
-12.748883 -4.874583 3.833878
-12.568209 -5.171919 4.019551
-12.375257 -5.454342 4.214211
-12.170597 -5.721034 4.417284
-11.954919 -5.971104 4.628085
-11.728952 -6.203690 4.845901
-11.493421 -6.418075 5.070036
-11.249086 -6.613572 5.299767
-10.996791 -6.789394 5.534290
-10.800314 -6.926547 5.716950
-10.610184 -7.079395 5.895790
-10.427116 -7.247216 6.070124
-10.251716 -7.429517 6.239379
-10.084555 -7.625780 6.403013
-9.926240 -7.835212 6.560425
-9.777350 -8.056997 6.711030
-9.638331 -8.290532 6.854388
-9.509660 -8.535086 6.990011
-9.462998 -8.635864 7.040445
-9.391872 -8.789510 7.117323
-9.285260 -9.053249 7.236015
-9.190258 -9.325238 7.345605
-5.262089 -6.636394 10.435920
-5.361862 -6.367671 10.322577
-5.449860 -6.091192 10.218528
-5.525692 -5.808048 10.124224
-5.495582 -5.920156 10.161636
-5.589232 -5.518912 10.039840
-5.640140 -5.225064 9.965800
-5.678302 -4.927486 9.902304
-5.703646 -4.627035 9.849502
-5.716015 -4.324816 9.807644
-5.715345 -4.021995 9.776903
-5.701663 -3.719498 9.757354
-5.675089 -3.418315 9.748997
-5.584715 -2.736293 9.755963
-5.635559 -3.119615 9.752004
-5.549956 -2.349756 9.745798
-5.531462 -1.961489 9.721505
-5.529363 -1.572792 9.683110
-5.543501 -1.184767 9.630862
-5.573864 -0.798769 9.564909
-5.620444 -0.416153 9.485402
-5.683082 -0.038021 9.392588
-5.761531 0.334282 9.286819
-5.855495 0.699597 9.168469
-5.964727 1.056579 9.037888
-6.088782 1.404323 8.895552
-6.214754 1.750755 8.751708
-6.355023 2.086493 8.596710
-6.509337 2.410498 8.430882
-6.677066 2.721688 8.254876
-6.857721 3.019037 8.069218
-7.050673 3.301460 7.874558
-7.255381 3.568119 7.671447
-7.471069 3.818183 7.460638
-7.696958 4.050821 7.242883
-7.932509 4.265194 7.018733
-8.176892 4.460657 6.788964
-8.625645 4.773646 6.371796
-8.429139 4.636513 6.554479
-8.815756 4.926506 6.192971
-8.998833 5.094321 6.018630
-9.174233 5.276622 5.849375
-9.341404 5.472879 5.685733
-9.499710 5.682317 5.528329
-9.648609 5.904095 5.377716
-9.787647 6.137618 5.234343
-9.916327 6.382165 5.098713
-10.034116 6.636589 4.971401
-10.140698 6.900348 4.852732
-10.235682 7.172349 4.743157
0.923230 18.386109 12.695009
0.698690 18.413187 12.956866
8.028738 -1.341708 20.827957
7.804198 -1.314630 21.089814
1.442929 -5.849714 15.646860
1.218389 -5.822636 15.908717
-5.662579 13.878103 7.513912
-5.887119 13.905182 7.775769
-8.546150 -11.210700 8.434880
-8.524954 -10.874541 8.868176
-8.609865 -11.098255 8.399706
-8.461823 -10.987387 8.902890
-8.182755 -11.042353 8.162153
-8.271869 -10.794936 8.060153
-8.219567 -10.917681 8.106722
-8.163381 -11.160564 8.222079
-8.335531 -10.682605 8.025037
-8.162963 -11.264090 8.282521
-8.406431 -10.588124 8.003849
-8.181328 -11.346087 8.339260
-8.479541 -10.518125 7.997927
-8.216729 -11.400868 8.387721
-8.549310 -10.477485 8.007049
-8.612564 -10.468687 8.032367
-8.268263 -11.424606 8.426452
-8.664098 -10.492424 8.071098
-8.331517 -11.415807 8.451770
-8.700397 -10.547097 8.120606
-8.402184 -11.375058 8.461940
-8.718762 -10.629093 8.177346
-8.475295 -11.305060 8.456018
-8.718300 -10.732741 8.237837
-8.546150 -11.210700 8.434880
-8.698979 -10.850838 8.297706
-8.609865 -11.098255 8.399706
-8.661260 -10.975611 8.352097
-8.475295 -11.305060 8.456018
-8.390970 -11.082471 8.922272
-8.389514 -10.640826 9.316762
-8.326672 -10.754593 9.349494
-8.577065 -10.751665 8.821758
-8.661260 -10.975611 8.352097
-8.614068 -10.627124 8.766176
-8.698979 -10.850838 8.297706
-8.633973 -10.509427 8.705848
-8.718300 -10.732741 8.237837
-8.634438 -10.406505 8.643600
-8.718762 -10.629093 8.177346
-8.617251 -10.325315 8.585934
-8.700397 -10.547097 8.120606
-8.664098 -10.492424 8.071098
-8.581433 -10.271694 8.534293
-8.612564 -10.468687 8.032367
-8.530485 -10.249081 8.493346
-8.549310 -10.477485 8.007049
-8.467809 -10.258998 8.465821
-8.479541 -10.518125 7.997927
-8.397632 -10.300806 8.453510
-8.324802 -10.371720 8.457458
-8.406431 -10.588124 8.003849
-8.253905 -10.466925 8.476890
-8.335531 -10.682605 8.025037
-8.190808 -10.579642 8.511562
-8.271869 -10.794936 8.060153
-8.138707 -10.702525 8.557973
-8.219567 -10.917681 8.106722
-8.101694 -10.827060 8.613562
-8.182755 -11.042353 8.162153
-8.081755 -10.944884 8.673933
-8.163381 -11.160564 8.222079
-8.081335 -11.047686 8.736130
-8.162963 -11.264090 8.282521
-8.099420 -11.128767 8.794844
-8.181328 -11.346087 8.339260
-8.135227 -11.182381 8.846493
-8.216729 -11.400868 8.387721
-8.186185 -11.205000 8.887432
-8.268263 -11.424606 8.426452
-8.248852 -11.195078 8.914965
-8.331517 -11.415807 8.451770
-8.319038 -11.153276 8.927268
-8.402184 -11.375058 8.461940
-8.256827 -10.851090 9.366329
-8.204606 -10.403620 9.730594
-8.142112 -10.518348 9.761299
-8.441213 -10.517667 9.270667
-8.478628 -10.393409 9.214762
-8.498822 -10.276633 9.152451
-8.500295 -10.175124 9.087657
-8.483802 -10.095855 9.025936
-8.449081 -10.044432 8.969924
-8.399431 -10.024153 8.924449
-8.338062 -10.036411 8.892386
-8.268973 -10.080409 8.875713
-8.197735 -10.153136 8.876654
-8.127846 -10.249755 8.893539
-8.065049 -10.363400 8.926221
-8.013350 -10.486559 8.972315
-7.975935 -10.610817 9.028221
-7.955696 -10.727714 9.090582
-7.954267 -10.829102 9.155326
-7.970760 -10.908371 9.217046
-8.005481 -10.959794 9.273058
-8.055131 -10.980072 9.318534
-8.116500 -10.967815 9.350596
-8.185590 -10.923817 9.367270
-8.074240 -10.616196 9.776582
-7.972178 -10.164981 10.106389
-7.910958 -10.280581 10.136091
-8.255874 -10.280167 9.684839
-8.293720 -10.156203 9.628595
-8.314262 -10.040389 9.564257
-8.317707 -9.940230 9.497910
-8.301996 -9.862942 9.432067
-8.269375 -9.813679 9.372649
-8.221147 -9.795821 9.322547
-8.162098 -9.810389 9.286905
-8.095119 -9.856555 9.266817
-8.024652 -9.931256 9.263644
-7.955838 -10.029333 9.277929
-7.894286 -10.143831 9.309631
-7.842120 -10.267393 9.354339
-7.805172 -10.391249 9.411631
-7.783688 -10.507293 9.474972
-7.781184 -10.607222 9.542316
-7.796906 -10.684516 9.608151
-7.829517 -10.733773 9.667577
-7.876847 -10.751740 9.716632
-7.936793 -10.737062 9.753321
-8.003783 -10.690903 9.773401
-7.844219 -10.379927 10.148729
-7.695142 -9.926901 10.441854
-7.635225 -10.043393 10.470531
-8.023913 -10.041124 10.062020
-8.061292 -9.917564 10.004389
-8.083108 -9.802621 9.939049
-8.087686 -9.703961 9.870057
-8.073720 -9.628591 9.801087
-8.043286 -9.581548 9.738195
-7.998372 -9.565958 9.685485
-7.940832 -9.583006 9.645148
-7.876029 -9.631385 9.621594
-7.807318 -9.708010 9.615285
-7.740535 -9.807478 9.627973
-7.679368 -9.922963 9.657618
-7.627633 -10.046820 9.701987
-7.590254 -10.170380 9.759618
-7.568385 -10.285437 9.825016
-7.563851 -10.383976 9.893958
-7.577817 -10.459346 9.962928
-7.608251 -10.506389 10.025820
-7.654072 -10.521877 10.079570
-7.710704 -10.504931 10.118867
-7.775507 -10.456552 10.142420
-7.569666 -10.144270 10.480486
-7.374700 -9.691649 10.732536
-7.316095 -9.809039 10.760181
-7.746436 -9.802742 10.397832
-7.784256 -9.679484 10.339854
-7.807375 -9.565433 10.273489
-7.813134 -9.468304 10.201814
-7.801859 -9.394777 10.130726
-7.773660 -9.349986 10.064322
-7.731220 -9.336813 10.007912
-7.677052 -9.356168 9.964923
-7.614483 -9.406800 9.937857
-7.548473 -9.485274 9.929423
-7.482861 -9.586267 9.939436
-7.422090 -9.702745 9.967016
-7.371693 -9.826795 10.012086
-7.332976 -9.950162 10.069016
-7.310711 -10.064226 10.136478
-7.305006 -10.161240 10.208096
-7.316270 -10.234761 10.279191
-7.344470 -10.279552 10.345595
-7.386920 -10.292732 10.401997
-7.441078 -10.273369 10.444994
-7.503647 -10.222738 10.472060
-7.252616 -9.911339 10.768500
-7.014730 -9.461157 10.977138
-6.957466 -9.579465 11.003728
-7.425544 -9.567182 10.688868
-7.463814 -9.444232 10.630536
-7.488245 -9.331080 10.563138
-7.496083 -9.235373 10.489828
-7.487529 -9.163708 10.416600
-7.462500 -9.121088 10.347702
-7.422553 -9.110344 10.287576
-7.371786 -9.132028 10.241912
-7.312388 -9.184830 10.212352
-7.248191 -9.265268 10.200738
-7.184667 -9.367690 10.209107
-7.126106 -9.484958 10.236703
-7.075262 -9.609425 10.280370
-7.036992 -9.732375 10.338702
-7.012517 -9.845649 10.406150
-7.004723 -9.941234 10.479410
-7.014175 -10.012791 10.553685
-7.039204 -10.055411 10.622584
-7.078253 -10.066263 10.681662
-7.129919 -10.044471 10.728374
-7.189317 -9.991670 10.757934
-6.895998 -9.683142 11.010465
-6.617360 -9.237604 11.172233
-6.561341 -9.356764 11.197843
-7.065095 -9.336362 10.933847
-7.103844 -9.213740 10.875138
-7.129616 -9.101505 10.806686
-7.139465 -9.007176 10.731793
-7.133690 -8.937412 10.656380
-7.111822 -8.896956 10.584994
-7.076126 -8.888399 10.523279
-7.028807 -8.912443 10.474901
-6.972570 -8.967409 10.442854
-6.911953 -9.049575 10.430177
-6.850537 -9.153439 10.436889
-6.792419 -9.271734 10.462382
-6.742856 -9.396354 10.506796
-6.703305 -9.519151 10.564382
-6.678387 -9.631398 10.633932
-6.668486 -9.725541 10.708850
-6.674358 -9.795370 10.784188
-6.696225 -9.835826 10.855573
-6.731826 -9.844318 10.917364
-6.779240 -9.820339 10.965666
-6.835477 -9.765374 10.997713
-6.502974 -9.461841 11.203894
-6.187308 -9.022774 11.317615
-6.132630 -9.142852 11.342171
-6.667342 -9.112547 11.129243
-6.706474 -8.990187 11.070233
-6.733491 -8.878805 11.000801
-6.746442 -8.785875 10.925222
-6.743253 -8.717882 10.847774
-6.725444 -8.679481 10.774949
-6.693999 -8.673111 10.711643
-6.650033 -8.699450 10.660628
-6.597856 -8.756471 10.627141
-6.539921 -8.840473 10.612355
-6.481511 -8.945672 10.618456
-6.425536 -9.064711 10.644016
-6.375554 -9.189768 10.687006
-6.336422 -9.312128 10.746016
-6.309361 -9.423631 10.815498
-6.296454 -9.516439 10.891027
-6.299643 -9.584432 10.968475
-6.317452 -9.622833 11.041300
-6.349699 -9.629030 11.105728
-6.392863 -9.602865 11.155621
-6.445040 -9.545844 11.189107
-6.077078 -9.249133 11.347762
-5.727544 -8.818700 11.410950
-5.675010 -8.939522 11.435573
-6.235913 -8.897498 11.273955
-6.276422 -8.775357 11.215616
-6.304781 -8.664893 11.145128
-6.320545 -8.573166 11.069090
-6.320936 -8.506901 10.990579
-6.307091 -8.470490 10.916390
-6.279095 -8.466480 10.850371
-6.240182 -8.494832 10.798888
-6.191968 -8.553843 10.764038
-6.137614 -8.639573 10.748188
-6.081215 -8.746149 10.752707
-6.027384 -8.865931 10.778335
-5.977881 -8.991316 10.820948
-5.938270 -9.113349 10.880335
-5.909065 -9.224108 10.949749
-5.894147 -9.315539 11.026861
-5.893756 -9.381804 11.105371
-5.907601 -9.418215 11.179560
-5.934795 -9.422399 11.244456
-5.974510 -9.393873 11.297062
-6.022724 -9.334862 11.331913
-5.621469 -9.047179 11.439582
-5.241840 -8.627240 11.451023
-5.191354 -8.748741 11.475789
-5.775766 -8.693161 11.367591
-5.816658 -8.571283 11.308950
-5.847160 -8.461563 11.238530
-5.864937 -8.371213 11.160909
-5.869710 -8.306502 11.082459
-5.859733 -8.272015 11.006981
-5.836694 -8.269952 10.940570
-5.801937 -8.300425 10.887572
-5.757590 -8.361361 10.851433
-5.707619 -8.448644 10.835644
-5.654130 -8.556489 10.839627
-5.601544 -8.677124 10.864276
-5.553322 -8.802663 10.907634
-5.512430 -8.924541 10.966275
-5.481980 -9.034448 11.036670
-5.464152 -9.124610 11.114316
-5.459378 -9.189322 11.192767
-5.469355 -9.223809 11.268244
-5.492394 -9.225871 11.334655
-5.527151 -9.195398 11.387653
-5.571498 -9.134463 11.423792
-5.140627 -8.857601 11.479338
-4.745619 -8.453167 11.439733
-4.695708 -8.575061 11.464047
-5.289678 -8.501439 11.407965
-5.330954 -8.379823 11.349023
-5.363504 -8.270781 11.278747
-5.384094 -8.181635 11.200666
-5.393155 -8.118412 11.122351
-5.387944 -8.085741 11.046631
-5.369766 -8.085560 10.979904
-5.339871 -8.117915 10.926589
-5.300290 -8.180666 10.890209
-5.253612 -8.269481 10.873583
-5.202937 -8.378528 10.877106
-5.152494 -8.499908 10.901823
-5.104656 -8.625709 10.944880
-5.063380 -8.747325 11.003822
-5.030787 -8.856488 11.074149
-5.010144 -8.945447 11.152255
-5.002078 -9.008627 11.231542
-5.007289 -9.041298 11.307261
-5.025466 -9.041479 11.373989
-5.055362 -9.009124 11.427304
-5.094942 -8.946373 11.463684
-4.646741 -8.684403 11.467965
-4.674380 -8.332443 10.890321
-4.585266 -8.579860 10.992320
-4.626828 -8.458441 10.933152
-4.724247 -8.210670 10.866057
-4.552097 -8.688630 11.063099
-4.773258 -8.101207 10.862089
-4.529790 -8.777173 11.140761
-4.817793 -8.011648 10.878647
-4.519580 -8.839609 11.219980
-4.854235 -7.948195 10.913988
-4.521654 -8.871578 11.294660
-4.881700 -7.914900 10.967460
-4.537400 -8.870819 11.361546
-4.897447 -7.914140 11.034346
-4.564865 -8.837523 11.415019
-4.900515 -7.946066 11.109998
-4.602302 -8.774028 11.451331
-4.890209 -8.008437 11.189293
-4.646741 -8.684403 11.467965
-4.867858 -8.097102 11.267004
-4.695708 -8.575061 11.464047
-4.834733 -8.205750 11.337733
-4.745619 -8.453167 11.439733
-4.792272 -8.327277 11.395854
-4.792272 -8.327277 11.395854
-4.834733 -8.205750 11.337733
-4.867858 -8.097102 11.267004
-4.890209 -8.008437 11.189293
-4.900515 -7.946066 11.109998
-4.897447 -7.914140 11.034346
-4.881700 -7.914900 10.967460
-4.854235 -7.948195 10.913988
-4.817793 -8.011648 10.878647
-4.773258 -8.101207 10.862089
-4.724247 -8.210670 10.866057
-4.674380 -8.332443 10.890321
-4.626828 -8.458441 10.933152
-4.585266 -8.579860 10.992320
-4.552097 -8.688630 11.063099
-4.529790 -8.777173 11.140761
-4.519580 -8.839609 11.219980
-4.521654 -8.871578 11.294660
-4.537400 -8.870819 11.361546
-4.564865 -8.837523 11.415019
-4.602302 -8.774028 11.451331
-8.358335 -10.727041 8.690389
-8.440414 -10.946646 8.229410
-8.227281 -10.502113 9.121491
-8.048997 -10.273780 9.519589
-7.826222 -10.043918 9.882527
-7.559070 -9.814772 10.204955
-7.250403 -9.588304 10.484619
-6.903976 -9.366358 10.720321
-6.521849 -9.151070 10.908686
-6.106945 -8.944440 11.047414
-5.664544 -8.747912 11.137613
-5.197616 -8.563520 11.176946
-4.709550 -8.392859 11.164503
-0.063940 8.563120 13.736645
-0.065360 8.292508 14.215122
0.008551 8.635929 13.822365
-0.138114 8.220427 14.129101
0.362262 8.431506 13.550622
0.557489 8.565140 13.704208
0.466358 8.494638 13.622382
0.252937 8.379861 13.493307
0.630076 8.638014 13.790004
0.146389 8.343133 13.453289
0.679767 8.708232 13.872902
0.048567 8.324031 13.435391
0.701783 8.771159 13.949280
-0.033609 8.323761 13.439935
0.694997 8.822494 14.013134
0.660181 8.858627 14.060010
-0.094097 8.342321 13.466614
0.599649 8.877308 14.086639
-0.128957 8.378575 13.513440
0.517569 8.877104 14.091258
-0.135647 8.429975 13.577369
0.419652 8.857936 14.073285
-0.113727 8.492837 13.653672
0.313199 8.821273 14.033343
-0.063940 8.563120 13.736645
0.203778 8.769563 13.975952
0.008551 8.635929 13.822365
0.099726 8.706310 13.904242
-0.113727 8.492837 13.653672
-0.186542 8.151141 14.043534
-0.098741 7.920044 14.581630
-0.171121 7.849312 14.493961
0.025859 8.362767 14.297049
0.099726 8.706310 13.904242
0.129867 8.426142 14.368709
0.203778 8.769563 13.975952
0.239025 8.478580 14.425799
0.313199 8.821273 14.033343
0.346837 8.516240 14.463146
0.419652 8.857936 14.073285
0.445128 8.536757 14.479472
0.517569 8.877104 14.091258
0.599649 8.877308 14.086639
0.527450 8.538674 14.473054
0.660181 8.858627 14.060010
0.588181 8.521826 14.444577
0.694997 8.822494 14.013134
0.622384 8.487393 14.397000
0.701783 8.771159 13.949280
0.629413 8.437772 14.331349
0.607770 8.376193 14.253322
0.679767 8.708232 13.872902
0.559438 8.306972 14.167829
0.630076 8.638014 13.790004
0.486589 8.234826 14.081733
0.557489 8.565140 13.704208
0.395370 8.164567 13.999806
0.466358 8.494638 13.622382
0.291362 8.101192 13.928146
0.362262 8.431506 13.550622
0.182299 8.048819 13.871131
0.252937 8.379861 13.493307
0.074392 8.011093 13.833709
0.146389 8.343133 13.453289
-0.023804 7.990643 13.817459
0.048567 8.324031 13.435391
-0.106222 7.988660 13.823801
-0.033609 8.323761 13.439935
-0.166098 8.005520 13.851181
-0.094097 8.342321 13.466614
-0.201156 8.039941 13.899855
-0.128957 8.378575 13.513440
-0.208088 8.089628 13.965582
-0.135647 8.429975 13.577369
-0.219526 7.782346 14.406344
-0.089021 7.528098 14.910301
-0.161115 7.458958 14.820884
-0.007304 7.989696 14.663807
0.096486 8.053678 14.735216
0.206018 8.107465 14.790659
0.313853 8.147445 14.825957
0.412804 8.170901 14.838886
0.494712 8.176352 14.829920
0.555840 8.163173 14.797746
0.591295 8.132420 14.745375
0.598808 8.086224 14.676128
0.576927 8.027694 14.595752
0.528618 7.960793 14.508211
0.456142 7.889995 14.420467
0.364705 7.820343 14.338290
0.260915 7.756362 14.266880
0.151479 7.702640 14.211513
0.043548 7.662594 14.176140
-0.054409 7.639096 14.162238
-0.137311 7.633688 14.172176
-0.198439 7.646867 14.204350
-0.233894 7.677619 14.256721
-0.240413 7.723772 14.324997
-0.209496 7.394311 14.731219
-0.036657 7.120326 15.198537
-0.109276 7.052642 15.108519
0.002591 7.597265 14.992678
0.106206 7.661732 15.063887
0.216024 7.717111 15.117582
0.323883 7.759410 15.150831
0.421653 7.786144 15.162410
0.504002 7.795142 15.149797
0.565440 7.785874 15.113827
0.600306 7.759141 15.058707
0.607362 7.716600 14.986860
0.586140 7.661009 14.903088
0.537811 7.596550 14.813449
0.465665 7.527222 14.724007
0.374053 7.458056 14.641629
0.270438 7.393588 14.570420
0.160672 7.338397 14.516751
0.052761 7.295910 14.483476
-0.045855 7.269472 14.472971
-0.128300 7.260408 14.485508
-0.188839 7.269568 14.520431
-0.224604 7.296409 14.576598
-0.231564 7.339015 14.648520
-0.158619 6.990667 15.017754
0.057126 6.700127 15.444937
-0.015251 6.634156 15.353121
0.054276 7.188994 15.282212
0.158570 7.253960 15.352124
0.267863 7.310795 15.405217
0.374760 7.355766 15.437366
0.473146 7.385561 15.445498
0.554950 7.398457 15.430186
0.615799 7.393208 15.391467
0.650077 7.370495 15.333598
0.656632 7.331730 15.259102
0.635040 7.279552 15.172832
0.585793 7.217642 15.082141
0.513079 7.149892 14.992048
0.422146 7.081224 14.908373
0.317851 7.016258 14.838462
0.208654 6.959489 14.785444
0.101661 6.914452 14.753219
0.003415 6.884602 14.745213
-0.078529 6.871762 14.760399
-0.138480 6.876902 14.798071
-0.173656 6.899724 14.856987
-0.180071 6.938432 14.931608
-0.065511 6.574730 15.261304
0.192638 6.271412 15.645704
0.118795 6.207127 15.554285
0.149132 6.768201 15.527765
0.252353 6.833761 15.598524
0.361889 6.892309 15.649819
0.467867 6.939829 15.680917
0.565883 6.973036 15.686550
0.646332 6.989696 15.669687
0.705607 6.988817 15.629166
0.740107 6.970258 15.567400
0.745262 6.935378 15.491303
0.723344 6.886491 15.402583
0.673179 6.827130 15.310842
0.600707 6.761093 15.218951
0.508701 6.693019 15.136123
0.405480 6.627459 15.065364
0.296040 6.568977 15.014144
0.189966 6.521391 14.982971
0.092046 6.488250 14.977413
0.011501 6.471525 14.994201
-0.048672 6.472511 15.035770
-0.082274 6.490963 15.096488
-0.087333 6.525908 15.172660
0.068470 6.150263 15.460320
0.367713 5.837809 15.800434
0.294156 5.775116 15.707267
0.283965 6.338987 15.729829
0.387865 6.405045 15.799291
0.495934 6.465280 15.850983
0.601849 6.515363 15.879932
0.698641 6.551969 15.884164
0.778501 6.572648 15.864552
0.836245 6.576019 15.822279
0.868317 6.561816 15.759809
0.872884 6.530956 15.680963
0.849741 6.485468 15.590842
0.799513 6.428670 15.496952
0.725574 6.364319 15.405458
0.634247 6.296744 15.321332
0.530346 6.230686 15.251871
0.422373 6.170517 15.200254
0.316363 6.120369 15.171229
0.219667 6.083828 15.167073
0.139711 6.063083 15.186610
0.081967 6.059713 15.228883
0.049895 6.073915 15.291353
0.045424 6.104841 15.370274
0.241971 5.721031 15.613248
0.581806 5.403217 15.906429
0.506739 5.342332 15.813608
0.460113 5.904790 15.883713
0.562940 5.971443 15.954021
0.671295 6.033269 16.003965
0.775350 6.086130 16.032861
0.870917 6.126136 16.035691
0.948436 6.150929 16.015475
1.004607 6.158671 15.971400
1.036046 6.148609 15.906131
1.038271 6.121864 15.826681
1.013861 6.079896 15.735108
0.961772 6.025877 15.641165
0.888163 5.962997 15.547972
0.795720 5.896137 15.464644
0.692936 5.829363 15.394386
0.584633 5.767724 15.344467
0.480483 5.714797 15.315496
0.385055 5.674735 15.312791
0.307440 5.649876 15.332932
0.250328 5.642365 15.378004
0.219830 5.652196 15.442276
0.217701 5.679008 15.521802
0.453636 5.290797 15.718539
0.831765 4.971616 15.964231
0.756173 4.912187 15.870810
0.673526 5.469700 15.991005
0.777033 5.536851 16.060015
0.883878 5.600485 16.110306
0.987014 5.655896 16.138151
1.080415 5.699531 16.140577
1.156535 5.728209 16.118759
1.211175 5.740199 16.072933
1.239244 5.734725 16.007957
1.240070 5.711864 15.926905
1.213538 5.673404 15.834979
1.160530 5.621934 15.739984
1.085367 5.560983 15.647088
0.993647 5.494501 15.562513
0.890140 5.427350 15.493502
0.783391 5.363781 15.443286
0.680159 5.308305 15.415366
0.586854 5.264735 15.413015
0.510638 5.235992 15.434758
0.456896 5.223893 15.479537
0.427929 5.229476 15.545560
0.427199 5.252402 15.626688
0.702108 4.863323 15.774639
1.116322 4.546526 15.972389
1.039264 4.488784 15.879365
0.924602 5.037383 16.048009
1.026993 5.105250 16.117817
1.133312 5.170340 16.167508
1.235487 5.228422 16.194251
1.325911 5.275552 16.197421
1.399690 5.308344 16.174999
1.451945 5.324571 16.128518
1.477629 5.323332 16.062888
1.476114 5.304586 15.981232
1.447502 5.269512 15.889002
1.393533 5.220714 15.792906
1.317801 5.161341 15.699360
1.225008 5.095452 15.615631
1.122574 5.027707 15.545773
1.016394 4.962561 15.496208
0.914124 4.904413 15.469389
0.822897 4.857458 15.467342
0.749023 4.824599 15.489689
0.697666 4.808265 15.535122
0.671084 4.809611 15.601800
0.672694 4.828423 15.683531
0.983382 4.442578 15.783190
1.433224 4.131820 15.930399
1.354699 4.075764 15.837771
1.209334 4.611808 16.056368
1.311550 4.680160 16.125975
1.416403 4.746937 16.176062
1.516761 4.807677 16.202802
1.606004 4.858084 16.204621
1.676631 4.894857 16.182742
1.725603 4.915428 16.136655
1.748946 4.918304 16.070420
1.745134 4.903551 15.988210
1.713546 4.871971 15.896723
1.657804 4.825709 15.800674
1.580605 4.768023 15.707525
1.487594 4.702741 15.623546
1.385378 4.634389 15.553938
1.280664 4.567556 15.503976
1.180167 4.506872 15.477111
1.091918 4.456422 15.474320
1.020340 4.419571 15.497221
0.971325 4.399122 15.543259
0.948025 4.396124 15.609543
0.952788 4.410956 15.690731
1.297088 4.031973 15.741693
1.772466 3.738574 15.841338
1.693678 3.683247 15.748411
1.526454 4.196495 16.014628
1.628451 4.265454 16.083985
1.731838 4.333917 16.134469
1.830467 4.397072 16.161306
1.916777 4.450852 16.163918
1.985194 4.491376 16.141585
2.030971 4.516048 16.095991
2.050176 4.523255 16.031247
2.043256 4.512361 15.949630
2.009632 4.484046 15.857890
1.952118 4.440320 15.761887
1.873497 4.384199 15.669184
1.780266 4.319524 15.584955
1.678269 4.250565 15.515598
1.574978 4.182167 15.465189
1.476254 4.118947 15.438277
1.390039 4.065232 15.435741
1.321570 4.024522 15.458048
1.276692 3.999742 15.502595
1.256588 3.992643 15.568386
1.263561 4.003724 15.650028
1.633835 3.640886 15.653927
2.199583 4.006011 15.583745
2.004356 3.872377 15.430159
2.106309 3.941457 15.499466
2.278467 4.061403 15.676748
1.901327 3.803250 15.380050
2.338215 4.103699 15.771157
1.804836 3.738599 15.351544
2.373261 4.130448 15.862450
1.720045 3.683320 15.348561
2.381692 4.139535 15.943720
1.653086 3.640802 15.370521
2.363142 4.130506 16.009215
1.608863 3.614200 15.415819
2.318963 4.103783 16.054562
1.590357 3.605050 15.481363
2.252100 4.061331 16.076598
1.598884 3.614202 15.562709
2.167213 4.005985 16.073539
1.633835 3.640886 15.653927
2.070818 3.941400 16.045109
1.693678 3.683247 15.748411
1.967693 3.872208 15.994925
1.772466 3.738574 15.841338
1.865740 3.803127 15.925618
1.865740 3.803127 15.925618
1.967693 3.872208 15.994925
2.070818 3.941400 16.045109
2.167213 4.005985 16.073539
2.252100 4.061331 16.076598
2.318963 4.103783 16.054562
2.363142 4.130506 16.009215
2.381692 4.139535 15.943720
2.373261 4.130448 15.862450
2.338215 4.103699 15.771157
2.278467 4.061403 15.676748
2.199583 4.006011 15.583745
2.106309 3.941457 15.499466
2.004356 3.872377 15.430159
1.901327 3.803250 15.380050
1.804836 3.738599 15.351544
1.720045 3.683320 15.348561
1.653086 3.640802 15.370521
1.608863 3.614200 15.415819
1.590357 3.605050 15.481363
1.598884 3.614202 15.562709
0.211041 8.263673 14.147879
0.283042 8.600474 13.763312
0.178701 7.905020 14.501048
0.188300 7.527721 14.817129
0.238660 7.135055 15.094769
0.328467 6.730664 15.332468
0.459106 6.317866 15.525581
0.627467 5.900518 15.674702
0.834036 5.482046 15.776235
1.074805 5.066418 15.831820
1.348464 4.657275 15.839957
1.653831 4.257895 15.799293
1.986003 3.872353 15.712517
3 0 1 2
3 1 0 3
3 3 0 4
3 5 4 0
3 4 5 6
3 3 7 1
3 7 3 8
3 8 3 9
3 9 3 10
3 10 3 11
3 11 3 12
3 12 3 13
3 14 9 10
3 15 16 17
3 16 15 18
3 16 18 19
3 20 6 5
3 6 20 21
3 21 20 22
3 23 24 25
3 24 23 26
3 27 28 29
3 28 27 30
3 31 32 33
3 32 31 34
3 35 36 37
3 36 35 38
3 38 35 39
3 38 39 40
3 41 42 43
3 42 41 44
3 45 46 47
3 46 45 48
3 48 45 49
3 22 50 21
3 50 22 51
3 51 22 52
3 52 22 53
3 53 22 54
3 54 22 55
3 55 22 56
3 56 22 57
3 58 59 60
3 59 58 61
3 62 63 64
3 63 62 65
3 65 62 66
3 67 68 69
3 68 67 70
3 70 67 71
3 70 71 72
3 70 72 73
3 70 73 74
3 70 74 75
3 70 75 76
3 70 76 77
3 70 77 78
3 78 77 79
3 79 77 80
3 80 77 81
3 81 77 82
3 82 77 83
3 83 77 84
3 84 77 85
3 85 77 86
3 86 77 87
3 86 87 88
3 88 87 89
3 88 89 90
3 90 89 91
3 90 91 92
3 92 91 93
3 92 93 94
3 94 93 95
3 94 95 96
3 96 95 97
3 96 97 98
3 84 99 100
3 99 84 101
3 101 84 102
3 102 84 103
3 103 84 104
3 104 84 105
3 105 84 106
3 106 84 85
3 107 108 109
3 108 107 110
3 111 112 113
3 112 111 114
3 114 111 115
3 114 115 116
3 114 116 117
3 114 117 118
3 114 118 119
3 114 119 120
3 114 120 121
3 121 120 122
3 121 122 123
3 121 123 124
3 121 124 125
3 121 125 126
3 121 126 127
3 121 127 128
3 128 127 129
3 121 128 130
3 121 130 131
3 121 131 132
3 121 132 133
3 121 133 134
3 121 134 135
3 121 135 136
3 121 136 137
3 121 137 138
3 121 138 139
3 121 139 140
3 121 140 141
3 121 141 142
3 143 144 145
3 146 147 148
3 149 150 151
3 150 149 152
3 150 152 153
3 153 152 144
3 153 144 154
3 154 144 143
3 153 154 147
3 153 147 146
3 155 156 157
3 158 159 160
3 159 158 161
3 159 161 162
3 162 161 163
3 162 163 164
3 162 164 156
3 162 156 155
3 165 166 167
3 166 165 168
3 169 170 171
3 170 169 172
3 173 174 175
3 174 173 176
3 176 173 177
3 177 173 178
3 179 180 181
3 180 179 182
3 183 184 185
3 184 183 186
3 187 188 189
3 188 187 190
3 191 192 193
3 192 191 194
3 194 191 195
3 194 195 196
3 194 196 197
3 194 197 198
3 194 198 199
3 194 199 200
3 194 200 201
3 194 201 202
3 194 202 203
3 194 203 204
3 194 204 205
3 194 205 206
3 194 206 207
3 194 207 208
3 209 210 211
3 210 209 212
3 213 214 215
3 214 213 216
3 217 218 219
3 218 217 220
3 221 222 223
3 222 221 224
3 224 225 222
3 225 224 226
3 227 226 228
3 226 227 225
3 229 228 230
3 228 229 227
3 231 230 232
3 230 231 229
3 233 232 234
3 232 233 231
3 235 233 234
3 233 235 236
3 237 236 235
3 236 237 238
3 239 238 237
3 238 239 240
3 241 240 239
3 240 241 242
3 242 243 244
3 243 242 241
3 244 245 246
3 245 244 243
3 247 248 249
3 248 247 250
3 251 252 253
3 252 251 254
3 255 256 257
3 256 255 258
3 257 259 260
3 259 257 256
3 261 259 262
3 259 261 260
3 263 262 264
3 262 263 261
3 265 264 266
3 264 265 263
3 267 266 268
3 266 267 265
3 269 267 268
3 267 269 270
3 271 270 269
3 270 271 272
3 273 272 271
3 272 273 274
3 275 274 273
3 274 275 276
3 275 277 276
3 277 275 278
3 278 279 277
3 279 278 280
3 281 282 283
3 282 281 284
3 285 286 287
3 286 285 288
3 289 290 291
3 290 289 292
3 293 294 295
3 294 293 296
3 297 298 299
3 298 297 300
3 301 300 297
3 300 301 302
3 303 302 301
3 302 303 304
3 305 304 303
3 304 305 306
3 307 306 305
3 306 307 308
3 309 308 307
3 308 309 310
3 311 309 312
3 309 311 310
3 313 312 314
3 312 313 311
3 315 314 316
3 314 315 313
3 317 316 318
3 316 317 315
3 319 318 320
3 318 319 317
3 321 320 322
3 320 321 319
3 323 324 325
3 324 323 326
3 327 328 329
3 328 327 330
3 331 332 333
3 332 331 334
3 335 331 333
3 331 335 336
3 337 336 335
3 336 337 338
3 339 338 337
3 338 339 340
3 341 340 339
3 340 341 342
3 343 342 341
3 342 343 344
3 345 344 343
3 344 345 346
3 347 346 345
3 346 347 348
3 349 348 347
3 348 349 350
3 351 350 349
3 350 351 352
3 351 353 352
3 353 351 354
3 354 355 353
3 355 354 356
3 357 355 356
3 355 357 358
3 359 360 361
3 360 359 362
3 363 364 365
3 364 363 366
3 366 363 367
3 367 363 368
3 367 368 369
3 367 369 370
3 371 372 373
3 372 371 374
3 375 376 377
3 376 375 378
3 378 375 379
3 378 379 380
3 380 379 381
3 381 379 382
3 383 384 385
3 384 383 386
3 387 388 389
3 388 387 390
3 390 387 391
3 391 387 392
3 391 392 393
3 391 393 394
3 395 396 397
3 396 395 398
3 398 395 399
3 399 400 398
3 401 402 403
3 402 401 404
3 404 401 405
3 404 405 406
3 406 405 407
3 407 405 408
3 409 410 411
3 410 409 412
3 413 414 415
3 414 413 416
3 416 413 417
3 417 413 418
3 419 420 421
3 420 419 422
3 423 424 425
3 424 423 426
3 424 426 427
3 427 426 428
3 427 428 429
3 428 426 430
3 430 426 431
3 431 426 432
3 433 429 428
3 434 425 424
3 435 436 437
3 436 435 438
3 439 440 441
3 440 439 442
3 443 444 445
3 444 443 446
3 447 448 449
3 448 447 450
3 451 452 453
3 452 451 454
3 455 456 457
3 456 455 458
3 459 460 461
3 460 459 462
3 462 459 463
3 463 459 464
3 464 459 465
3 465 459 466
3 466 459 467
3 467 459 468
3 468 459 469
3 468 469 470
3 470 469 471
3 471 469 472
3 472 469 473
3 473 469 474
3 474 469 475
3 475 469 476
3 475 476 477
3 476 469 478
3 478 469 479
3 479 469 480
3 480 469 481
3 481 469 482
3 482 469 483
3 483 469 484
3 484 469 485
3 485 469 486
3 486 469 487
3 487 469 488
3 488 469 489
3 489 469 490
3 491 492 493
3 492 491 494
3 494 491 495
3 496 497 498
3 497 496 499
3 292 500 290
3 500 292 501
3 502 195 191
3 195 502 196
3 196 502 197
3 197 502 198
3 198 502 199
3 199 502 200
3 200 502 201
3 201 502 503
3 504 505 506
3 505 504 507
3 507 504 508
3 508 504 509
3 503 202 201
3 202 503 510
3 510 203 202
3 203 510 204
3 204 510 205
3 205 510 206
3 206 510 207
3 207 510 208
3 208 510 194
3 194 510 511
3 512 513 514
3 513 512 515
3 515 512 516
3 516 512 517
3 517 512 518
3 518 512 519
3 519 512 520
3 520 512 521
3 521 512 522
3 521 522 523
3 523 522 524
3 524 522 525
3 525 522 526
3 526 522 527
3 527 522 528
3 528 522 529
3 529 522 530
3 530 522 531
3 531 522 532
3 532 522 533
3 533 522 534
3 534 522 535
3 535 522 536
3 536 522 537
3 537 522 538
3 538 522 539
3 539 522 540
3 540 522 541
3 541 522 542
3 543 528 529
3 544 545 546
3 545 544 547
3 548 549 550
3 549 548 551
3 552 550 553
3 550 552 548
3 552 554 555
3 554 552 553
3 555 556 557
3 556 555 554
3 558 556 559
3 556 558 557
3 558 560 561
3 560 558 559
3 561 562 563
3 562 561 560
3 563 564 565
3 564 563 562
3 565 566 567
3 566 565 564
3 567 568 569
3 568 567 566
3 570 569 568
3 569 570 571
3 572 571 570
3 571 572 573
3 574 575 576
3 575 574 577
3 578 579 580
3 579 578 581
3 582 581 578
3 581 582 583
3 584 583 582
3 583 584 585
3 586 585 584
3 585 586 587
3 588 587 586
3 587 588 589
3 590 589 588
3 589 590 591
3 592 591 590
3 591 592 593
3 594 593 592
3 593 594 595
3 596 595 594
3 595 596 597
3 598 597 596
3 597 598 599
3 600 599 598
3 599 600 601
3 602 601 600
3 601 602 603
3 604 605 606
3 605 604 607
3 608 609 610
3 609 608 611
3 612 613 614
3 613 612 615
3 616 615 612
3 615 616 617
3 618 617 616
3 617 618 619
3 620 619 618
3 619 620 621
3 622 621 620
3 621 622 623
3 624 623 622
3 623 624 625
3 626 625 624
3 625 626 627
3 628 627 626
3 627 628 629
3 630 629 628
3 629 630 631
3 632 631 630
3 631 632 633
3 632 634 633
3 634 632 635
3 635 636 634
3 636 635 637
3 638 636 637
3 636 638 639
3 640 641 642
3 641 640 643
3 643 640 644
3 643 644 645
3 646 647 648
3 647 646 649
3 649 646 650
3 650 646 651
3 652 653 654
3 653 652 655
3 656 657 658
3 657 656 659
3 659 656 660
3 659 660 661
3 662 663 664
3 663 662 665
3 666 667 668
3 667 666 669
3 670 671 672
3 671 670 673
3 671 673 674
3 674 673 675
3 676 677 678
3 677 676 679
3 680 681 682
3 681 680 683
3 684 685 686
3 685 684 687
3 687 684 688
3 687 688 689
3 690 691 692
3 691 690 693
3 694 695 696
3 695 694 697
3 695 697 698
3 697 694 699
3 699 694 700
3 700 694 701
3 697 702 698
3 702 697 703
3 702 703 704
3 705 706 707
3 706 705 708
3 708 705 709
3 708 709 710
3 708 710 711
3 712 713 714
3 713 715 716
3 715 713 717
3 717 713 712
3 718 719 720
3 719 718 721
3 721 718 722
3 721 722 723
3 724 725 726
3 725 724 727
3 728 729 730
3 729 728 731
3 729 731 732
3 732 731 733
3 734 735 736
3 735 734 737
3 738 739 740
3 739 738 741
3 742 743 744
3 743 742 745
3 746 501 747
3 501 746 500
3 744 748 742
3 748 744 749
3 749 750 748
3 750 749 751
3 752 751 753
3 751 752 750
3 754 753 755
3 753 754 752
3 756 755 757
3 755 756 754
3 758 757 759
3 757 758 756
3 760 759 761
3 759 760 758
3 762 761 763
3 761 762 760
3 764 763 765
3 763 764 762
3 766 765 767
3 765 766 764
3 768 767 769
3 767 768 766
3 770 768 769
3 768 770 771
3 772 773 774
3 773 772 775
3 776 777 778
3 777 776 779
3 780 781 782
3 781 780 783
3 784 783 780
3 783 784 785
3 786 785 784
3 785 786 787
3 788 787 786
3 787 788 789
3 790 789 788
3 789 790 791
3 792 791 790
3 791 792 793
3 794 792 795
3 792 794 793
3 796 795 797
3 795 796 794
3 798 797 799
3 797 798 796
3 800 799 801
3 799 800 798
3 802 801 803
3 801 802 800
3 804 803 805
3 803 804 802
3 806 807 808
3 807 806 809
3 810 811 812
3 811 810 813
3 814 815 816
3 815 814 817
3 643 818 641
3 818 643 819
3 820 821 822
3 821 820 823
3 668 824 825
3 824 668 667
3 826 673 670
3 673 826 827
3 828 829 830
3 830 831 832
3 831 830 833
3 833 830 829
3 687 834 685
3 834 687 835
3 836 837 838
3 837 836 839
3 839 836 840
3 840 836 841
3 841 836 842
3 842 843 844
3 843 842 845
3 845 842 836
3 720 846 847
3 846 720 719
3 848 731 728
3 731 848 849
3 850 851 852
3 851 850 853
3 854 855 856
3 855 854 857
3 858 815 859
3 815 858 816
3 819 860 818
3 860 819 861
3 862 863 864
3 863 862 865
3 866 867 868
3 867 866 869
3 870 871 872
3 871 870 873
3 874 875 876
3 875 874 877
3 878 824 879
3 824 878 825
3 880 827 826
3 827 880 881
3 882 831 883
3 831 882 832
3 835 884 834
3 884 835 885
3 886 887 888
3 887 886 889
3 889 886 890
3 890 886 891
3 892 893 894
3 893 892 895
3 896 897 898
3 897 896 899
3 899 896 900
3 900 896 901
3 902 846 903
3 846 902 847
3 904 849 848
3 849 904 905
3 858 906 907
3 906 858 859
3 861 908 860
3 908 861 909
3 910 911 912
3 911 910 913
3 913 910 914
3 915 916 917
3 916 915 918
3 918 915 910
3 910 915 914
3 878 919 920
3 919 878 879
3 921 881 880
3 881 921 922
3 882 923 924
3 923 882 883
3 885 925 884
3 925 885 926
3 927 928 929
3 928 927 930
3 930 927 931
3 930 931 932
3 933 934 935
3 934 933 936
3 936 933 937
3 938 939 940
3 939 938 941
3 942 943 944
3 943 942 945
3 945 942 946
3 902 947 948
3 947 902 903
3 949 905 904
3 905 949 950
3 951 906 952
3 906 951 907
3 909 953 908
3 953 909 954
3 955 956 957
3 956 955 958
3 959 960 961
3 960 959 962
3 920 963 964
3 963 920 919
3 965 922 921
3 922 965 966
3 967 923 968
3 923 967 924
3 926 969 925
3 969 926 970
3 971 972 973
3 972 971 974
3 975 976 977
3 976 975 978
3 948 979 980
3 979 948 947
3 981 950 949
3 950 981 982
3 983 952 984
3 952 983 951
3 954 985 953
3 985 954 986
3 964 987 988
3 987 964 963
3 989 966 965
3 966 989 990
3 991 968 992
3 968 991 967
3 970 993 969
3 993 970 994
3 980 995 996
3 995 980 979
3 997 982 981
3 982 997 998
3 983 999 1000
3 999 983 984
3 986 1001 985
3 1001 986 1002
3 988 1003 1004
3 1003 988 987
3 1005 990 989
3 990 1005 1006
3 991 1007 1008
3 1007 991 992
3 994 1009 993
3 1009 994 1010
3 996 1011 1012
3 1011 996 995
3 1013 998 997
3 998 1013 1014
3 1000 1015 1016
3 1015 1000 999
3 1002 1017 1001
3 1017 1002 1018
3 1019 1003 1020
3 1003 1019 1004
3 1021 1006 1005
3 1006 1021 1022
3 1008 1023 1024
3 1023 1008 1007
3 1010 1025 1009
3 1025 1010 1026
3 1027 1011 1028
3 1011 1027 1012
3 1029 1014 1013
3 1014 1029 1030
3 1016 1031 1032
3 1031 1016 1015
3 1018 1033 1017
3 1033 1018 1034
3 1019 1035 1036
3 1035 1019 1020
3 1037 1022 1021
3 1022 1037 1038
3 1024 1039 1040
3 1039 1024 1023
3 1026 1041 1025
3 1041 1026 1042
3 1027 1043 1044
3 1043 1027 1028
3 1045 1030 1029
3 1030 1045 1046
3 1047 1031 1048
3 1031 1047 1032
3 1034 1049 1033
3 1049 1034 1050
3 1036 1051 1052
3 1051 1036 1035
3 1053 1038 1037
3 1038 1053 1054
3 1055 1039 1056
3 1039 1055 1040
3 1042 1057 1041
3 1057 1042 1058
3 1044 1059 1060
3 1059 1044 1043
3 1061 1046 1045
3 1046 1061 1062
3 1047 1063 1064
3 1063 1047 1048
3 1050 1065 1049
3 1065 1050 1066
3 1067 1051 1068
3 1051 1067 1052
3 1069 1054 1053
3 1054 1069 1070
3 1055 1071 1072
3 1071 1055 1056
3 1058 1073 1057
3 1073 1058 1074
3 1075 1059 1076
3 1059 1075 1060
3 1077 1062 1061
3 1062 1077 1078
3 1064 1079 1080
3 1079 1064 1063
3 1066 1081 1065
3 1081 1066 1082
3 1081 1067 1068
3 1067 1081 1083
3 1070 1083 1084
3 1083 1070 1069
3 1072 1085 1086
3 1085 1072 1071
3 1074 1087 1073
3 1087 1074 1088
3 1087 1075 1076
3 1075 1087 1089
3 1078 1089 1090
3 1089 1078 1077
3 1079 1082 1080
3 1082 1079 1084
3 1082 1091 1081
3 1091 1082 1084
3 1091 1084 1092
3 1092 1084 1093
3 1081 1094 1083
3 1094 1081 1091
3 1083 1094 1093
3 1083 1093 1084
3 1085 1088 1086
3 1088 1085 1090
3 1088 1095 1087
3 1095 1088 1090
3 1095 1090 1096
3 1096 1090 1097
3 1087 1098 1089
3 1098 1087 1095
3 1089 1098 1097
3 1089 1097 1090
3 1099 1100 1101
3 1100 1099 1102
3 1102 1099 1103
3 1102 1103 1104
3 1105 1106 1107
3 1106 1105 1108
3 1109 1110 1111
3 1110 1109 1112
3 1113 1114 1115
3 1114 1113 1116
3 1116 1113 1117
3 1117 1113 1118
3 1119 1120 1121
3 1120 1119 1122
3 1123 1124 1125
3 1124 1123 1126
3 1126 1123 1127
3 1126 1127 1128
3 1129 1130 1131
3 1130 1129 1132
3 1132 1129 1133
3 1134 1135 1136
3 1135 1134 1137
3 1137 1134 1138
3 1137 1138 1139
3 1140 1141 1142
3 1141 1140 1143
3 1143 1140 1144
3 1144 1140 1145
3 1145 1140 1146
3 1147 1141 1143
3 1148 1149 1150
3 1149 1148 1151
3 1151 1148 1152
3 1153 1154 1155
3 1154 1153 1156
3 1154 1157 1158
3 1157 1154 1159
3 1159 1154 1160
3 1160 1154 1156
3 1160 1156 1161
3 1160 1161 1162
3 1160 1162 1163
3 1160 1163 1164
3 1160 1164 1165
3 1160 1165 1166
3 1160 1166 1167
3 1167 1166 1168
3 1167 1168 1169
3 1167 1169 1170
3 1170 1169 1171
3 1170 1171 1172
3 1170 1172 1173
3 1173 1172 1174
3 1174 1172 1175
3 1176 1177 1178
3 1177 1176 1179
3 1179 1176 1180
3 1179 1180 1181
3 1179 1181 1182
3 1179 1182 1183
3 1179 1183 1174
3 1179 1174 1175
3 1179 1175 1184
3 1185 1186 1187
3 1186 1188 1187
3 1188 1189 1187
3 1189 1190 1187
3 1190 1191 1187
3 1191 1192 1187
3 1192 1193 1187
3 1187 1193 1194
3 1195 1194 1193
3 1186 1196 1188
3 1188 1196 1197
3 1197 1196 1198
3 1196 1199 1198
3 1199 1200 1198
3 1198 1200 1201
3 1200 1202 1201
3 1202 1203 1201
3 1201 1203 1204
3 1203 1205 1204
3 1205 1206 1204
3 1206 1207 1204
3 1207 1208 1204
3 1208 1209 1204
3 1209 1210 1204
3 1210 1211 1204
3 1204 1211 1212
3 1212 1211 1213
3 1214 1213 1211
3 1210 1215 1211
3 1216 1211 1215
3 1217 1218 1219
3 1218 1217 1220
3 1221 1222 1223
3 1224 1223 1222
3 1225 1226 1227
3 1226 1225 1228
3 1229 1230 1231
3 1230 1229 1232
3 1233 1234 1235
3 1234 1233 1236
3 1237 1238 1239
3 1238 1237 1240
3 1241 1242 1243
3 1242 1241 1244
3 1245 1246 1247
3 1246 1245 1248
3 1249 1250 1251
3 1252 1251 1250
3 1253 1254 1255
3 1254 1253 1256
3 1256 1253 1257
3 1258 1259 1260
3 1259 1258 1261
3 1261 1258 1262
3 1261 1262 1263
3 1261 1263 1264
3 1261 1264 1265
3 1261 1265 1266
3 1261 1266 1267
3 1268 1269 1270
3 1269 1268 1271
3 1272 1273 1274
3 1273 1272 1275
3 1276 1277 1278
3 1277 1276 1279
3 1279 1276 1280
3 1279 1280 1281
3 1279 1281 1282
3 1279 1282 1283
3 1279 1283 1284
3 1279 1284 1285
3 1286 1287 1288
3 1287 1289 1288
3 1289 1290 1288
3 1290 1291 1288
3 1291 1292 1288
3 1292 1293 1288
3 1288 1293 1294
3 1295 1294 1293
3 1296 1297 1298
3 1297 1296 1299
3 1300 1301 1302
3 1301 1300 1303
3 1304 1305 1306
3 1305 1304 1307
3 1308 1309 1310
3 1309 1308 1311
3 1312 1313 1314
3 1313 1312 1315
3 1315 1312 1316
3 1316 1312 1317
3 1317 1312 1318
3 1318 1312 1319
3 1319 1312 1320
3 1320 1312 1321
3 1322 1323 1324
3 1323 1322 1325
3 1325 1322 1326
3 1327 1328 1329
3 1328 1327 1330
3 1331 1332 1333
3 1332 1331 1334
3 1335 1336 1337
3 1336 1335 1338
3 1339 1340 1341
3 1340 1339 1342
3 1343 1344 1345
3 1344 1343 1346
3 1347 1348 1349
3 1348 1347 1350
3 1351 1352 1353
3 1352 1351 1354
3 1354 1351 1355
3 1355 1351 1356
3 1357 1358 1359
3 1358 1357 1360
3 1361 1362 1363
3 1362 1361 1364
3 1364 1361 1365
3 1366 1367 1368
3 1367 1366 1369
3 1369 1366 1370
3 1371 1372 1373
3 1372 1371 1374
3 1374 1371 1375
3 1376 1377 1378
3 1377 1376 1379
3 1379 1376 1380
3 1381 1382 1383
3 1382 1381 1384
3 1385 1386 1387
3 1386 1385 1388
3 1388 1385 1389
3 1389 1385 1390
3 1391 1392 1393
3 1392 1391 1394
3 1395 1396 1397
3 1398 1397 1396
3 1399 1400 1401
3 1400 1399 1402
3 1403 1404 1405
3 1406 1405 1404
3 1407 1408 1409
3 1408 1407 1410
3 1411 1409 1412
3 1409 1411 1407
3 1413 1414 1415
3 1414 1413 1416
3 1416 1413 1417
3 1416 1417 1418
3 1418 1417 1419
3 1418 1419 1420
3 1421 1422 1423
3 1422 1421 1424
3 1425 1426 1427
3 1426 1425 1428
3 1428 1425 1429
3 1428 1429 1430
3 1431 1428 1430
3 1428 1431 1432
3 1433 1434 1435
3 1434 1433 1431
3 1431 1433 1432
3 1432 1433 1436
3 1437 1438 1439
3 1438 1437 1440
3 1441 1439 1442
3 1439 1441 1437
3 1435 1429 1425
3 1429 1435 1434
3 1443 1444 1445
3 1444 1443 1446
3 1447 1448 1449
3 1448 1447 1450
3 1451 1452 1453
3 1452 1451 1454
3 1455 1456 1457
3 1456 1455 1458
3 1459 1460 1461
3 1460 1459 1462
3 1463 1464 1465
3 1464 1463 1466
3 1467 1468 1469
3 1470 1469 1468
3 1471 1472 1473
3 1472 1471 1474
3 1475 1476 1477
3 1478 1477 1476
3 1479 1480 1481
3 1480 1479 1482
3 1482 1479 1483
3 1484 1485 1486
3 1486 1485 1487
3 1488 1487 1485
3 1489 1490 1491
3 1490 1489 1492
3 1492 1489 1493
3 1494 1495 1496
3 1496 1495 1497
3 1498 1497 1495
3 1499 1500 1501
3 1500 1499 1502
3 1502 1499 1503
3 1503 1499 1504
3 1504 1499 1505
3 1506 1503 1504
3 1507 1508 1509
3 1510 1511 1507
3 1507 1511 1508
3 1508 1511 1512
3 1512 1511 1513
3 1514 1513 1511
3 1515 1516 1517
3 1516 1515 1518
3 1518 1515 1519
3 1519 1515 1520
3 1521 1522 1523
3 1522 1521 1524
3 1525 1526 1527
3 1528 1529 1530
3 1531 1532 1533
3 1532 1531 1534
3 1532 1534 1535
3 1535 1534 1526
3 1535 1526 1536
3 1536 1526 1525
3 1535 1536 1529
3 1535 1529 1528
3 1537 1519 1520
3 1519 1537 1538
3 1539 1540 1541
3 1540 1539 1542
3 1542 1539 1543
3 1542 1543 1544
3 1545 1516 1518
3 1516 1545 1546
3 1547 1548 1549
3 1548 1547 1550
3 1548 1550 1551
3 1551 1550 1552
3 1552 1550 1553
3 1553 1550 1554
3 1554 1550 1555
3 1555 1550 1556
3 1557 1552 1553
3 1558 1549 1548
3 1559 1560 1561
3 1560 1559 1562
3 1562 1559 1563
3 1562 1563 1564
3 1565 1566 1567
3 1566 1565 1568
3 1569 1565 1570
3 1565 1569 1568
3 1571 1572 1573
3 1572 1571 1574
3 1575 1576 1577
3 1576 1575 1578
3 1578 1575 1579
3 1579 1575 1580
3 1580 1575 1581
3 1581 1575 1582
3 1582 1575 1583
3 1583 1575 1584
3 1584 1575 1585
3 1585 1575 1586
3 1586 1575 1587
3 1587 1575 1588
3 1588 1575 1589
3 1589 1575 1590
3 1590 1575 1591
3 1591 1575 1592
3 1592 1575 1593
3 1593 1575 1594
3 1594 1575 1595
3 1595 1575 1596
3 1596 1575 1597
3 1597 1575 1598
3 1598 1575 1599
3 1599 1575 1600
3 1601 1573 1572
3 1573 1601 1602
3 1573 1602 1603
3 1573 1603 1604
3 1573 1604 1605
3 1573 1605 1606
3 1573 1606 1607
3 1573 1607 1608
3 1573 1608 1609
3 1573 1609 1610
3 1573 1610 1611
3 1573 1611 1612
3 1573 1612 1613
3 1573 1613 1614
3 1573 1614 1615
3 1573 1615 1616
3 1573 1616 1617
3 1573 1617 1618
3 1573 1618 1619
3 1573 1619 1620
3 1573 1620 1621
3 1573 1621 1622
3 1573 1622 1600
3 1573 1600 1575
3 1623 1575 1577
3 1575 1623 1624
3 1625 1626 1627
3 1626 1625 1628
3 1629 1630 1631
3 1630 1629 1632
3 1633 1627 1634
3 1627 1633 1625
3 1635 1636 1637
3 1638 1639 1640
3 1641 1642 1643
3 1644 1645 1646
3 1647 1648 1649
3 1648 1647 1650
3 1649 1648 1651
3 1649 1651 1652
3 1649 1652 1653
3 1653 1652 1654
3 1653 1654 1655
3 1653 1655 1656
3 1653 1656 1657
3 1657 1656 1658
3 1657 1658 1659
3 1657 1659 1660
3 1660 1659 1661
3 1660 1661 1662
3 1662 1661 1663
3 1662 1663 1664
3 1662 1664 1665
3 1665 1664 1666
3 1666 1664 1667
3 1666 1667 1668
3 1668 1667 1669
3 1668 1669 1670
3 1670 1669 1671
3 1670 1671 1672
3 1672 1671 1673
3 1673 1671 1674
3 1673 1674 1675
3 1675 1674 1676
3 1675 1676 1677
3 1677 1676 1678
3 1678 1676 1679
3 1680 1681 1682
3 1681 1680 1683
3 1681 1683 1684
3 1684 1683 1685
3 1684 1685 1686
3 1686 1685 1687
3 1686 1687 1688
3 1688 1687 1689
3 1688 1689 1690
3 1690 1689 1691
3 1690 1691 1692
3 1692 1691 1693
3 1692 1693 1694
3 1694 1693 1695
3 1694 1695 1647
3 1647 1695 1696
3 1647 1696 1697
3 1647 1697 1650
3 1697 1696 1698
3 1698 1696 1699
3 1699 1696 1700
3 1699 1700 1701
3 1701 1700 1702
3 1702 1700 1703
3 1703 1700 1704
3 1703 1704 1705
3 1705 1704 1706
3 1706 1704 1707
3 1706 1707 1708
3 1708 1707 1709
3 1708 1709 1710
3 1710 1709 1711
3 1711 1709 1712
3 1711 1712 1713
3 1711 1713 1714
3 1714 1713 1715
3 1714 1715 1716
3 1716 1715 1717
3 1716 1717 1718
3 1718 1717 1719
3 1718 1719 1720
3 1718 1720 1721
3 1721 1720 1722
3 1721 1722 1723
3 1723 1722 1724
3 1723 1724 1725
3 1723 1725 1726
3 1723 1726 1727
3 1728 1727 1729
3 1727 1728 1646
3 1727 1646 1723
3 1723 1646 1730
3 1730 1646 1731
3 1731 1646 1732
3 1732 1646 1733
3 1733 1646 1734
3 1734 1646 1735
3 1735 1646 1645
3 1646 1728 1643
3 1643 1728 1641
3 1641 1728 1736
3 1736 1728 1737
3 1737 1728 1738
3 1738 1728 1739
3 1739 1728 1740
3 1740 1728 1741
3 1741 1728 1742
3 1742 1743 1741
3 1743 1742 1744
3 1743 1744 1745
3 1743 1745 1746
3 1743 1746 1747
3 1743 1747 1748
3 1748 1747 1749
3 1748 1749 1750
3 1748 1750 1751
3 1751 1750 1752
3 1751 1752 1753
3 1753 1752 1754
3 1753 1754 1755
3 1755 1754 1756
3 1755 1756 1757
3 1757 1756 1758
3 1757 1758 1759
3 1757 1759 1760
3 1760 1759 1761
3 1760 1761 1762
3 1762 1761 1763
3 1762 1763 1764
3 1764 1763 1765
3 1765 1763 1766
3 1765 1766 1767
3 1767 1766 1768
3 1767 1768 1769
3 1769 1768 1770
3 1770 1768 1771
3 1771 1768 1772
3 1771 1772 1773
3 1773 1772 1774
3 1774 1772 1775
3 1776 1777 1778
3 1777 1776 1779
3 1779 1776 1780
3 1780 1776 1781
3 1781 1776 1782
3 1781 1782 1783
3 1783 1782 1784
3 1784 1782 1785
3 1784 1785 1786
3 1786 1785 1787
3 1786 1787 1788
3 1788 1787 1789
3 1788 1789 1790
3 1790 1789 1791
3 1790 1791 1792
3 1792 1791 1793
3 1793 1791 1794
3 1793 1794 1795
3 1795 1794 1796
3 1795 1796 1797
3 1797 1796 1798
3 1797 1798 1799
3 1797 1799 1800
3 1800 1799 1801
3 1800 1801 1802
3 1802 1801 1803
3 1802 1803 1804
3 1802 1804 1805
3 1802 1805 1806
3 1806 1805 1807
3 1806 1807 1808
3 1806 1808 1775
3 1806 1775 1772
3 1806 1772 1809
3 1806 1809 1810
3 1810 1809 1811
3 1810 1811 1812
3 1812 1811 1813
3 1812 1813 1814
3 1814 1813 1815
3 1814 1815 1816
3 1816 1815 1817
3 1816 1817 1818
3 1818 1817 1819
3 1818 1819 1820
3 1820 1819 1821
3 1820 1821 1822
3 1822 1821 1823
3 1679 1824 1825
3 1824 1679 1636
3 1636 1679 1676
3 1636 1676 1826
3 1636 1826 1827
3 1636 1827 1828
3 1636 1828 1829
3 1636 1829 1830
3 1636 1830 1637
3 1824 1636 1639
3 1824 1639 1638
3 1824 1638 1831
3 1824 1831 1832
3 1824 1832 1833
3 1824 1833 1834
3 1824 1834 1778
3 1824 1778 1777
3 1835 1836 1837
3 1836 1835 1838
3 1835 1839 1840
3 1839 1835 1837
3 1841 1842 1843
3 1842 1841 1844
3 1843 1845 1846
3 1845 1843 1847
3 1847 1843 1842
3 1846 1845 1848
3 1846 1848 1849
3 1846 1849 1850
3 1846 1850 1851
3 1846 1851 1852
3 1846 1852 1853
3 1846 1853 1854
3 1847 1842 1855
3 1855 1842 1856
3 1856 1842 1857
3 1857 1842 1858
3 1858 1842 1859
3 1859 1842 1860
3 1860 1842 1861
3 1861 1842 1862
3 1862 1842 1863
3 1863 1842 1864
3 1864 1842 1865
3 1865 1842 1866
3 1866 1842 1867
3 1867 1842 1868
3 1868 1842 1869
3 1846 1870 1871
3 1870 1846 1872
3 1872 1846 1873
3 1873 1846 1874
3 1874 1846 1875
3 1875 1846 1876
3 1876 1846 1877
3 1877 1846 1878
3 1878 1846 1854
3 1871 1870 1879
3 1871 1879 1880
3 1871 1880 1881
3 1871 1881 1882
3 1871 1882 1883
3 1871 1883 1884
3 1871 1884 1885
3 1871 1885 1886
3 1871 1886 1887
3 1871 1887 1888
3 1871 1888 1889
3 1871 1889 1890
3 1871 1890 1891
3 1871 1891 1892
3 1893 1846 1871
3 1846 1893 1894
3 1895 1896 1897
3 1896 1895 1898
3 1896 1899 1900
3 1899 1896 1898
3 1901 1567 1899
3 1567 1901 1902
3 1902 1901 1903
3 1902 1903 1904
3 1905 1565 1906
3 1565 1905 1570
3 1907 1908 1909
3 1908 1907 1910
3 1910 1907 1911
3 1912 1913 1914
3 1913 1912 1915
3 1915 1912 1916
3 1917 1911 1907
3 1911 1917 1918
3 1919 1918 1917
3 1918 1919 1920
3 1921 1920 1919
3 1920 1921 1922
3 1923 1922 1921
3 1922 1923 1924
3 1925 1924 1923
3 1924 1925 1926
3 1927 1926 1925
3 1926 1927 1928
3 1929 1928 1927
3 1928 1929 1930
3 1931 1930 1929
3 1930 1931 1932
3 1933 1932 1931
3 1932 1933 1934
3 1935 1934 1933
3 1934 1935 1936
3 1937 1938 1939
3 1938 1937 1940
3 1941 1940 1937
3 1940 1941 1942
3 1943 1942 1941
3 1942 1943 1944
3 1945 1944 1943
3 1944 1945 1946
3 1947 1946 1945
3 1946 1947 1948
3 1949 1948 1947
3 1948 1949 1950
3 1951 1950 1949
3 1950 1951 1952
3 1953 1952 1951
3 1952 1953 1954
3 1955 1954 1953
3 1954 1955 1956
3 1957 1956 1955
3 1956 1957 1958
3 1959 1958 1957
3 1958 1959 1960
3 1961 1960 1959
3 1960 1961 1962
3 1963 1964 1965
3 1964 1963 1966
3 1967 1966 1963
3 1966 1967 1968
3 1969 1968 1967
3 1968 1969 1970
3 1971 1970 1969
3 1970 1971 1972
3 1973 1972 1971
3 1972 1973 1974
3 1975 1974 1973
3 1974 1975 1976
3 1977 1976 1975
3 1976 1977 1978
3 1979 1978 1977
3 1978 1979 1980
3 1981 1980 1979
3 1980 1981 1982
3 1983 1982 1981
3 1982 1983 1984
3 1985 1984 1983
3 1984 1985 1986
3 1987 1986 1985
3 1986 1987 1988
3 1989 1990 1991
3 1990 1989 1992
3 1993 1992 1989
3 1992 1993 1994
3 1995 1994 1993
3 1994 1995 1996
3 1997 1996 1995
3 1996 1997 1998
3 1999 1998 1997
3 1998 1999 2000
3 2001 2000 1999
3 2000 2001 2002
3 2003 2002 2001
3 2002 2003 2004
3 2005 2004 2003
3 2004 2005 2006
3 2007 2006 2005
3 2006 2007 2008
3 2009 2008 2007
3 2008 2009 2010
3 1914 2011 2012
3 2011 1914 1913
3 1895 2013 1898
3 2013 1895 2014
3 2015 2016 2017
3 2016 2015 2018
3 2018 2015 2019
3 2020 2019 2015
3 2019 2020 2021
3 2022 2021 2020
3 2021 2022 2023
3 2024 2023 2022
3 2023 2024 2025
3 2026 2025 2024
3 2025 2026 2027
3 2028 2027 2026
3 2027 2028 2029
3 2030 2029 2028
3 2029 2030 2031
3 2032 2031 2030
3 2031 2032 2033
3 2034 2033 2032
3 2033 2034 2035
3 2036 2035 2034
3 2035 2036 2037
3 2038 2037 2036
3 2037 2038 2039
3 2040 2041 2042
3 2041 2040 2043
3 2044 2043 2040
3 2043 2044 2045
3 2046 2045 2044
3 2045 2046 2047
3 2048 2047 2046
3 2047 2048 2049
3 2050 2049 2048
3 2049 2050 2051
3 2052 2051 2050
3 2051 2052 2053
3 2054 2053 2052
3 2053 2054 2055
3 2056 2055 2054
3 2055 2056 2057
3 2058 2057 2056
3 2057 2058 2059
3 2060 2059 2058
3 2059 2060 2061
3 2062 2061 2060
3 2061 2062 2063
3 2064 2063 2062
3 2063 2064 2065
3 2066 2067 2068
3 2067 2066 2069
3 2070 2069 2066
3 2069 2070 2071
3 2072 2071 2070
3 2071 2072 2073
3 2074 2073 2072
3 2073 2074 2075
3 2076 2075 2074
3 2075 2076 2077
3 2078 2077 2076
3 2077 2078 2079
3 2080 2079 2078
3 2079 2080 2081
3 2082 2081 2080
3 2081 2082 2083
3 2084 2083 2082
3 2083 2084 2085
3 2086 2085 2084
3 2085 2086 2087
3 2088 2087 2086
3 2087 2088 2089
3 2090 2089 2088
3 2089 2090 2091
3 2092 2093 2094
3 2093 2092 2095
3 2096 2095 2092
3 2095 2096 2097
3 2098 2097 2096
3 2097 2098 2099
3 2100 2099 2098
3 2099 2100 2101
3 2102 2101 2100
3 2101 2102 2103
3 2104 2103 2102
3 2103 2104 2105
3 2106 2105 2104
3 2105 2106 2107
3 2108 2107 2106
3 2107 2108 2109
3 2110 2109 2108
3 2109 2110 2111
3 2112 2111 2110
3 2111 2112 2113
3 2114 2115 2116
3 2115 2114 2117
3 2118 2117 2114
3 2117 2118 2119
3 2119 2118 2120
3 2121 2122 2123
3 2122 2121 2124
3 2124 2121 2125
3 2126 2127 2125
3 2127 2126 2128
3 2128 2126 2129
3 2128 2129 2130
3 2130 2129 2131
3 2130 2131 2132
3 2130 2132 2133
3 2133 2132 2134
3 2133 2134 2135
3 2135 2134 2136
3 2135 2136 2137
3 2137 2136 2138
3 2137 2138 2139
3 2139 2138 2140
3 2139 2140 2141
3 2141 2140 2142
3 2141 2142 2143
3 2143 2142 2144
3 2143 2144 2145
3 2145 2144 2146
3 2145 2146 2147
3 2147 2146 2148
3 2147 2148 2149
3 2149 2148 2150
3 2149 2150 2151
3 2151 2150 2152
3 2151 2152 2153
3 2153 2152 2154
3 2153 2154 2155
3 2155 2154 2156
3 2155 2156 2157
3 2157 2156 2158
3 2157 2158 2159
3 2159 2158 2160
3 2159 2160 2161
3 2161 2160 2162
3 2161 2162 2163
3 2163 2162 2164
3 2163 2164 2165
3 2165 2164 2166
3 2165 2166 2167
3 2167 2166 2168
3 2167 2168 2169
3 2169 2168 2170
3 2169 2170 2171
3 2171 2170 2172
3 2124 2173 2174
3 2173 2124 2127
3 2127 2124 2125
3 2175 2176 2177
3 2176 2175 2178
3 2176 2178 2179
3 2179 2178 2180
3 2179 2180 2181
3 2181 2180 2182
3 2181 2182 2183
3 2183 2182 2184
3 2183 2184 2185
3 2185 2184 2186
3 2185 2186 2187
3 2187 2186 2188
3 2187 2188 2189
3 2189 2188 2190
3 2189 2190 2191
3 2191 2190 2192
3 2191 2192 2193
3 2193 2192 2194
3 2193 2194 2195
3 2195 2194 2196
3 2195 2196 2197
3 2197 2196 2198
3 2197 2198 2199
3 2199 2198 2200
3 2199 2200 2201
3 2201 2200 2202
3 2201 2202 2203
3 2203 2202 2204
3 2203 2204 2205
3 2205 2204 2206
3 2205 2206 2207
3 2207 2206 2208
3 2207 2208 2209
3 2209 2208 2210
3 2209 2210 2211
3 2211 2210 2212
3 2211 2212 2213
3 2213 2212 2214
3 2213 2214 2215
3 2215 2214 2216
3 2215 2216 2217
3 2217 2216 2218
3 2217 2218 2219
3 2219 2218 2220
3 2219 2220 2122
3 2219 2122 2124
3 2221 2174 2222
3 2174 2221 2124
3 2223 2124 2221
3 2124 2223 2219
3 2224 2219 2223
3 2219 2224 2217
3 2225 2217 2224
3 2217 2225 2215
3 2226 2215 2225
3 2215 2226 2213
3 2227 2213 2226
3 2213 2227 2211
3 2228 2211 2227
3 2211 2228 2209
3 2229 2209 2228
3 2209 2229 2207
3 2230 2207 2229
3 2207 2230 2205
3 2231 2205 2230
3 2205 2231 2203
3 2232 2203 2231
3 2203 2232 2201
3 2233 2201 2232
3 2201 2233 2199
3 2199 2233 2234
3 2199 2234 2197
3 2235 2197 2234
3 2197 2235 2195
3 2236 2195 2235
3 2195 2236 2193
3 2237 2193 2236
3 2193 2237 2191
3 2238 2191 2237
3 2191 2238 2189
3 2239 2189 2238
3 2189 2239 2187
3 2240 2187 2239
3 2187 2240 2185
3 2241 2185 2240
3 2185 2241 2183
3 2242 2183 2241
3 2183 2242 2181
3 2243 2181 2242
3 2181 2243 2179
3 2244 2179 2243
3 2179 2244 2176
3 2245 2176 2244
3 2176 2245 2177
3 2246 2177 2245
3 2177 2246 2175
3 2247 2175 2246
3 2175 2247 2178
3 2248 2178 2247
3 2178 2248 2180
3 2249 2180 2248
3 2180 2249 2182
3 2250 2182 2249
3 2182 2250 2184
3 2251 2184 2250
3 2184 2251 2186
3 2252 2186 2251
3 2186 2252 2188
3 2253 2188 2252
3 2188 2253 2190
3 2254 2190 2253
3 2190 2254 2192
3 2255 2192 2254
3 2192 2255 2194
3 2256 2194 2255
3 2194 2256 2196
3 2257 2196 2256
3 2196 2257 2198
3 2198 2257 2258
3 2198 2258 2200
3 2259 2200 2258
3 2200 2259 2202
3 2260 2202 2259
3 2202 2260 2204
3 2261 2204 2260
3 2204 2261 2206
3 2262 2206 2261
3 2206 2262 2208
3 2263 2208 2262
3 2208 2263 2210
3 2264 2210 2263
3 2210 2264 2212
3 2265 2212 2264
3 2212 2265 2214
3 2266 2214 2265
3 2214 2266 2216
3 2267 2216 2266
3 2216 2267 2218
3 2218 2267 2268
3 2218 2268 2220
3 2269 2220 2268
3 2220 2269 2122
3 2270 2122 2269
3 2122 2270 2123
3 2270 2121 2123
3 2121 2270 2271
3 2121 2272 2125
3 2272 2121 2271
3 2125 2273 2126
3 2273 2125 2272
3 2129 2274 2131
3 2274 2129 2275
3 2275 2129 2126
3 2275 2126 2273
3 2131 2276 2132
3 2276 2131 2274
3 2132 2277 2134
3 2277 2132 2276
3 2134 2278 2136
3 2278 2134 2277
3 2136 2279 2138
3 2279 2136 2278
3 2138 2280 2140
3 2280 2138 2279
3 2140 2281 2142
3 2281 2140 2280
3 2142 2282 2144
3 2282 2142 2281
3 2144 2283 2146
3 2283 2144 2282
3 2148 2284 2150
3 2284 2148 2285
3 2285 2148 2146
3 2285 2146 2283
3 2150 2286 2152
3 2286 2150 2284
3 2152 2287 2154
3 2287 2152 2286
3 2154 2288 2156
3 2288 2154 2287
3 2156 2289 2158
3 2289 2156 2288
3 2158 2290 2160
3 2290 2158 2289
3 2160 2291 2162
3 2291 2160 2290
3 2162 2292 2164
3 2292 2162 2291
3 2164 2293 2166
3 2293 2164 2292
3 2166 2294 2168
3 2294 2166 2293
3 2168 2295 2170
3 2295 2168 2294
3 2170 2296 2172
3 2296 2170 2295
3 2172 2297 2171
3 2297 2172 2296
3 2171 2298 2169
3 2298 2171 2297
3 2169 2299 2167
3 2299 2169 2298
3 2167 2300 2165
3 2300 2167 2299
3 2165 2301 2163
3 2301 2165 2300
3 2163 2302 2161
3 2302 2163 2301
3 2161 2303 2159
3 2303 2161 2302
3 2159 2304 2157
3 2304 2159 2303
3 2157 2305 2155
3 2305 2157 2304
3 2155 2306 2153
3 2306 2155 2305
3 2153 2307 2151
3 2307 2153 2306
3 2149 2308 2147
3 2308 2149 2309
3 2309 2149 2151
3 2309 2151 2307
3 2147 2310 2145
3 2310 2147 2308
3 2145 2311 2143
3 2311 2145 2310
3 2143 2312 2141
3 2312 2143 2311
3 2141 2313 2139
3 2313 2141 2312
3 2139 2314 2137
3 2314 2139 2313
3 2137 2315 2135
3 2315 2137 2314
3 2135 2316 2133
3 2316 2135 2315
3 2133 2317 2130
3 2317 2133 2316
3 2130 2318 2128
3 2318 2130 2317
3 2128 2319 2127
3 2319 2128 2318
3 2127 2320 2173
3 2320 2127 2319
3 2320 2174 2173
3 2174 2320 2222
3 2329 2330 2331
3 2330 2329 2332
3 2333 2334 2335
3 2334 2333 2336
3 2334 2336 2337
3 2337 2336 2338
3 2337 2338 2339
3 2339 2338 2340
3 2339 2340 2341
3 2341 2340 2342
3 2341 2342 2343
3 2343 2342 2344
3 2344 2342 2345
3 2344 2345 2346
3 2346 2345 2347
3 2346 2347 2348
3 2348 2347 2349
3 2348 2349 2350
3 2350 2349 2351
3 2350 2351 2352
3 2352 2351 2353
3 2352 2353 2354
3 2354 2353 2355
3 2354 2355 2356
3 2357 2332 2329
3 2332 2357 2358
3 2332 2359 2330
3 2359 2332 2360
3 2331 2361 2362
3 2361 2331 2330
3 2362 2363 2364
3 2363 2362 2361
3 2364 2365 2366
3 2365 2364 2363
3 2366 2367 2368
3 2367 2366 2365
3 2368 2369 2370
3 2369 2368 2367
3 2369 2371 2370
3 2371 2369 2372
3 2372 2373 2371
3 2373 2372 2374
3 2374 2375 2373
3 2375 2374 2376
3 2376 2377 2375
3 2377 2376 2378
3 2379 2377 2378
3 2377 2379 2380
3 2381 2380 2379
3 2380 2381 2382
3 2383 2382 2381
3 2382 2383 2384
3 2385 2384 2383
3 2384 2385 2386
3 2387 2386 2385
3 2386 2387 2388
3 2389 2388 2387
3 2388 2389 2390
3 2391 2390 2389
3 2390 2391 2392
3 2393 2392 2391
3 2392 2393 2394
3 2394 2395 2396
3 2395 2394 2393
3 2396 2397 2398
3 2397 2396 2395
3 2398 2399 2400
3 2399 2398 2397
3 2400 2401 2402
3 2401 2400 2399
3 2402 2358 2357
3 2358 2402 2401
3 2358 2360 2332
3 2360 2358 2403
3 2360 2404 2359
3 2404 2360 2405
3 2330 2406 2361
3 2406 2330 2359
3 2361 2407 2363
3 2407 2361 2406
3 2363 2408 2365
3 2408 2363 2407
3 2365 2409 2367
3 2409 2365 2408
3 2367 2410 2369
3 2410 2367 2409
3 2410 2372 2369
3 2372 2410 2411
3 2411 2374 2372
3 2374 2411 2412
3 2412 2376 2374
3 2376 2412 2413
3 2413 2378 2376
3 2378 2413 2414
3 2415 2378 2414
3 2378 2415 2379
3 2416 2379 2415
3 2379 2416 2381
3 2417 2381 2416
3 2381 2417 2383
3 2418 2383 2417
3 2383 2418 2385
3 2419 2385 2418
3 2385 2419 2387
3 2420 2387 2419
3 2387 2420 2389
3 2421 2389 2420
3 2389 2421 2391
3 2422 2391 2421
3 2391 2422 2393
3 2393 2423 2395
3 2423 2393 2422
3 2395 2424 2397
3 2424 2395 2423
3 2397 2425 2399
3 2425 2397 2424
3 2399 2426 2401
3 2426 2399 2425
3 2401 2403 2358
3 2403 2401 2426
3 2403 2405 2360
3 2405 2403 2427
3 2405 2428 2404
3 2428 2405 2429
3 2359 2430 2406
3 2430 2359 2404
3 2406 2431 2407
3 2431 2406 2430
3 2407 2432 2408
3 2432 2407 2431
3 2408 2433 2409
3 2433 2408 2432
3 2409 2434 2410
3 2434 2409 2433
3 2434 2411 2410
3 2411 2434 2435
3 2435 2412 2411
3 2412 2435 2436
3 2436 2413 2412
3 2413 2436 2437
3 2437 2414 2413
3 2414 2437 2438
3 2439 2414 2438
3 2414 2439 2415
3 2440 2415 2439
3 2415 2440 2416
3 2441 2416 2440
3 2416 2441 2417
3 2442 2417 2441
3 2417 2442 2418
3 2443 2418 2442
3 2418 2443 2419
3 2444 2419 2443
3 2419 2444 2420
3 2445 2420 2444
3 2420 2445 2421
3 2446 2421 2445
3 2421 2446 2422
3 2422 2447 2423
3 2447 2422 2446
3 2423 2448 2424
3 2448 2423 2447
3 2424 2449 2425
3 2449 2424 2448
3 2425 2450 2426
3 2450 2425 2449
3 2426 2427 2403
3 2427 2426 2450
3 2427 2429 2405
3 2429 2427 2451
3 2429 2452 2428
3 2452 2429 2453
3 2404 2454 2430
3 2454 2404 2428
3 2430 2455 2431
3 2455 2430 2454
3 2431 2456 2432
3 2456 2431 2455
3 2432 2457 2433
3 2457 2432 2456
3 2433 2458 2434
3 2458 2433 2457
3 2458 2435 2434
3 2435 2458 2459
3 2459 2436 2435
3 2436 2459 2460
3 2460 2437 2436
3 2437 2460 2461
3 2461 2438 2437
3 2438 2461 2462
3 2463 2438 2462
3 2438 2463 2439
3 2464 2439 2463
3 2439 2464 2440
3 2465 2440 2464
3 2440 2465 2441
3 2466 2441 2465
3 2441 2466 2442
3 2467 2442 2466
3 2442 2467 2443
3 2468 2443 2467
3 2443 2468 2444
3 2469 2444 2468
3 2444 2469 2445
3 2470 2445 2469
3 2445 2470 2446
3 2446 2471 2447
3 2471 2446 2470
3 2447 2472 2448
3 2472 2447 2471
3 2448 2473 2449
3 2473 2448 2472
3 2449 2474 2450
3 2474 2449 2473
3 2450 2451 2427
3 2451 2450 2474
3 2451 2453 2429
3 2453 2451 2475
3 2453 2476 2452
3 2476 2453 2477
3 2428 2478 2454
3 2478 2428 2452
3 2454 2479 2455
3 2479 2454 2478
3 2455 2480 2456
3 2480 2455 2479
3 2456 2481 2457
3 2481 2456 2480
3 2457 2482 2458
3 2482 2457 2481
3 2482 2459 2458
3 2459 2482 2483
3 2483 2460 2459
3 2460 2483 2484
3 2484 2461 2460
3 2461 2484 2485
3 2485 2462 2461
3 2462 2485 2486
3 2487 2462 2486
3 2462 2487 2463
3 2488 2463 2487
3 2463 2488 2464
3 2489 2464 2488
3 2464 2489 2465
3 2490 2465 2489
3 2465 2490 2466
3 2491 2466 2490
3 2466 2491 2467
3 2492 2467 2491
3 2467 2492 2468
3 2493 2468 2492
3 2468 2493 2469
3 2494 2469 2493
3 2469 2494 2470
3 2470 2495 2471
3 2495 2470 2494
3 2471 2496 2472
3 2496 2471 2495
3 2472 2497 2473
3 2497 2472 2496
3 2473 2498 2474
3 2498 2473 2497
3 2474 2475 2451
3 2475 2474 2498
3 2475 2477 2453
3 2477 2475 2499
3 2477 2500 2476
3 2500 2477 2501
3 2452 2502 2478
3 2502 2452 2476
3 2478 2503 2479
3 2503 2478 2502
3 2479 2504 2480
3 2504 2479 2503
3 2480 2505 2481
3 2505 2480 2504
3 2481 2506 2482
3 2506 2481 2505
3 2506 2483 2482
3 2483 2506 2507
3 2507 2484 2483
3 2484 2507 2508
3 2508 2485 2484
3 2485 2508 2509
3 2509 2486 2485
3 2486 2509 2510
3 2511 2486 2510
3 2486 2511 2487
3 2512 2487 2511
3 2487 2512 2488
3 2513 2488 2512
3 2488 2513 2489
3 2514 2489 2513
3 2489 2514 2490
3 2515 2490 2514
3 2490 2515 2491
3 2516 2491 2515
3 2491 2516 2492
3 2517 2492 2516
3 2492 2517 2493
3 2518 2493 2517
3 2493 2518 2494
3 2494 2519 2495
3 2519 2494 2518
3 2495 2520 2496
3 2520 2495 2519
3 2496 2521 2497
3 2521 2496 2520
3 2497 2522 2498
3 2522 2497 2521
3 2498 2499 2475
3 2499 2498 2522
3 2499 2501 2477
3 2501 2499 2523
3 2501 2524 2500
3 2524 2501 2525
3 2476 2526 2502
3 2526 2476 2500
3 2502 2527 2503
3 2527 2502 2526
3 2503 2528 2504
3 2528 2503 2527
3 2504 2529 2505
3 2529 2504 2528
3 2505 2530 2506
3 2530 2505 2529
3 2506 2531 2507
3 2531 2506 2530
3 2531 2508 2507
3 2508 2531 2532
3 2532 2509 2508
3 2509 2532 2533
3 2509 2534 2510
3 2534 2509 2533
3 2535 2510 2534
3 2510 2535 2511
3 2536 2511 2535
3 2511 2536 2512
3 2537 2512 2536
3 2512 2537 2513
3 2538 2513 2537
3 2513 2538 2514
3 2539 2514 2538
3 2514 2539 2515
3 2540 2515 2539
3 2515 2540 2516
3 2541 2516 2540
3 2516 2541 2517
3 2542 2517 2541
3 2517 2542 2518
3 2542 2519 2518
3 2519 2542 2543
3 2543 2520 2519
3 2520 2543 2544
3 2520 2545 2521
3 2545 2520 2544
3 2545 2522 2521
3 2522 2545 2546
3 2522 2523 2499
3 2523 2522 2546
3 2523 2525 2501
3 2525 2523 2547
3 2525 2548 2524
3 2548 2525 2549
3 2500 2550 2526
3 2550 2500 2524
3 2526 2551 2527
3 2551 2526 2550
3 2527 2552 2528
3 2552 2527 2551
3 2528 2553 2529
3 2553 2528 2552
3 2529 2554 2530
3 2554 2529 2553
3 2530 2555 2531
3 2555 2530 2554
3 2531 2556 2532
3 2556 2531 2555
3 2532 2557 2533
3 2557 2532 2556
3 2533 2558 2534
3 2558 2533 2557
3 2559 2534 2558
3 2534 2559 2535
3 2560 2535 2559
3 2535 2560 2536
3 2561 2536 2560
3 2536 2561 2537
3 2562 2537 2561
3 2537 2562 2538
3 2563 2538 2562
3 2538 2563 2539
3 2564 2539 2563
3 2539 2564 2540
3 2565 2540 2564
3 2540 2565 2541
3 2566 2541 2565
3 2541 2566 2542
3 2566 2543 2542
3 2543 2566 2567
3 2567 2544 2543
3 2544 2567 2568
3 2568 2545 2544
3 2545 2568 2569
3 2569 2546 2545
3 2546 2569 2570
3 2546 2547 2523
3 2547 2546 2570
3 2547 2549 2525
3 2549 2547 2571
3 2549 2572 2548
3 2572 2549 2573
3 2524 2574 2550
3 2574 2524 2548
3 2550 2575 2551
3 2575 2550 2574
3 2551 2576 2552
3 2576 2551 2575
3 2552 2577 2553
3 2577 2552 2576
3 2553 2578 2554
3 2578 2553 2577
3 2554 2579 2555
3 2579 2554 2578
3 2555 2580 2556
3 2580 2555 2579
3 2556 2581 2557
3 2581 2556 2580
3 2557 2582 2558
3 2582 2557 2581
3 2583 2558 2582
3 2558 2583 2559
3 2584 2559 2583
3 2559 2584 2560
3 2585 2560 2584
3 2560 2585 2561
3 2586 2561 2585
3 2561 2586 2562
3 2587 2562 2586
3 2562 2587 2563
3 2588 2563 2587
3 2563 2588 2564
3 2589 2564 2588
3 2564 2589 2565
3 2590 2565 2589
3 2565 2590 2566
3 2590 2567 2566
3 2567 2590 2591
3 2591 2568 2567
3 2568 2591 2592
3 2592 2569 2568
3 2569 2592 2593
3 2593 2570 2569
3 2570 2593 2594
3 2570 2571 2547
3 2571 2570 2594
3 2571 2573 2549
3 2573 2571 2595
3 2573 2596 2572
3 2596 2573 2597
3 2548 2598 2574
3 2598 2548 2572
3 2574 2599 2575
3 2599 2574 2598
3 2575 2600 2576
3 2600 2575 2599
3 2576 2601 2577
3 2601 2576 2600
3 2577 2602 2578
3 2602 2577 2601
3 2578 2603 2579
3 2603 2578 2602
3 2579 2604 2580
3 2604 2579 2603
3 2580 2605 2581
3 2605 2580 2604
3 2581 2606 2582
3 2606 2581 2605
3 2607 2582 2606
3 2582 2607 2583
3 2608 2583 2607
3 2583 2608 2584
3 2609 2584 2608
3 2584 2609 2585
3 2610 2585 2609
3 2585 2610 2586
3 2611 2586 2610
3 2586 2611 2587
3 2612 2587 2611
3 2587 2612 2588
3 2613 2588 2612
3 2588 2613 2589
3 2614 2589 2613
3 2589 2614 2590
3 2614 2591 2590
3 2591 2614 2615
3 2615 2592 2591
3 2592 2615 2616
3 2616 2593 2592
3 2593 2616 2617
3 2617 2594 2593
3 2594 2617 2618
3 2594 2595 2571
3 2595 2594 2618
3 2595 2597 2573
3 2597 2595 2619
3 2597 2620 2596
3 2620 2597 2621
3 2572 2622 2598
3 2622 2572 2596
3 2598 2623 2599
3 2623 2598 2622
3 2599 2624 2600
3 2624 2599 2623
3 2600 2625 2601
3 2625 2600 2624
3 2601 2626 2602
3 2626 2601 2625
3 2602 2627 2603
3 2627 2602 2626
3 2603 2628 2604
3 2628 2603 2627
3 2604 2629 2605
3 2629 2604 2628
3 2605 2630 2606
3 2630 2605 2629
3 2631 2606 2630
3 2606 2631 2607
3 2632 2607 2631
3 2607 2632 2608
3 2633 2608 2632
3 2608 2633 2609
3 2634 2609 2633
3 2609 2634 2610
3 2635 2610 2634
3 2610 2635 2611
3 2636 2611 2635
3 2611 2636 2612
3 2637 2612 2636
3 2612 2637 2613
3 2638 2613 2637
3 2613 2638 2614
3 2638 2615 2614
3 2615 2638 2639
3 2639 2616 2615
3 2616 2639 2640
3 2640 2617 2616
3 2617 2640 2641
3 2641 2618 2617
3 2618 2641 2642
3 2618 2619 2595
3 2619 2618 2642
3 2619 2621 2597
3 2621 2619 2643
3 2644 2645 2646
3 2645 2644 2647
3 2645 2647 2648
3 2648 2647 2649
3 2648 2649 2650
3 2650 2649 2651
3 2650 2651 2652
3 2652 2651 2653
3 2652 2653 2654
3 2654 2653 2655
3 2654 2655 2656
3 2656 2655 2657
3 2656 2657 2658
3 2658 2657 2659
3 2658 2659 2660
3 2660 2659 2661
3 2660 2661 2662
3 2662 2661 2663
3 2662 2663 2664
3 2664 2663 2665
3 2664 2665 2666
3 2666 2665 2667
3 2596 2668 2622
3 2668 2596 2620
3 2622 2669 2623
3 2669 2622 2668
3 2623 2670 2624
3 2670 2623 2669
3 2624 2671 2625
3 2671 2624 2670
3 2625 2672 2626
3 2672 2625 2671
3 2626 2673 2627
3 2673 2626 2672
3 2627 2674 2628
3 2674 2627 2673
3 2628 2675 2629
3 2675 2628 2674
3 2629 2676 2630
3 2676 2629 2675
3 2677 2630 2676
3 2630 2677 2631
3 2678 2631 2677
3 2631 2678 2632
3 2679 2632 2678
3 2632 2679 2633
3 2680 2633 2679
3 2633 2680 2634
3 2681 2634 2680
3 2634 2681 2635
3 2682 2635 2681
3 2635 2682 2636
3 2683 2636 2682
3 2636 2683 2637
3 2684 2637 2683
3 2637 2684 2638
3 2684 2639 2638
3 2639 2684 2685
3 2685 2640 2639
3 2640 2685 2686
3 2686 2641 2640
3 2641 2686 2687
3 2687 2642 2641
3 2642 2687 2688
3 2642 2643 2619
3 2643 2642 2688
3 2702 2703 2704
3 2703 2702 2705
3 2706 2707 2708
3 2707 2706 2709
3 2707 2709 2710
3 2710 2709 2711
3 2710 2711 2712
3 2712 2711 2713
3 2712 2713 2714
3 2714 2713 2715
3 2714 2715 2716
3 2716 2715 2717
3 2717 2715 2718
3 2717 2718 2719
3 2719 2718 2720
3 2719 2720 2721
3 2721 2720 2722
3 2721 2722 2723
3 2723 2722 2724
3 2723 2724 2725
3 2725 2724 2726
3 2725 2726 2727
3 2727 2726 2728
3 2727 2728 2729
3 2730 2705 2702
3 2705 2730 2731
3 2705 2732 2703
3 2732 2705 2733
3 2704 2734 2735
3 2734 2704 2703
3 2735 2736 2737
3 2736 2735 2734
3 2737 2738 2739
3 2738 2737 2736
3 2739 2740 2741
3 2740 2739 2738
3 2741 2742 2743
3 2742 2741 2740
3 2742 2744 2743
3 2744 2742 2745
3 2745 2746 2744
3 2746 2745 2747
3 2747 2748 2746
3 2748 2747 2749
3 2749 2750 2748
3 2750 2749 2751
3 2752 2750 2751
3 2750 2752 2753
3 2754 2753 2752
3 2753 2754 2755
3 2756 2755 2754
3 2755 2756 2757
3 2758 2757 2756
3 2757 2758 2759
3 2760 2759 2758
3 2759 2760 2761
3 2762 2761 2760
3 2761 2762 2763
3 2764 2763 2762
3 2763 2764 2765
3 2766 2765 2764
3 2765 2766 2767
3 2767 2768 2769
3 2768 2767 2766
3 2769 2770 2771
3 2770 2769 2768
3 2771 2772 2773
3 2772 2771 2770
3 2773 2774 2775
3 2774 2773 2772
3 2775 2731 2730
3 2731 2775 2774
3 2731 2733 2705
3 2733 2731 2776
3 2733 2777 2732
3 2777 2733 2778
3 2703 2779 2734
3 2779 2703 2732
3 2734 2780 2736
3 2780 2734 2779
3 2736 2781 2738
3 2781 2736 2780
3 2738 2782 2740
3 2782 2738 2781
3 2740 2783 2742
3 2783 2740 2782
3 2783 2745 2742
3 2745 2783 2784
3 2784 2747 2745
3 2747 2784 2785
3 2785 2749 2747
3 2749 2785 2786
3 2786 2751 2749
3 2751 2786 2787
3 2788 2751 2787
3 2751 2788 2752
3 2789 2752 2788
3 2752 2789 2754
3 2790 2754 2789
3 2754 2790 2756
3 2791 2756 2790
3 2756 2791 2758
3 2792 2758 2791
3 2758 2792 2760
3 2793 2760 2792
3 2760 2793 2762
3 2794 2762 2793
3 2762 2794 2764
3 2795 2764 2794
3 2764 2795 2766
3 2766 2796 2768
3 2796 2766 2795
3 2768 2797 2770
3 2797 2768 2796
3 2770 2798 2772
3 2798 2770 2797
3 2772 2799 2774
3 2799 2772 2798
3 2774 2776 2731
3 2776 2774 2799
3 2776 2778 2733
3 2778 2776 2800
3 2778 2801 2777
3 2801 2778 2802
3 2732 2803 2779
3 2803 2732 2777
3 2779 2804 2780
3 2804 2779 2803
3 2780 2805 2781
3 2805 2780 2804
3 2781 2806 2782
3 2806 2781 2805
3 2782 2807 2783
3 2807 2782 2806
3 2807 2784 2783
3 2784 2807 2808
3 2808 2785 2784
3 2785 2808 2809
3 2809 2786 2785
3 2786 2809 2810
3 2810 2787 2786
3 2787 2810 2811
3 2812 2787 2811
3 2787 2812 2788
3 2813 2788 2812
3 2788 2813 2789
3 2814 2789 2813
3 2789 2814 2790
3 2815 2790 2814
3 2790 2815 2791
3 2816 2791 2815
3 2791 2816 2792
3 2817 2792 2816
3 2792 2817 2793
3 2818 2793 2817
3 2793 2818 2794
3 2819 2794 2818
3 2794 2819 2795
3 2795 2820 2796
3 2820 2795 2819
3 2796 2821 2797
3 2821 2796 2820
3 2797 2822 2798
3 2822 2797 2821
3 2798 2823 2799
3 2823 2798 2822
3 2799 2800 2776
3 2800 2799 2823
3 2800 2802 2778
3 2802 2800 2824
3 2802 2825 2801
3 2825 2802 2826
3 2777 2827 2803
3 2827 2777 2801
3 2803 2828 2804
3 2828 2803 2827
3 2804 2829 2805
3 2829 2804 2828
3 2805 2830 2806
3 2830 2805 2829
3 2806 2831 2807
3 2831 2806 2830
3 2831 2808 2807
3 2808 2831 2832
3 2832 2809 2808
3 2809 2832 2833
3 2833 2810 2809
3 2810 2833 2834
3 2834 2811 2810
3 2811 2834 2835
3 2836 2811 2835
3 2811 2836 2812
3 2837 2812 2836
3 2812 2837 2813
3 2838 2813 2837
3 2813 2838 2814
3 2839 2814 2838
3 2814 2839 2815
3 2840 2815 2839
3 2815 2840 2816
3 2841 2816 2840
3 2816 2841 2817
3 2842 2817 2841
3 2817 2842 2818
3 2843 2818 2842
3 2818 2843 2819
3 2819 2844 2820
3 2844 2819 2843
3 2820 2845 2821
3 2845 2820 2844
3 2821 2846 2822
3 2846 2821 2845
3 2822 2847 2823
3 2847 2822 2846
3 2823 2824 2800
3 2824 2823 2847
3 2824 2826 2802
3 2826 2824 2848
3 2826 2849 2825
3 2849 2826 2850
3 2801 2851 2827
3 2851 2801 2825
3 2827 2852 2828
3 2852 2827 2851
3 2828 2853 2829
3 2853 2828 2852
3 2829 2854 2830
3 2854 2829 2853
3 2830 2855 2831
3 2855 2830 2854
3 2855 2832 2831
3 2832 2855 2856
3 2856 2833 2832
3 2833 2856 2857
3 2857 2834 2833
3 2834 2857 2858
3 2858 2835 2834
3 2835 2858 2859
3 2860 2835 2859
3 2835 2860 2836
3 2861 2836 2860
3 2836 2861 2837
3 2862 2837 2861
3 2837 2862 2838
3 2863 2838 2862
3 2838 2863 2839
3 2864 2839 2863
3 2839 2864 2840
3 2865 2840 2864
3 2840 2865 2841
3 2866 2841 2865
3 2841 2866 2842
3 2867 2842 2866
3 2842 2867 2843
3 2843 2868 2844
3 2868 2843 2867
3 2844 2869 2845
3 2869 2844 2868
3 2845 2870 2846
3 2870 2845 2869
3 2846 2871 2847
3 2871 2846 2870
3 2847 2848 2824
3 2848 2847 2871
3 2848 2850 2826
3 2850 2848 2872
3 2850 2873 2849
3 2873 2850 2874
3 2825 2875 2851
3 2875 2825 2849
3 2851 2876 2852
3 2876 2851 2875
3 2852 2877 2853
3 2877 2852 2876
3 2853 2878 2854
3 2878 2853 2877
3 2854 2879 2855
3 2879 2854 2878
3 2879 2856 2855
3 2856 2879 2880
3 2880 2857 2856
3 2857 2880 2881
3 2881 2858 2857
3 2858 2881 2882
3 2882 2859 2858
3 2859 2882 2883
3 2884 2859 2883
3 2859 2884 2860
3 2885 2860 2884
3 2860 2885 2861
3 2886 2861 2885
3 2861 2886 2862
3 2887 2862 2886
3 2862 2887 2863
3 2888 2863 2887
3 2863 2888 2864
3 2889 2864 2888
3 2864 2889 2865
3 2890 2865 2889
3 2865 2890 2866
3 2891 2866 2890
3 2866 2891 2867
3 2867 2892 2868
3 2892 2867 2891
3 2868 2893 2869
3 2893 2868 2892
3 2869 2894 2870
3 2894 2869 2893
3 2870 2895 2871
3 2895 2870 2894
3 2871 2872 2848
3 2872 2871 2895
3 2872 2874 2850
3 2874 2872 2896
3 2874 2897 2873
3 2897 2874 2898
3 2849 2899 2875
3 2899 2849 2873
3 2875 2900 2876
3 2900 2875 2899
3 2876 2901 2877
3 2901 2876 2900
3 2877 2902 2878
3 2902 2877 2901
3 2878 2903 2879
3 2903 2878 2902
3 2879 2904 2880
3 2904 2879 2903
3 2904 2881 2880
3 2881 2904 2905
3 2905 2882 2881
3 2882 2905 2906
3 2882 2907 2883
3 2907 2882 2906
3 2908 2883 2907
3 2883 2908 2884
3 2909 2884 2908
3 2884 2909 2885
3 2910 2885 2909
3 2885 2910 2886
3 2911 2886 2910
3 2886 2911 2887
3 2912 2887 2911
3 2887 2912 2888
3 2913 2888 2912
3 2888 2913 2889
3 2914 2889 2913
3 2889 2914 2890
3 2915 2890 2914
3 2890 2915 2891
3 2915 2892 2891
3 2892 2915 2916
3 2916 2893 2892
3 2893 2916 2917
3 2893 2918 2894
3 2918 2893 2917
3 2918 2895 2894
3 2895 2918 2919
3 2895 2896 2872
3 2896 2895 2919
3 2896 2898 2874
3 2898 2896 2920
3 2898 2921 2897
3 2921 2898 2922
3 2873 2923 2899
3 2923 2873 2897
3 2899 2924 2900
3 2924 2899 2923
3 2900 2925 2901
3 2925 2900 2924
3 2901 2926 2902
3 2926 2901 2925
3 2902 2927 2903
3 2927 2902 2926
3 2903 2928 2904
3 2928 2903 2927
3 2904 2929 2905
3 2929 2904 2928
3 2905 2930 2906
3 2930 2905 2929
3 2906 2931 2907
3 2931 2906 2930
3 2932 2907 2931
3 2907 2932 2908
3 2933 2908 2932
3 2908 2933 2909
3 2934 2909 2933
3 2909 2934 2910
3 2935 2910 2934
3 2910 2935 2911
3 2936 2911 2935
3 2911 2936 2912
3 2937 2912 2936
3 2912 2937 2913
3 2938 2913 2937
3 2913 2938 2914
3 2939 2914 2938
3 2914 2939 2915
3 2939 2916 2915
3 2916 2939 2940
3 2940 2917 2916
3 2917 2940 2941
3 2941 2918 2917
3 2918 2941 2942
3 2942 2919 2918
3 2919 2942 2943
3 2919 2920 2896
3 2920 2919 2943
3 2920 2922 2898
3 2922 2920 2944
3 2922 2945 2921
3 2945 2922 2946
3 2897 2947 2923
3 2947 2897 2921
3 2923 2948 2924
3 2948 2923 2947
3 2924 2949 2925
3 2949 2924 2948
3 2925 2950 2926
3 2950 2925 2949
3 2926 2951 2927
3 2951 2926 2950
3 2927 2952 2928
3 2952 2927 2951
3 2928 2953 2929
3 2953 2928 2952
3 2929 2954 2930
3 2954 2929 2953
3 2930 2955 2931
3 2955 2930 2954
3 2956 2931 2955
3 2931 2956 2932
3 2957 2932 2956
3 2932 2957 2933
3 2958 2933 2957
3 2933 2958 2934
3 2959 2934 2958
3 2934 2959 2935
3 2960 2935 2959
3 2935 2960 2936
3 2961 2936 2960
3 2936 2961 2937
3 2962 2937 2961
3 2937 2962 2938
3 2963 2938 2962
3 2938 2963 2939
3 2963 2940 2939
3 2940 2963 2964
3 2964 2941 2940
3 2941 2964 2965
3 2965 2942 2941
3 2942 2965 2966
3 2966 2943 2942
3 2943 2966 2967
3 2943 2944 2920
3 2944 2943 2967
3 2944 2946 2922
3 2946 2944 2968
3 2946 2969 2945
3 2969 2946 2970
3 2921 2971 2947
3 2971 2921 2945
3 2947 2972 2948
3 2972 2947 2971
3 2948 2973 2949
3 2973 2948 2972
3 2949 2974 2950
3 2974 2949 2973
3 2950 2975 2951
3 2975 2950 2974
3 2951 2976 2952
3 2976 2951 2975
3 2952 2977 2953
3 2977 2952 2976
3 2953 2978 2954
3 2978 2953 2977
3 2954 2979 2955
3 2979 2954 2978
3 2980 2955 2979
3 2955 2980 2956
3 2981 2956 2980
3 2956 2981 2957
3 2982 2957 2981
3 2957 2982 2958
3 2983 2958 2982
3 2958 2983 2959
3 2984 2959 2983
3 2959 2984 2960
3 2985 2960 2984
3 2960 2985 2961
3 2986 2961 2985
3 2961 2986 2962
3 2987 2962 2986
3 2962 2987 2963
3 2987 2964 2963
3 2964 2987 2988
3 2988 2965 2964
3 2965 2988 2989
3 2989 2966 2965
3 2966 2989 2990
3 2990 2967 2966
3 2967 2990 2991
3 2967 2968 2944
3 2968 2967 2991
3 2968 2970 2946
3 2970 2968 2992
3 2970 2993 2969
3 2993 2970 2994
3 2945 2995 2971
3 2995 2945 2969
3 2971 2996 2972
3 2996 2971 2995
3 2972 2997 2973
3 2997 2972 2996
3 2973 2998 2974
3 2998 2973 2997
3 2974 2999 2975
3 2999 2974 2998
3 2975 3000 2976
3 3000 2975 2999
3 2976 3001 2977
3 3001 2976 3000
3 2977 3002 2978
3 3002 2977 3001
3 2978 3003 2979
3 3003 2978 3002
3 3004 2979 3003
3 2979 3004 2980
3 3005 2980 3004
3 2980 3005 2981
3 3006 2981 3005
3 2981 3006 2982
3 3007 2982 3006
3 2982 3007 2983
3 3008 2983 3007
3 2983 3008 2984
3 3009 2984 3008
3 2984 3009 2985
3 3010 2985 3009
3 2985 3010 2986
3 3011 2986 3010
3 2986 3011 2987
3 3011 2988 2987
3 2988 3011 3012
3 3012 2989 2988
3 2989 3012 3013
3 3013 2990 2989
3 2990 3013 3014
3 3014 2991 2990
3 2991 3014 3015
3 2991 2992 2968
3 2992 2991 3015
3 2992 2994 2970
3 2994 2992 3016
3 3017 3018 3019
3 3018 3017 3020
3 3018 3020 3021
3 3021 3020 3022
3 3021 3022 3023
3 3023 3022 3024
3 3023 3024 3025
3 3025 3024 3026
3 3025 3026 3027
3 3027 3026 3028
3 3027 3028 3029
3 3029 3028 3030
3 3029 3030 3031
3 3031 3030 3032
3 3031 3032 3033
3 3033 3032 3034
3 3033 3034 3035
3 3035 3034 3036
3 3035 3036 3037
3 3037 3036 3038
3 3037 3038 3039
3 3039 3038 3040
3 2969 3041 2995
3 3041 2969 2993
3 2995 3042 2996
3 3042 2995 3041
3 2996 3043 2997
3 3043 2996 3042
3 2997 3044 2998
3 3044 2997 3043
3 2998 3045 2999
3 3045 2998 3044
3 2999 3046 3000
3 3046 2999 3045
3 3000 3047 3001
3 3047 3000 3046
3 3001 3048 3002
3 3048 3001 3047
3 3002 3049 3003
3 3049 3002 3048
3 3050 3003 3049
3 3003 3050 3004
3 3051 3004 3050
3 3004 3051 3005
3 3052 3005 3051
3 3005 3052 3006
3 3053 3006 3052
3 3006 3053 3007
3 3054 3007 3053
3 3007 3054 3008
3 3055 3008 3054
3 3008 3055 3009
3 3056 3009 3055
3 3009 3056 3010
3 3057 3010 3056
3 3010 3057 3011
3 3057 3012 3011
3 3012 3057 3058
3 3058 3013 3012
3 3013 3058 3059
3 3059 3014 3013
3 3014 3059 3060
3 3060 3015 3014
3 3015 3060 3061
3 3015 3016 2992
3 3016 3015 3061
